#
# A fatal error has been detected by the Java Runtime Environment:
#
#  SIGSEGV (0xb) at pc=0x0000000000500f78, pid=73192, tid=136872
#
# JRE version: OpenJDK Runtime Environment (11.0.27+6) (build 11.0.27+6-post-Ubuntu-0ubuntu122.04)
# Java VM: OpenJDK 64-Bit Server VM (11.0.27+6-post-Ubuntu-0ubuntu122.04, mixed mode, sharing, tiered, compressed oops, g1 gc, linux-amd64)
# Problematic frame:
# C  [python+0x100f78]  PyObject_RichCompare+0x28
#
# No core dump will be written. Core dumps have been disabled. To enable core dumping, try "ulimit -c unlimited" before starting Java again
#
# If you would like to submit a bug report, please visit:
#   https://bugs.launchpad.net/ubuntu/+source/openjdk-lts
# The crash happened outside the Java Virtual Machine in native code.
# See problematic frame for where to report the bug.
#

---------------  S U M M A R Y ------------

Command Line: -Dfile.encoding=UTF8 -ea -Xmx1024m 

Host: Intel(R) Xeon(R) Platinum 8370C CPU @ 2.80GHz, 4 cores, 31G, Ubuntu 22.04.5 LTS
Time: Fri Jan 23 07:44:43 2026 UTC elapsed time: 13627.483848 seconds (0d 3h 47m 7s)

---------------  T H R E A D  ---------------

Current thread (0x0000752774001000):  JavaThread "SIGTERM handler" daemon [_thread_in_native, id=136872, stack(0x0000752791afd000,0x0000752791bfd000)]

Stack: [0x0000752791afd000,0x0000752791bfd000],  sp=0x0000752791bfb640,  free space=1017k
Native frames: (J=compiled Java code, A=aot compiled Java code, j=interpreted, Vv=VM code, C=native code)
C  [python+0x100f78]  PyObject_RichCompare+0x28

Java frames: (J=compiled Java code, j=interpreted, Vv=VM code)
j  org.jpype.JPypeSignal.interruptPy(I)V+0
j  org.jpype.JPypeSignal.lambda$getSignalHandler$0(ILjava/lang/Object;Ljava/lang/reflect/Method;[Ljava/lang/Object;)Ljava/lang/Object;+7
j  org.jpype.JPypeSignal$$Lambda$11.invoke(Ljava/lang/Object;Ljava/lang/reflect/Method;[Ljava/lang/Object;)Ljava/lang/Object;+7
j  com.sun.proxy.$Proxy2.handle(Lsun/misc/Signal;)V+16
j  sun.misc.Signal$InternalMiscHandler.handle(Ljdk/internal/misc/Signal;)V+8 jdk.unsupported@11.0.27
j  jdk.internal.misc.Signal$1.run()V+8 java.base@11.0.27
j  java.lang.Thread.run()V+11 java.base@11.0.27
v  ~StubRoutines::call_stub

siginfo: si_signo: 11 (SIGSEGV), si_code: 1 (SEGV_MAPERR), si_addr: 0x0000000000000020

Register to memory mapping:

RAX=0x000000000000000e is an unknown value
RBX=0x00007527ec9000f0 points into unknown readable memory: 0x0000000000002b44 | 44 2b 00 00 00 00 00 00
RCX=0x0000000000000003 is an unknown value
RDX=0x0000000000000002 is an unknown value
RSP=0x0000752791bfb640 is pointing into the stack for thread: 0x0000752774001000
RBP=0x000000000000000f is an unknown value
RSI=0x00007527ec9000f0 points into unknown readable memory: 0x0000000000002b44 | 44 2b 00 00 00 00 00 00
RDI=0x00007527ec9000d0 points into unknown readable memory: 0x000000000000358f | 8f 35 00 00 00 00 00 00
R8 ={method} {0x00007527a0e24028} 'interruptPy' '(I)V' in 'org/jpype/JPypeSignal'
R9 =0x0000000000000004 is an unknown value
R10=0x00007527a320f9e1 is at code_begin+897 in an Interpreter codelet
method entry point (kind = native)  [0x00007527a320f660, 0x00007527a320ffe0]  2432 bytes
R11=0x00000000c025f3a0 points into unknown readable memory: 0x0000005fdef03a01 | 01 3a f0 de 5f 00 00 00
R12=0x0 is NULL
R13={method} {0x00007527a0e24028} 'interruptPy' '(I)V' in 'org/jpype/JPypeSignal'
R14=0x0000752791bfb740 is pointing into the stack for thread: 0x0000752774001000
R15=0x0000752774001000 is a thread


Registers:
RAX=0x000000000000000e, RBX=0x00007527ec9000f0, RCX=0x0000000000000003, RDX=0x0000000000000002
RSP=0x0000752791bfb640, RBP=0x000000000000000f, RSI=0x00007527ec9000f0, RDI=0x00007527ec9000d0
R8 =0x00007527a0e24028, R9 =0x0000000000000004, R10=0x00007527a320f9e1, R11=0x00000000c025f3a0
R12=0x0000000000000000, R13=0x00007527a0e24028, R14=0x0000752791bfb740, R15=0x0000752774001000
RIP=0x0000000000500f78, EFLAGS=0x0000000000010206, CSGSFS=0x002b000000000033, ERR=0x0000000000000004
  TRAPNO=0x000000000000000e

Top of Stack: (sp=0x0000752791bfb640)
0x0000752791bfb640:   0000752774001000 0000752791bfb680
0x0000752791bfb650:   00007527a0e24028 000000000000000f
0x0000752791bfb660:   00007527ec9000d0 00007527a0e24028
0x0000752791bfb670:   0000752791bfb740 0000000000500ee1 

Instructions: (pc=0x0000000000500f78)
0x0000000000500e78:   c1 0f 84 a4 fd ff ff 4c 8b 91 58 01 00 00 4d 85
0x0000000000500e88:   d2 0f 84 6b 16 f3 ff 49 8b 7a 10 45 31 c9 4c 39
0x0000000000500e98:   cf 0f 8e 84 fd ff ff 4f 39 44 ca 18 0f 84 17 fe
0x0000000000500ea8:   ff ff 49 ff c1 eb e7 48 8b 15 7a 48 24 00 48 ff
0x0000000000500eb8:   c2 e9 39 ff ff ff 41 83 cc ff e9 b4 fe ff ff e9
0x0000000000500ec8:   62 16 f3 ff 0f 1f 40 00 41 54 55 48 83 ec 08 48
0x0000000000500ed8:   39 f7 74 3c e8 6f 00 00 00 48 89 c5 48 85 c0 74
0x0000000000500ee8:   4f 48 81 78 08 00 17 75 00 0f 85 cf 16 f3 ff 45
0x0000000000500ef8:   31 e4 48 3d e0 16 75 00 41 0f 94 c4 48 ff 08 74
0x0000000000500f08:   35 48 83 c4 08 44 89 e0 5d 41 5c c3 0f 1f 40 00
0x0000000000500f18:   83 fa 02 75 11 41 bc 01 00 00 00 48 83 c4 08 44
0x0000000000500f28:   89 e0 5d 41 5c c3 83 fa 03 75 a9 45 31 e4 eb d1
0x0000000000500f38:   41 83 cc ff eb cb e9 98 16 f3 ff 66 66 2e 0f 1f
0x0000000000500f48:   84 00 00 00 00 00 66 90 41 56 41 55 41 54 55 53
0x0000000000500f58:   48 83 ec 10 4c 8b 25 95 0b 25 00 48 85 ff 0f 84
0x0000000000500f68:   c4 16 f3 ff 48 89 f3 48 85 f6 0f 84 b8 16 f3 ff
0x0000000000500f78:   41 8b 44 24 20 4c 63 ea 49 8b 54 24 10 48 89 fd
0x0000000000500f88:   ff c0 41 89 44 24 20 3b 42 40 0f 8f 28 03 00 00
0x0000000000500f98:   4c 8b 4e 08 4c 8b 47 08 4d 39 c8 0f 85 47 03 00
0x0000000000500fa8:   00 49 8b 80 c8 00 00 00 48 85 c0 0f 84 62 16 f3
0x0000000000500fb8:   ff 45 31 f6 48 3d 20 9e 50 00 0f 85 d8 00 00 00
0x0000000000500fc8:   41 f6 80 ab 00 00 00 01 0f 84 9a 03 00 00 48 8b
0x0000000000500fd8:   73 08 f6 86 ab 00 00 00 01 0f 84 89 03 00 00 48
0x0000000000500fe8:   39 dd 0f 84 e0 00 00 00 4c 8b 55 10 4d 89 d3 4c
0x0000000000500ff8:   2b 5b 10 0f 85 8f 01 00 00 4d 89 d1 49 f7 d9 4d
0x0000000000501008:   0f 48 ca 4d 85 d2 0f 84 7c 02 00 00 42 8b 44 8d
0x0000000000501018:   14 42 2b 44 8b 14 0f 84 cc 00 00 00 4d 85 d2 0f
0x0000000000501028:   88 83 02 00 00 45 89 ed 4c 63 d8 42 ff 24 ed 88
0x0000000000501038:   9c 64 00 4d 8b 99 c8 00 00 00 4d 85 db 0f 84 25
0x0000000000501048:   16 f3 ff 49 63 d5 48 89 ee 48 89 df 8b 14 95 40
0x0000000000501058:   57 74 00 41 ff d3 48 3d 30 57 74 00 75 51 48 ff
0x0000000000501068:   0d c3 46 24 00 0f 84 e9 15 f3 ff 4c 8b 45 08 41 


Stack slot to memory mapping:
stack at sp + 0 slots: 0x0000752774001000 is a thread
stack at sp + 1 slots: 0x0000752791bfb680 is pointing into the stack for thread: 0x0000752774001000
stack at sp + 2 slots: {method} {0x00007527a0e24028} 'interruptPy' '(I)V' in 'org/jpype/JPypeSignal'
stack at sp + 3 slots: 0x000000000000000f is an unknown value
stack at sp + 4 slots: 0x00007527ec9000d0 points into unknown readable memory: 0x000000000000358f | 8f 35 00 00 00 00 00 00
stack at sp + 5 slots: {method} {0x00007527a0e24028} 'interruptPy' '(I)V' in 'org/jpype/JPypeSignal'
stack at sp + 6 slots: 0x0000752791bfb740 is pointing into the stack for thread: 0x0000752774001000
stack at sp + 7 slots: 0x0000000000500ee1: PyObject_RichCompareBool+0x0000000000000011 in /anaconda/envs/jupyter_env/bin/python at 0x0000000000400000


---------------  P R O C E S S  ---------------

Threads class SMR info:
_java_thread_list=0x00007527740020b0, length=11, elements={
0x000000003ab38000, 0x000000003b663800, 0x000000003b66d800, 0x000000003b674000,
0x000000003b676000, 0x000000003b678000, 0x000000003b67a000, 0x000000003b67c000,
0x000000003b6dc800, 0x000000003b7ac000, 0x0000752774001000
}

Java Threads: ( => current thread )
  0x000000003ab38000 JavaThread "main" [_thread_in_native, id=73192, stack(0x00007ffc81405000,0x00007ffc81505000)]
  0x000000003b663800 JavaThread "Reference Handler" daemon [_thread_blocked, id=76152, stack(0x00007527a0900000,0x00007527a0a00000)]
  0x000000003b66d800 JavaThread "Finalizer" daemon [_thread_blocked, id=76153, stack(0x00007527a0800000,0x00007527a0900000)]
  0x000000003b674000 JavaThread "Signal Dispatcher" daemon [_thread_blocked, id=76154, stack(0x00007527a0700000,0x00007527a0800000)]
  0x000000003b676000 JavaThread "Service Thread" daemon [_thread_blocked, id=76155, stack(0x00007527a0600000,0x00007527a0700000)]
  0x000000003b678000 JavaThread "C2 CompilerThread0" daemon [_thread_blocked, id=76156, stack(0x00007527a0500000,0x00007527a0600000)]
  0x000000003b67a000 JavaThread "C1 CompilerThread0" daemon [_thread_blocked, id=76157, stack(0x00007527a0400000,0x00007527a0500000)]
  0x000000003b67c000 JavaThread "Sweeper thread" daemon [_thread_blocked, id=76158, stack(0x00007527a0300000,0x00007527a0400000)]
  0x000000003b6dc800 JavaThread "Common-Cleaner" daemon [_thread_blocked, id=76160, stack(0x00007527a00ff000,0x00007527a01ff000)]
  0x000000003b7ac000 JavaThread "Python Reference Queue" daemon [_thread_blocked, id=76161, stack(0x0000752791f00000,0x0000752792000000)]
=>0x0000752774001000 JavaThread "SIGTERM handler" daemon [_thread_in_native, id=136872, stack(0x0000752791afd000,0x0000752791bfd000)]

Other Threads:
  0x000000003b661000 VMThread "VM Thread" [stack: 0x00007527bab00000,0x00007527bac00000] [id=76151]
  0x000000003b6da800 WatcherThread [stack: 0x00007527a0200000,0x00007527a0300000] [id=76159]
  0x000000003ab4e000 GCTaskThread "GC Thread#0" [stack: 0x00007527c0a4a000,0x00007527c0b4a000] [id=76146]
  0x0000752788001800 GCTaskThread "GC Thread#1" [stack: 0x0000752791e00000,0x0000752791f00000] [id=76165]
  0x0000752788003000 GCTaskThread "GC Thread#2" [stack: 0x0000752791cff000,0x0000752791dff000] [id=76166]
  0x0000752788004800 GCTaskThread "GC Thread#3" [stack: 0x0000752791bfe000,0x0000752791cfe000] [id=76167]
  0x000000003af67800 ConcurrentGCThread "G1 Main Marker" [stack: 0x00007527c0300000,0x00007527c0400000] [id=76147]
  0x000000003af68000 ConcurrentGCThread "G1 Conc#0" [stack: 0x00007527c01ff000,0x00007527c02ff000] [id=76148]
  0x000000003b4f6000 ConcurrentGCThread "G1 Refine#0" [stack: 0x00007527c00fe000,0x00007527c01fe000] [id=76149]
  0x000075278c003000 ConcurrentGCThread "G1 Refine#1" [stack: 0x00007527919fd000,0x0000752791afd000] [id=76173]
  0x0000752744001000 ConcurrentGCThread "G1 Refine#2" [stack: 0x00007527918fc000,0x00007527919fc000] [id=76189]
  0x000000003b4f7800 ConcurrentGCThread "G1 Young RemSet Sampling" [stack: 0x00007527bbf00000,0x00007527bc000000] [id=76150]

Threads with active compile tasks:

VM state:not at safepoint (normal execution)

VM Mutex/Monitor currently owned by a thread: None

Heap address: 0x00000000c0000000, size: 1024 MB, Compressed Oops mode: 32-bit
Narrow klass base: 0x0000000800000000, Narrow klass shift: 3
Compressed class space size: 1073741824 Address: 0x0000000840000000

Heap:
 garbage-first heap   total 270336K, used 192169K [0x00000000c0000000, 0x0000000100000000)
  region size 1024K, 112 young (114688K), 1 survivors (1024K)
 Metaspace       used 11748K, capacity 13429K, committed 13568K, reserved 1060864K
  class space    used 1822K, capacity 2209K, committed 2304K, reserved 1048576K
Heap Regions: E=young(eden), S=young(survivor), O=old, HS=humongous(starts), HC=humongous(continues), CS=collection set, F=free, A=archive, TAMS=top-at-mark-start (previous, next)
|   0|0x00000000c0000000, 0x00000000c00fffe8, 0x00000000c0100000| 99%| O|  |TAMS 0x00000000c0000000, 0x00000000c0000000| Untracked 
|   1|0x00000000c0100000, 0x00000000c0200000, 0x00000000c0200000|100%| O|  |TAMS 0x00000000c0100000, 0x00000000c0100000| Untracked 
|   2|0x00000000c0200000, 0x00000000c0300000, 0x00000000c0300000|100%| O|  |TAMS 0x00000000c0200000, 0x00000000c0200000| Untracked 
|   3|0x00000000c0300000, 0x00000000c03ffff0, 0x00000000c0400000| 99%| O|  |TAMS 0x00000000c0300000, 0x00000000c0300000| Untracked 
|   4|0x00000000c0400000, 0x00000000c0500000, 0x00000000c0500000|100%| O|  |TAMS 0x00000000c0400000, 0x00000000c0400000| Untracked 
|   5|0x00000000c0500000, 0x00000000c0600000, 0x00000000c0600000|100%|HS|  |TAMS 0x00000000c0500000, 0x00000000c0500000| Untracked 
|   6|0x00000000c0600000, 0x00000000c0700000, 0x00000000c0700000|100%|HS|  |TAMS 0x00000000c0600000, 0x00000000c0600000| Untracked 
|   7|0x00000000c0700000, 0x00000000c0800000, 0x00000000c0800000|100%|HS|  |TAMS 0x00000000c0700000, 0x00000000c0700000| Untracked 
|   8|0x00000000c0800000, 0x00000000c0900000, 0x00000000c0900000|100%|HC|  |TAMS 0x00000000c0800000, 0x00000000c0800000| Untracked 
|   9|0x00000000c0900000, 0x00000000c09ffff8, 0x00000000c0a00000| 99%| O|  |TAMS 0x00000000c0900000, 0x00000000c0900000| Untracked 
|  10|0x00000000c0a00000, 0x00000000c0affff0, 0x00000000c0b00000| 99%| O|  |TAMS 0x00000000c0a00000, 0x00000000c0a00000| Untracked 
|  11|0x00000000c0b00000, 0x00000000c0bffff0, 0x00000000c0c00000| 99%| O|  |TAMS 0x00000000c0b00000, 0x00000000c0b00000| Untracked 
|  12|0x00000000c0c00000, 0x00000000c0cffff0, 0x00000000c0d00000| 99%| O|  |TAMS 0x00000000c0c00000, 0x00000000c0c00000| Untracked 
|  13|0x00000000c0d00000, 0x00000000c0dffff8, 0x00000000c0e00000| 99%| O|  |TAMS 0x00000000c0d00000, 0x00000000c0d00000| Untracked 
|  14|0x00000000c0e00000, 0x00000000c0effff8, 0x00000000c0f00000| 99%| O|  |TAMS 0x00000000c0e00000, 0x00000000c0e00000| Untracked 
|  15|0x00000000c0f00000, 0x00000000c1000000, 0x00000000c1000000|100%|HS|  |TAMS 0x00000000c0f00000, 0x00000000c0f00000| Untracked 
|  16|0x00000000c1000000, 0x00000000c1100000, 0x00000000c1100000|100%|HC|  |TAMS 0x00000000c1000000, 0x00000000c1000000| Untracked 
|  17|0x00000000c1100000, 0x00000000c11ffff8, 0x00000000c1200000| 99%| O|  |TAMS 0x00000000c1100000, 0x00000000c1100000| Untracked 
|  18|0x00000000c1200000, 0x00000000c12ffff0, 0x00000000c1300000| 99%| O|  |TAMS 0x00000000c1200000, 0x00000000c1200000| Untracked 
|  19|0x00000000c1300000, 0x00000000c13ffff0, 0x00000000c1400000| 99%| O|  |TAMS 0x00000000c1300000, 0x00000000c1300000| Untracked 
|  20|0x00000000c1400000, 0x00000000c14ffff0, 0x00000000c1500000| 99%| O|  |TAMS 0x00000000c1400000, 0x00000000c1400000| Untracked 
|  21|0x00000000c1500000, 0x00000000c1600000, 0x00000000c1600000|100%|HS|  |TAMS 0x00000000c1500000, 0x00000000c1500000| Untracked 
|  22|0x00000000c1600000, 0x00000000c1700000, 0x00000000c1700000|100%|HC|  |TAMS 0x00000000c1600000, 0x00000000c1600000| Untracked 
|  23|0x00000000c1700000, 0x00000000c1800000, 0x00000000c1800000|100%|HS|  |TAMS 0x00000000c1700000, 0x00000000c1700000| Untracked 
|  24|0x00000000c1800000, 0x00000000c1900000, 0x00000000c1900000|100%|HC|  |TAMS 0x00000000c1800000, 0x00000000c1800000| Untracked 
|  25|0x00000000c1900000, 0x00000000c19ffff8, 0x00000000c1a00000| 99%| O|  |TAMS 0x00000000c1900000, 0x00000000c1900000| Untracked 
|  26|0x00000000c1a00000, 0x00000000c1affff8, 0x00000000c1b00000| 99%| O|  |TAMS 0x00000000c1a00000, 0x00000000c1a00000| Untracked 
|  27|0x00000000c1b00000, 0x00000000c1c00000, 0x00000000c1c00000|100%|HS|  |TAMS 0x00000000c1b00000, 0x00000000c1b00000| Untracked 
|  28|0x00000000c1c00000, 0x00000000c1d00000, 0x00000000c1d00000|100%|HC|  |TAMS 0x00000000c1c00000, 0x00000000c1c00000| Untracked 
|  29|0x00000000c1d00000, 0x00000000c1e00000, 0x00000000c1e00000|100%|HS|  |TAMS 0x00000000c1d00000, 0x00000000c1d00000| Untracked 
|  30|0x00000000c1e00000, 0x00000000c1f00000, 0x00000000c1f00000|100%|HC|  |TAMS 0x00000000c1e00000, 0x00000000c1e00000| Untracked 
|  31|0x00000000c1f00000, 0x00000000c2000000, 0x00000000c2000000|100%|HS|  |TAMS 0x00000000c1f00000, 0x00000000c1f00000| Untracked 
|  32|0x00000000c2000000, 0x00000000c20ffff8, 0x00000000c2100000| 99%| O|  |TAMS 0x00000000c2000000, 0x00000000c2000000| Untracked 
|  33|0x00000000c2100000, 0x00000000c21ffff8, 0x00000000c2200000| 99%| O|  |TAMS 0x00000000c2100000, 0x00000000c2100000| Untracked 
|  34|0x00000000c2200000, 0x00000000c2300000, 0x00000000c2300000|100%| O|  |TAMS 0x00000000c2200000, 0x00000000c2200000| Untracked 
|  35|0x00000000c2300000, 0x00000000c2400000, 0x00000000c2400000|100%| O|  |TAMS 0x00000000c2300000, 0x00000000c2300000| Untracked 
|  36|0x00000000c2400000, 0x00000000c24ffff8, 0x00000000c2500000| 99%| O|  |TAMS 0x00000000c2400000, 0x00000000c2400000| Untracked 
|  37|0x00000000c2500000, 0x00000000c25ffff0, 0x00000000c2600000| 99%| O|  |TAMS 0x00000000c2500000, 0x00000000c2500000| Untracked 
|  38|0x00000000c2600000, 0x00000000c26ffff0, 0x00000000c2700000| 99%| O|  |TAMS 0x00000000c2600000, 0x00000000c2600000| Untracked 
|  39|0x00000000c2700000, 0x00000000c27ffff0, 0x00000000c2800000| 99%| O|  |TAMS 0x00000000c2700000, 0x00000000c2700000| Untracked 
|  40|0x00000000c2800000, 0x00000000c28fffe8, 0x00000000c2900000| 99%| O|  |TAMS 0x00000000c2800000, 0x00000000c2800000| Untracked 
|  41|0x00000000c2900000, 0x00000000c2a00000, 0x00000000c2a00000|100%| O|  |TAMS 0x00000000c2900000, 0x00000000c2900000| Untracked 
|  42|0x00000000c2a00000, 0x00000000c2affff0, 0x00000000c2b00000| 99%| O|  |TAMS 0x00000000c2a00000, 0x00000000c2a00000| Untracked 
|  43|0x00000000c2b00000, 0x00000000c2bffff8, 0x00000000c2c00000| 99%| O|  |TAMS 0x00000000c2b00000, 0x00000000c2b00000| Untracked 
|  44|0x00000000c2c00000, 0x00000000c2cffff0, 0x00000000c2d00000| 99%| O|  |TAMS 0x00000000c2c00000, 0x00000000c2c00000| Untracked 
|  45|0x00000000c2d00000, 0x00000000c2dffdd0, 0x00000000c2e00000| 99%| O|  |TAMS 0x00000000c2d00000, 0x00000000c2d00000| Untracked 
|  46|0x00000000c2e00000, 0x00000000c2f00000, 0x00000000c2f00000|100%| O|  |TAMS 0x00000000c2e00000, 0x00000000c2e00000| Untracked 
|  47|0x00000000c2f00000, 0x00000000c3000000, 0x00000000c3000000|100%| O|  |TAMS 0x00000000c2f00000, 0x00000000c2f00000| Untracked 
|  48|0x00000000c3000000, 0x00000000c30ffff0, 0x00000000c3100000| 99%| O|  |TAMS 0x00000000c3000000, 0x00000000c3000000| Untracked 
|  49|0x00000000c3100000, 0x00000000c31ffff8, 0x00000000c3200000| 99%| O|  |TAMS 0x00000000c3100000, 0x00000000c3100000| Untracked 
|  50|0x00000000c3200000, 0x00000000c32ffff0, 0x00000000c3300000| 99%| O|  |TAMS 0x00000000c3200000, 0x00000000c3200000| Untracked 
|  51|0x00000000c3300000, 0x00000000c3400000, 0x00000000c3400000|100%| O|  |TAMS 0x00000000c3300000, 0x00000000c3300000| Untracked 
|  52|0x00000000c3400000, 0x00000000c3500000, 0x00000000c3500000|100%| O|  |TAMS 0x00000000c3400000, 0x00000000c3400000| Untracked 
|  53|0x00000000c3500000, 0x00000000c3600000, 0x00000000c3600000|100%| O|  |TAMS 0x00000000c3500000, 0x00000000c3500000| Untracked 
|  54|0x00000000c3600000, 0x00000000c3700000, 0x00000000c3700000|100%| O|  |TAMS 0x00000000c3600000, 0x00000000c3600000| Untracked 
|  55|0x00000000c3700000, 0x00000000c3800000, 0x00000000c3800000|100%| O|  |TAMS 0x00000000c3700000, 0x00000000c3700000| Untracked 
|  56|0x00000000c3800000, 0x00000000c3900000, 0x00000000c3900000|100%| O|  |TAMS 0x00000000c3800000, 0x00000000c3800000| Untracked 
|  57|0x00000000c3900000, 0x00000000c39ffff8, 0x00000000c3a00000| 99%| O|  |TAMS 0x00000000c3900000, 0x00000000c3900000| Untracked 
|  58|0x00000000c3a00000, 0x00000000c3b00000, 0x00000000c3b00000|100%| O|  |TAMS 0x00000000c3a00000, 0x00000000c3a00000| Untracked 
|  59|0x00000000c3b00000, 0x00000000c3bffff8, 0x00000000c3c00000| 99%| O|  |TAMS 0x00000000c3b00000, 0x00000000c3b00000| Untracked 
|  60|0x00000000c3c00000, 0x00000000c3cffff0, 0x00000000c3d00000| 99%| O|  |TAMS 0x00000000c3c00000, 0x00000000c3c00000| Untracked 
|  61|0x00000000c3d00000, 0x00000000c3e00000, 0x00000000c3e00000|100%| O|  |TAMS 0x00000000c3d00000, 0x00000000c3d00000| Untracked 
|  62|0x00000000c3e00000, 0x00000000c3efffe8, 0x00000000c3f00000| 99%| O|  |TAMS 0x00000000c3e00000, 0x00000000c3e00000| Untracked 
|  63|0x00000000c3f00000, 0x00000000c4000000, 0x00000000c4000000|100%| O|  |TAMS 0x00000000c3f00000, 0x00000000c3f00000| Untracked 
|  64|0x00000000c4000000, 0x00000000c4100000, 0x00000000c4100000|100%| O|  |TAMS 0x00000000c4000000, 0x00000000c4000000| Untracked 
|  65|0x00000000c4100000, 0x00000000c41ffff0, 0x00000000c4200000| 99%| O|  |TAMS 0x00000000c4100000, 0x00000000c4100000| Untracked 
|  66|0x00000000c4200000, 0x00000000c42ffff8, 0x00000000c4300000| 99%| O|  |TAMS 0x00000000c4200000, 0x00000000c4200000| Untracked 
|  67|0x00000000c4300000, 0x00000000c4400000, 0x00000000c4400000|100%| O|  |TAMS 0x00000000c4300000, 0x00000000c4300000| Untracked 
|  68|0x00000000c4400000, 0x00000000c4500000, 0x00000000c4500000|100%| O|  |TAMS 0x00000000c4400000, 0x00000000c4400000| Untracked 
|  69|0x00000000c4500000, 0x00000000c45ffff0, 0x00000000c4600000| 99%| O|  |TAMS 0x00000000c4500000, 0x00000000c4500000| Untracked 
|  70|0x00000000c4600000, 0x00000000c4700000, 0x00000000c4700000|100%| O|  |TAMS 0x00000000c4600000, 0x00000000c4600000| Untracked 
|  71|0x00000000c4700000, 0x00000000c4800000, 0x00000000c4800000|100%| O|  |TAMS 0x00000000c4700000, 0x00000000c4700000| Untracked 
|  72|0x00000000c4800000, 0x00000000c48ffff8, 0x00000000c4900000| 99%| O|  |TAMS 0x00000000c4800000, 0x00000000c4800000| Untracked 
|  73|0x00000000c4900000, 0x00000000c49fffd0, 0x00000000c4a00000| 99%| O|  |TAMS 0x00000000c4900000, 0x00000000c4900000| Untracked 
|  74|0x00000000c4a00000, 0x00000000c4affff8, 0x00000000c4b00000| 99%| O|  |TAMS 0x00000000c4a00000, 0x00000000c4a00000| Untracked 
|  75|0x00000000c4b00000, 0x00000000c4c00000, 0x00000000c4c00000|100%| O|  |TAMS 0x00000000c4b00000, 0x00000000c4b00000| Untracked 
|  76|0x00000000c4c00000, 0x00000000c4cdb828, 0x00000000c4d00000| 85%| O|  |TAMS 0x00000000c4c00000, 0x00000000c4c00000| Untracked 
|  77|0x00000000c4d00000, 0x00000000c4d00000, 0x00000000c4e00000|  0%| F|  |TAMS 0x00000000c4d00000, 0x00000000c4d00000| Untracked 
|  78|0x00000000c4e00000, 0x00000000c4e00000, 0x00000000c4f00000|  0%| F|  |TAMS 0x00000000c4e00000, 0x00000000c4e00000| Untracked 
|  79|0x00000000c4f00000, 0x00000000c4f00000, 0x00000000c5000000|  0%| F|  |TAMS 0x00000000c4f00000, 0x00000000c4f00000| Untracked 
|  80|0x00000000c5000000, 0x00000000c5000000, 0x00000000c5100000|  0%| F|  |TAMS 0x00000000c5000000, 0x00000000c5000000| Untracked 
|  81|0x00000000c5100000, 0x00000000c5100000, 0x00000000c5200000|  0%| F|  |TAMS 0x00000000c5100000, 0x00000000c5100000| Untracked 
|  82|0x00000000c5200000, 0x00000000c5200000, 0x00000000c5300000|  0%| F|  |TAMS 0x00000000c5200000, 0x00000000c5200000| Untracked 
|  83|0x00000000c5300000, 0x00000000c5300000, 0x00000000c5400000|  0%| F|  |TAMS 0x00000000c5300000, 0x00000000c5300000| Untracked 
|  84|0x00000000c5400000, 0x00000000c5400000, 0x00000000c5500000|  0%| F|  |TAMS 0x00000000c5400000, 0x00000000c5400000| Untracked 
|  85|0x00000000c5500000, 0x00000000c5500000, 0x00000000c5600000|  0%| F|  |TAMS 0x00000000c5500000, 0x00000000c5500000| Untracked 
|  86|0x00000000c5600000, 0x00000000c5600000, 0x00000000c5700000|  0%| F|  |TAMS 0x00000000c5600000, 0x00000000c5600000| Untracked 
|  87|0x00000000c5700000, 0x00000000c5700000, 0x00000000c5800000|  0%| F|  |TAMS 0x00000000c5700000, 0x00000000c5700000| Untracked 
|  88|0x00000000c5800000, 0x00000000c5800000, 0x00000000c5900000|  0%| F|  |TAMS 0x00000000c5800000, 0x00000000c5800000| Untracked 
|  89|0x00000000c5900000, 0x00000000c5900000, 0x00000000c5a00000|  0%| F|  |TAMS 0x00000000c5900000, 0x00000000c5900000| Untracked 
|  90|0x00000000c5a00000, 0x00000000c5a00000, 0x00000000c5b00000|  0%| F|  |TAMS 0x00000000c5a00000, 0x00000000c5a00000| Untracked 
|  91|0x00000000c5b00000, 0x00000000c5b00000, 0x00000000c5c00000|  0%| F|  |TAMS 0x00000000c5b00000, 0x00000000c5b00000| Untracked 
|  92|0x00000000c5c00000, 0x00000000c5c00000, 0x00000000c5d00000|  0%| F|  |TAMS 0x00000000c5c00000, 0x00000000c5c00000| Untracked 
|  93|0x00000000c5d00000, 0x00000000c5d00000, 0x00000000c5e00000|  0%| F|  |TAMS 0x00000000c5d00000, 0x00000000c5d00000| Untracked 
|  94|0x00000000c5e00000, 0x00000000c5e00000, 0x00000000c5f00000|  0%| F|  |TAMS 0x00000000c5e00000, 0x00000000c5e00000| Untracked 
|  95|0x00000000c5f00000, 0x00000000c5f00000, 0x00000000c6000000|  0%| F|  |TAMS 0x00000000c5f00000, 0x00000000c5f00000| Untracked 
|  96|0x00000000c6000000, 0x00000000c6000000, 0x00000000c6100000|  0%| F|  |TAMS 0x00000000c6000000, 0x00000000c6000000| Untracked 
|  97|0x00000000c6100000, 0x00000000c6100000, 0x00000000c6200000|  0%| F|  |TAMS 0x00000000c6100000, 0x00000000c6100000| Untracked 
|  98|0x00000000c6200000, 0x00000000c6200000, 0x00000000c6300000|  0%| F|  |TAMS 0x00000000c6200000, 0x00000000c6200000| Untracked 
|  99|0x00000000c6300000, 0x00000000c6300000, 0x00000000c6400000|  0%| F|  |TAMS 0x00000000c6300000, 0x00000000c6300000| Untracked 
| 100|0x00000000c6400000, 0x00000000c6400000, 0x00000000c6500000|  0%| F|  |TAMS 0x00000000c6400000, 0x00000000c6400000| Untracked 
| 101|0x00000000c6500000, 0x00000000c6500000, 0x00000000c6600000|  0%| F|  |TAMS 0x00000000c6500000, 0x00000000c6500000| Untracked 
| 102|0x00000000c6600000, 0x00000000c6600000, 0x00000000c6700000|  0%| F|  |TAMS 0x00000000c6600000, 0x00000000c6600000| Untracked 
| 103|0x00000000c6700000, 0x00000000c6700000, 0x00000000c6800000|  0%| F|  |TAMS 0x00000000c6700000, 0x00000000c6700000| Untracked 
| 104|0x00000000c6800000, 0x00000000c6800000, 0x00000000c6900000|  0%| F|  |TAMS 0x00000000c6800000, 0x00000000c6800000| Untracked 
| 105|0x00000000c6900000, 0x00000000c6900000, 0x00000000c6a00000|  0%| F|  |TAMS 0x00000000c6900000, 0x00000000c6900000| Untracked 
| 106|0x00000000c6a00000, 0x00000000c6a00000, 0x00000000c6b00000|  0%| F|  |TAMS 0x00000000c6a00000, 0x00000000c6a00000| Untracked 
| 107|0x00000000c6b00000, 0x00000000c6b00000, 0x00000000c6c00000|  0%| F|  |TAMS 0x00000000c6b00000, 0x00000000c6b00000| Untracked 
| 108|0x00000000c6c00000, 0x00000000c6c00000, 0x00000000c6d00000|  0%| F|  |TAMS 0x00000000c6c00000, 0x00000000c6c00000| Untracked 
| 109|0x00000000c6d00000, 0x00000000c6d00000, 0x00000000c6e00000|  0%| F|  |TAMS 0x00000000c6d00000, 0x00000000c6d00000| Untracked 
| 110|0x00000000c6e00000, 0x00000000c6e00000, 0x00000000c6f00000|  0%| F|  |TAMS 0x00000000c6e00000, 0x00000000c6e00000| Untracked 
| 111|0x00000000c6f00000, 0x00000000c6f00000, 0x00000000c7000000|  0%| F|  |TAMS 0x00000000c6f00000, 0x00000000c6f00000| Untracked 
| 112|0x00000000c7000000, 0x00000000c7000000, 0x00000000c7100000|  0%| F|  |TAMS 0x00000000c7000000, 0x00000000c7000000| Untracked 
| 113|0x00000000c7100000, 0x00000000c7100000, 0x00000000c7200000|  0%| F|  |TAMS 0x00000000c7100000, 0x00000000c7100000| Untracked 
| 114|0x00000000c7200000, 0x00000000c7200000, 0x00000000c7300000|  0%| F|  |TAMS 0x00000000c7200000, 0x00000000c7200000| Untracked 
| 115|0x00000000c7300000, 0x00000000c7300000, 0x00000000c7400000|  0%| F|  |TAMS 0x00000000c7300000, 0x00000000c7300000| Untracked 
| 116|0x00000000c7400000, 0x00000000c7400000, 0x00000000c7500000|  0%| F|  |TAMS 0x00000000c7400000, 0x00000000c7400000| Untracked 
| 117|0x00000000c7500000, 0x00000000c7500000, 0x00000000c7600000|  0%| F|  |TAMS 0x00000000c7500000, 0x00000000c7500000| Untracked 
| 118|0x00000000c7600000, 0x00000000c7600000, 0x00000000c7700000|  0%| F|  |TAMS 0x00000000c7600000, 0x00000000c7600000| Untracked 
| 119|0x00000000c7700000, 0x00000000c7700000, 0x00000000c7800000|  0%| F|  |TAMS 0x00000000c7700000, 0x00000000c7700000| Untracked 
| 120|0x00000000c7800000, 0x00000000c7800000, 0x00000000c7900000|  0%| F|  |TAMS 0x00000000c7800000, 0x00000000c7800000| Untracked 
| 121|0x00000000c7900000, 0x00000000c7900000, 0x00000000c7a00000|  0%| F|  |TAMS 0x00000000c7900000, 0x00000000c7900000| Untracked 
| 122|0x00000000c7a00000, 0x00000000c7a00000, 0x00000000c7b00000|  0%| F|  |TAMS 0x00000000c7a00000, 0x00000000c7a00000| Untracked 
| 123|0x00000000c7b00000, 0x00000000c7b00000, 0x00000000c7c00000|  0%| F|  |TAMS 0x00000000c7b00000, 0x00000000c7b00000| Untracked 
| 124|0x00000000c7c00000, 0x00000000c7c00000, 0x00000000c7d00000|  0%| F|  |TAMS 0x00000000c7c00000, 0x00000000c7c00000| Untracked 
| 125|0x00000000c7d00000, 0x00000000c7d00000, 0x00000000c7e00000|  0%| F|  |TAMS 0x00000000c7d00000, 0x00000000c7d00000| Untracked 
| 126|0x00000000c7e00000, 0x00000000c7e00000, 0x00000000c7f00000|  0%| F|  |TAMS 0x00000000c7e00000, 0x00000000c7e00000| Untracked 
| 127|0x00000000c7f00000, 0x00000000c7f1b0f0, 0x00000000c8000000| 10%| S|CS|TAMS 0x00000000c7f00000, 0x00000000c7f00000| Complete 
| 128|0x00000000c8000000, 0x00000000c8000000, 0x00000000c8100000|  0%| F|  |TAMS 0x00000000c8000000, 0x00000000c8000000| Untracked 
| 129|0x00000000c8100000, 0x00000000c8100000, 0x00000000c8200000|  0%| F|  |TAMS 0x00000000c8100000, 0x00000000c8100000| Untracked 
| 130|0x00000000c8200000, 0x00000000c8200000, 0x00000000c8300000|  0%| F|  |TAMS 0x00000000c8200000, 0x00000000c8200000| Untracked 
| 131|0x00000000c8300000, 0x00000000c8300000, 0x00000000c8400000|  0%| F|  |TAMS 0x00000000c8300000, 0x00000000c8300000| Untracked 
| 132|0x00000000c8400000, 0x00000000c8400000, 0x00000000c8500000|  0%| F|  |TAMS 0x00000000c8400000, 0x00000000c8400000| Untracked 
| 133|0x00000000c8500000, 0x00000000c8500000, 0x00000000c8600000|  0%| F|  |TAMS 0x00000000c8500000, 0x00000000c8500000| Untracked 
| 134|0x00000000c8600000, 0x00000000c8600000, 0x00000000c8700000|  0%| F|  |TAMS 0x00000000c8600000, 0x00000000c8600000| Untracked 
| 135|0x00000000c8700000, 0x00000000c8700000, 0x00000000c8800000|  0%| F|  |TAMS 0x00000000c8700000, 0x00000000c8700000| Untracked 
| 136|0x00000000c8800000, 0x00000000c8800000, 0x00000000c8900000|  0%| F|  |TAMS 0x00000000c8800000, 0x00000000c8800000| Untracked 
| 137|0x00000000c8900000, 0x00000000c8900000, 0x00000000c8a00000|  0%| F|  |TAMS 0x00000000c8900000, 0x00000000c8900000| Untracked 
| 138|0x00000000c8a00000, 0x00000000c8a00000, 0x00000000c8b00000|  0%| F|  |TAMS 0x00000000c8a00000, 0x00000000c8a00000| Untracked 
| 139|0x00000000c8b00000, 0x00000000c8b00000, 0x00000000c8c00000|  0%| F|  |TAMS 0x00000000c8b00000, 0x00000000c8b00000| Untracked 
| 140|0x00000000c8c00000, 0x00000000c8c00000, 0x00000000c8d00000|  0%| F|  |TAMS 0x00000000c8c00000, 0x00000000c8c00000| Untracked 
| 141|0x00000000c8d00000, 0x00000000c8d00000, 0x00000000c8e00000|  0%| F|  |TAMS 0x00000000c8d00000, 0x00000000c8d00000| Untracked 
| 142|0x00000000c8e00000, 0x00000000c8e00000, 0x00000000c8f00000|  0%| F|  |TAMS 0x00000000c8e00000, 0x00000000c8e00000| Untracked 
| 143|0x00000000c8f00000, 0x00000000c8f00000, 0x00000000c9000000|  0%| F|  |TAMS 0x00000000c8f00000, 0x00000000c8f00000| Untracked 
| 144|0x00000000c9000000, 0x00000000c9000000, 0x00000000c9100000|  0%| F|  |TAMS 0x00000000c9000000, 0x00000000c9000000| Untracked 
| 145|0x00000000c9100000, 0x00000000c9100000, 0x00000000c9200000|  0%| F|  |TAMS 0x00000000c9100000, 0x00000000c9100000| Untracked 
| 146|0x00000000c9200000, 0x00000000c9200000, 0x00000000c9300000|  0%| F|  |TAMS 0x00000000c9200000, 0x00000000c9200000| Untracked 
| 147|0x00000000c9300000, 0x00000000c9300000, 0x00000000c9400000|  0%| F|  |TAMS 0x00000000c9300000, 0x00000000c9300000| Untracked 
| 148|0x00000000c9400000, 0x00000000c9400000, 0x00000000c9500000|  0%| F|  |TAMS 0x00000000c9400000, 0x00000000c9400000| Untracked 
| 149|0x00000000c9500000, 0x00000000c9500000, 0x00000000c9600000|  0%| F|  |TAMS 0x00000000c9500000, 0x00000000c9500000| Untracked 
| 150|0x00000000c9600000, 0x00000000c9600000, 0x00000000c9700000|  0%| F|  |TAMS 0x00000000c9600000, 0x00000000c9600000| Untracked 
| 151|0x00000000c9700000, 0x00000000c9700800, 0x00000000c9800000|  0%| E|  |TAMS 0x00000000c9700000, 0x00000000c9700000| Complete 
| 152|0x00000000c9800000, 0x00000000c9900000, 0x00000000c9900000|100%| E|CS|TAMS 0x00000000c9800000, 0x00000000c9800000| Complete 
| 153|0x00000000c9900000, 0x00000000c9a00000, 0x00000000c9a00000|100%| E|CS|TAMS 0x00000000c9900000, 0x00000000c9900000| Complete 
| 154|0x00000000c9a00000, 0x00000000c9b00000, 0x00000000c9b00000|100%| E|CS|TAMS 0x00000000c9a00000, 0x00000000c9a00000| Complete 
| 155|0x00000000c9b00000, 0x00000000c9c00000, 0x00000000c9c00000|100%| E|CS|TAMS 0x00000000c9b00000, 0x00000000c9b00000| Complete 
| 156|0x00000000c9c00000, 0x00000000c9d00000, 0x00000000c9d00000|100%| E|CS|TAMS 0x00000000c9c00000, 0x00000000c9c00000| Complete 
| 157|0x00000000c9d00000, 0x00000000c9e00000, 0x00000000c9e00000|100%| E|CS|TAMS 0x00000000c9d00000, 0x00000000c9d00000| Complete 
| 158|0x00000000c9e00000, 0x00000000c9f00000, 0x00000000c9f00000|100%| E|CS|TAMS 0x00000000c9e00000, 0x00000000c9e00000| Complete 
| 159|0x00000000c9f00000, 0x00000000ca000000, 0x00000000ca000000|100%| E|CS|TAMS 0x00000000c9f00000, 0x00000000c9f00000| Complete 
| 160|0x00000000ca000000, 0x00000000ca100000, 0x00000000ca100000|100%| E|CS|TAMS 0x00000000ca000000, 0x00000000ca000000| Complete 
| 161|0x00000000ca100000, 0x00000000ca200000, 0x00000000ca200000|100%| E|CS|TAMS 0x00000000ca100000, 0x00000000ca100000| Complete 
| 162|0x00000000ca200000, 0x00000000ca300000, 0x00000000ca300000|100%| E|CS|TAMS 0x00000000ca200000, 0x00000000ca200000| Complete 
| 163|0x00000000ca300000, 0x00000000ca400000, 0x00000000ca400000|100%| E|CS|TAMS 0x00000000ca300000, 0x00000000ca300000| Complete 
| 164|0x00000000ca400000, 0x00000000ca500000, 0x00000000ca500000|100%| E|CS|TAMS 0x00000000ca400000, 0x00000000ca400000| Complete 
| 165|0x00000000ca500000, 0x00000000ca600000, 0x00000000ca600000|100%| E|CS|TAMS 0x00000000ca500000, 0x00000000ca500000| Complete 
| 166|0x00000000ca600000, 0x00000000ca700000, 0x00000000ca700000|100%| E|CS|TAMS 0x00000000ca600000, 0x00000000ca600000| Complete 
| 167|0x00000000ca700000, 0x00000000ca800000, 0x00000000ca800000|100%| E|CS|TAMS 0x00000000ca700000, 0x00000000ca700000| Complete 
| 168|0x00000000ca800000, 0x00000000ca900000, 0x00000000ca900000|100%| E|CS|TAMS 0x00000000ca800000, 0x00000000ca800000| Complete 
| 169|0x00000000ca900000, 0x00000000caa00000, 0x00000000caa00000|100%| E|CS|TAMS 0x00000000ca900000, 0x00000000ca900000| Complete 
| 170|0x00000000caa00000, 0x00000000cab00000, 0x00000000cab00000|100%| E|CS|TAMS 0x00000000caa00000, 0x00000000caa00000| Complete 
| 171|0x00000000cab00000, 0x00000000cac00000, 0x00000000cac00000|100%| E|CS|TAMS 0x00000000cab00000, 0x00000000cab00000| Complete 
| 172|0x00000000cac00000, 0x00000000cad00000, 0x00000000cad00000|100%| E|CS|TAMS 0x00000000cac00000, 0x00000000cac00000| Complete 
| 173|0x00000000cad00000, 0x00000000cae00000, 0x00000000cae00000|100%| E|CS|TAMS 0x00000000cad00000, 0x00000000cad00000| Complete 
| 174|0x00000000cae00000, 0x00000000caf00000, 0x00000000caf00000|100%| E|CS|TAMS 0x00000000cae00000, 0x00000000cae00000| Complete 
| 175|0x00000000caf00000, 0x00000000cb000000, 0x00000000cb000000|100%| E|CS|TAMS 0x00000000caf00000, 0x00000000caf00000| Complete 
| 176|0x00000000cb000000, 0x00000000cb100000, 0x00000000cb100000|100%| E|CS|TAMS 0x00000000cb000000, 0x00000000cb000000| Complete 
| 177|0x00000000cb100000, 0x00000000cb200000, 0x00000000cb200000|100%| E|CS|TAMS 0x00000000cb100000, 0x00000000cb100000| Complete 
| 178|0x00000000cb200000, 0x00000000cb300000, 0x00000000cb300000|100%| E|CS|TAMS 0x00000000cb200000, 0x00000000cb200000| Complete 
| 179|0x00000000cb300000, 0x00000000cb400000, 0x00000000cb400000|100%| E|CS|TAMS 0x00000000cb300000, 0x00000000cb300000| Complete 
| 180|0x00000000cb400000, 0x00000000cb500000, 0x00000000cb500000|100%| E|CS|TAMS 0x00000000cb400000, 0x00000000cb400000| Complete 
| 181|0x00000000cb500000, 0x00000000cb600000, 0x00000000cb600000|100%| E|CS|TAMS 0x00000000cb500000, 0x00000000cb500000| Complete 
| 182|0x00000000cb600000, 0x00000000cb700000, 0x00000000cb700000|100%| E|CS|TAMS 0x00000000cb600000, 0x00000000cb600000| Complete 
| 183|0x00000000cb700000, 0x00000000cb800000, 0x00000000cb800000|100%| E|CS|TAMS 0x00000000cb700000, 0x00000000cb700000| Complete 
| 184|0x00000000cb800000, 0x00000000cb900000, 0x00000000cb900000|100%| E|CS|TAMS 0x00000000cb800000, 0x00000000cb800000| Complete 
| 185|0x00000000cb900000, 0x00000000cba00000, 0x00000000cba00000|100%| E|CS|TAMS 0x00000000cb900000, 0x00000000cb900000| Complete 
| 186|0x00000000cba00000, 0x00000000cbb00000, 0x00000000cbb00000|100%| E|CS|TAMS 0x00000000cba00000, 0x00000000cba00000| Complete 
| 187|0x00000000cbb00000, 0x00000000cbc00000, 0x00000000cbc00000|100%| E|CS|TAMS 0x00000000cbb00000, 0x00000000cbb00000| Complete 
| 188|0x00000000cbc00000, 0x00000000cbd00000, 0x00000000cbd00000|100%| E|CS|TAMS 0x00000000cbc00000, 0x00000000cbc00000| Complete 
| 189|0x00000000cbd00000, 0x00000000cbe00000, 0x00000000cbe00000|100%| E|CS|TAMS 0x00000000cbd00000, 0x00000000cbd00000| Complete 
| 190|0x00000000cbe00000, 0x00000000cbf00000, 0x00000000cbf00000|100%| E|CS|TAMS 0x00000000cbe00000, 0x00000000cbe00000| Complete 
| 191|0x00000000cbf00000, 0x00000000cc000000, 0x00000000cc000000|100%| E|CS|TAMS 0x00000000cbf00000, 0x00000000cbf00000| Complete 
| 192|0x00000000cc000000, 0x00000000cc100000, 0x00000000cc100000|100%| E|CS|TAMS 0x00000000cc000000, 0x00000000cc000000| Complete 
| 193|0x00000000cc100000, 0x00000000cc200000, 0x00000000cc200000|100%| E|CS|TAMS 0x00000000cc100000, 0x00000000cc100000| Complete 
| 194|0x00000000cc200000, 0x00000000cc300000, 0x00000000cc300000|100%| E|CS|TAMS 0x00000000cc200000, 0x00000000cc200000| Complete 
| 195|0x00000000cc300000, 0x00000000cc400000, 0x00000000cc400000|100%| E|CS|TAMS 0x00000000cc300000, 0x00000000cc300000| Complete 
| 196|0x00000000cc400000, 0x00000000cc500000, 0x00000000cc500000|100%| E|CS|TAMS 0x00000000cc400000, 0x00000000cc400000| Complete 
| 197|0x00000000cc500000, 0x00000000cc600000, 0x00000000cc600000|100%| E|CS|TAMS 0x00000000cc500000, 0x00000000cc500000| Complete 
| 198|0x00000000cc600000, 0x00000000cc700000, 0x00000000cc700000|100%| E|CS|TAMS 0x00000000cc600000, 0x00000000cc600000| Complete 
| 199|0x00000000cc700000, 0x00000000cc800000, 0x00000000cc800000|100%| E|CS|TAMS 0x00000000cc700000, 0x00000000cc700000| Complete 
| 200|0x00000000cc800000, 0x00000000cc900000, 0x00000000cc900000|100%| E|CS|TAMS 0x00000000cc800000, 0x00000000cc800000| Complete 
| 201|0x00000000cc900000, 0x00000000cca00000, 0x00000000cca00000|100%| E|CS|TAMS 0x00000000cc900000, 0x00000000cc900000| Complete 
| 202|0x00000000cca00000, 0x00000000ccb00000, 0x00000000ccb00000|100%| E|CS|TAMS 0x00000000cca00000, 0x00000000cca00000| Complete 
| 203|0x00000000ccb00000, 0x00000000ccc00000, 0x00000000ccc00000|100%| E|CS|TAMS 0x00000000ccb00000, 0x00000000ccb00000| Complete 
| 204|0x00000000ccc00000, 0x00000000ccd00000, 0x00000000ccd00000|100%| E|CS|TAMS 0x00000000ccc00000, 0x00000000ccc00000| Complete 
| 205|0x00000000ccd00000, 0x00000000cce00000, 0x00000000cce00000|100%| E|CS|TAMS 0x00000000ccd00000, 0x00000000ccd00000| Complete 
| 206|0x00000000cce00000, 0x00000000ccf00000, 0x00000000ccf00000|100%| E|CS|TAMS 0x00000000cce00000, 0x00000000cce00000| Complete 
| 207|0x00000000ccf00000, 0x00000000cd000000, 0x00000000cd000000|100%| E|CS|TAMS 0x00000000ccf00000, 0x00000000ccf00000| Complete 
| 208|0x00000000cd000000, 0x00000000cd100000, 0x00000000cd100000|100%| E|CS|TAMS 0x00000000cd000000, 0x00000000cd000000| Complete 
| 209|0x00000000cd100000, 0x00000000cd200000, 0x00000000cd200000|100%| E|CS|TAMS 0x00000000cd100000, 0x00000000cd100000| Complete 
| 210|0x00000000cd200000, 0x00000000cd300000, 0x00000000cd300000|100%| E|CS|TAMS 0x00000000cd200000, 0x00000000cd200000| Complete 
| 211|0x00000000cd300000, 0x00000000cd400000, 0x00000000cd400000|100%| E|CS|TAMS 0x00000000cd300000, 0x00000000cd300000| Complete 
| 212|0x00000000cd400000, 0x00000000cd500000, 0x00000000cd500000|100%| E|CS|TAMS 0x00000000cd400000, 0x00000000cd400000| Complete 
| 213|0x00000000cd500000, 0x00000000cd600000, 0x00000000cd600000|100%| E|CS|TAMS 0x00000000cd500000, 0x00000000cd500000| Complete 
| 214|0x00000000cd600000, 0x00000000cd700000, 0x00000000cd700000|100%| E|CS|TAMS 0x00000000cd600000, 0x00000000cd600000| Complete 
| 215|0x00000000cd700000, 0x00000000cd800000, 0x00000000cd800000|100%| E|CS|TAMS 0x00000000cd700000, 0x00000000cd700000| Complete 
| 216|0x00000000cd800000, 0x00000000cd900000, 0x00000000cd900000|100%| E|CS|TAMS 0x00000000cd800000, 0x00000000cd800000| Complete 
| 217|0x00000000cd900000, 0x00000000cda00000, 0x00000000cda00000|100%| E|CS|TAMS 0x00000000cd900000, 0x00000000cd900000| Complete 
| 218|0x00000000cda00000, 0x00000000cdb00000, 0x00000000cdb00000|100%| E|CS|TAMS 0x00000000cda00000, 0x00000000cda00000| Complete 
| 219|0x00000000cdb00000, 0x00000000cdc00000, 0x00000000cdc00000|100%| E|CS|TAMS 0x00000000cdb00000, 0x00000000cdb00000| Complete 
| 220|0x00000000cdc00000, 0x00000000cdd00000, 0x00000000cdd00000|100%| E|CS|TAMS 0x00000000cdc00000, 0x00000000cdc00000| Complete 
| 221|0x00000000cdd00000, 0x00000000cde00000, 0x00000000cde00000|100%| E|CS|TAMS 0x00000000cdd00000, 0x00000000cdd00000| Complete 
| 222|0x00000000cde00000, 0x00000000cdf00000, 0x00000000cdf00000|100%| E|CS|TAMS 0x00000000cde00000, 0x00000000cde00000| Complete 
| 223|0x00000000cdf00000, 0x00000000ce000000, 0x00000000ce000000|100%| E|CS|TAMS 0x00000000cdf00000, 0x00000000cdf00000| Complete 
| 224|0x00000000ce000000, 0x00000000ce100000, 0x00000000ce100000|100%| E|CS|TAMS 0x00000000ce000000, 0x00000000ce000000| Complete 
| 225|0x00000000ce100000, 0x00000000ce200000, 0x00000000ce200000|100%| E|CS|TAMS 0x00000000ce100000, 0x00000000ce100000| Complete 
| 226|0x00000000ce200000, 0x00000000ce300000, 0x00000000ce300000|100%| E|CS|TAMS 0x00000000ce200000, 0x00000000ce200000| Complete 
| 227|0x00000000ce300000, 0x00000000ce400000, 0x00000000ce400000|100%| E|CS|TAMS 0x00000000ce300000, 0x00000000ce300000| Complete 
| 228|0x00000000ce400000, 0x00000000ce500000, 0x00000000ce500000|100%| E|CS|TAMS 0x00000000ce400000, 0x00000000ce400000| Complete 
| 229|0x00000000ce500000, 0x00000000ce600000, 0x00000000ce600000|100%| E|CS|TAMS 0x00000000ce500000, 0x00000000ce500000| Complete 
| 230|0x00000000ce600000, 0x00000000ce700000, 0x00000000ce700000|100%| E|CS|TAMS 0x00000000ce600000, 0x00000000ce600000| Complete 
| 231|0x00000000ce700000, 0x00000000ce800000, 0x00000000ce800000|100%| E|CS|TAMS 0x00000000ce700000, 0x00000000ce700000| Complete 
| 232|0x00000000ce800000, 0x00000000ce900000, 0x00000000ce900000|100%| E|CS|TAMS 0x00000000ce800000, 0x00000000ce800000| Complete 
| 233|0x00000000ce900000, 0x00000000cea00000, 0x00000000cea00000|100%| E|CS|TAMS 0x00000000ce900000, 0x00000000ce900000| Complete 
| 234|0x00000000cea00000, 0x00000000ceb00000, 0x00000000ceb00000|100%| E|CS|TAMS 0x00000000cea00000, 0x00000000cea00000| Complete 
| 235|0x00000000ceb00000, 0x00000000cec00000, 0x00000000cec00000|100%| E|CS|TAMS 0x00000000ceb00000, 0x00000000ceb00000| Complete 
| 236|0x00000000cec00000, 0x00000000ced00000, 0x00000000ced00000|100%| E|CS|TAMS 0x00000000cec00000, 0x00000000cec00000| Complete 
| 237|0x00000000ced00000, 0x00000000cee00000, 0x00000000cee00000|100%| E|CS|TAMS 0x00000000ced00000, 0x00000000ced00000| Complete 
| 238|0x00000000cee00000, 0x00000000cef00000, 0x00000000cef00000|100%| E|CS|TAMS 0x00000000cee00000, 0x00000000cee00000| Complete 
| 239|0x00000000cef00000, 0x00000000cf000000, 0x00000000cf000000|100%| E|CS|TAMS 0x00000000cef00000, 0x00000000cef00000| Complete 
| 240|0x00000000cf000000, 0x00000000cf100000, 0x00000000cf100000|100%| E|CS|TAMS 0x00000000cf000000, 0x00000000cf000000| Complete 
| 241|0x00000000cf100000, 0x00000000cf200000, 0x00000000cf200000|100%| E|CS|TAMS 0x00000000cf100000, 0x00000000cf100000| Complete 
| 242|0x00000000cf200000, 0x00000000cf300000, 0x00000000cf300000|100%| E|CS|TAMS 0x00000000cf200000, 0x00000000cf200000| Complete 
| 243|0x00000000cf300000, 0x00000000cf400000, 0x00000000cf400000|100%| E|CS|TAMS 0x00000000cf300000, 0x00000000cf300000| Complete 
| 244|0x00000000cf400000, 0x00000000cf500000, 0x00000000cf500000|100%| E|CS|TAMS 0x00000000cf400000, 0x00000000cf400000| Complete 
| 245|0x00000000cf500000, 0x00000000cf600000, 0x00000000cf600000|100%| E|CS|TAMS 0x00000000cf500000, 0x00000000cf500000| Complete 
| 246|0x00000000cf600000, 0x00000000cf700000, 0x00000000cf700000|100%| E|CS|TAMS 0x00000000cf600000, 0x00000000cf600000| Complete 
| 247|0x00000000cf700000, 0x00000000cf800000, 0x00000000cf800000|100%| E|CS|TAMS 0x00000000cf700000, 0x00000000cf700000| Complete 
| 248|0x00000000cf800000, 0x00000000cf900000, 0x00000000cf900000|100%| E|CS|TAMS 0x00000000cf800000, 0x00000000cf800000| Complete 
| 249|0x00000000cf900000, 0x00000000cfa00000, 0x00000000cfa00000|100%| E|CS|TAMS 0x00000000cf900000, 0x00000000cf900000| Complete 
| 250|0x00000000cfa00000, 0x00000000cfb00000, 0x00000000cfb00000|100%| E|CS|TAMS 0x00000000cfa00000, 0x00000000cfa00000| Complete 
| 251|0x00000000cfb00000, 0x00000000cfc00000, 0x00000000cfc00000|100%| E|CS|TAMS 0x00000000cfb00000, 0x00000000cfb00000| Complete 
| 252|0x00000000cfc00000, 0x00000000cfd00000, 0x00000000cfd00000|100%| E|CS|TAMS 0x00000000cfc00000, 0x00000000cfc00000| Complete 
| 253|0x00000000cfd00000, 0x00000000cfe00000, 0x00000000cfe00000|100%| E|CS|TAMS 0x00000000cfd00000, 0x00000000cfd00000| Complete 
| 254|0x00000000cfe00000, 0x00000000cff00000, 0x00000000cff00000|100%| E|CS|TAMS 0x00000000cfe00000, 0x00000000cfe00000| Complete 
| 255|0x00000000cff00000, 0x00000000d0000000, 0x00000000d0000000|100%| E|CS|TAMS 0x00000000cff00000, 0x00000000cff00000| Complete 
| 256|0x00000000d0000000, 0x00000000d0100000, 0x00000000d0100000|100%| E|CS|TAMS 0x00000000d0000000, 0x00000000d0000000| Complete 
| 257|0x00000000d0100000, 0x00000000d0200000, 0x00000000d0200000|100%| E|CS|TAMS 0x00000000d0100000, 0x00000000d0100000| Complete 
| 258|0x00000000d0200000, 0x00000000d0300000, 0x00000000d0300000|100%| E|CS|TAMS 0x00000000d0200000, 0x00000000d0200000| Complete 
| 259|0x00000000d0300000, 0x00000000d0400000, 0x00000000d0400000|100%| E|CS|TAMS 0x00000000d0300000, 0x00000000d0300000| Complete 
| 260|0x00000000d0400000, 0x00000000d0500000, 0x00000000d0500000|100%| E|CS|TAMS 0x00000000d0400000, 0x00000000d0400000| Complete 
| 261|0x00000000d0500000, 0x00000000d0600000, 0x00000000d0600000|100%| E|CS|TAMS 0x00000000d0500000, 0x00000000d0500000| Complete 
|1016|0x00000000ff800000, 0x00000000ff848000, 0x00000000ff900000| 28%|OA|  |TAMS 0x00000000ff848000, 0x00000000ff800000| Untracked 
|1020|0x00000000ffc00000, 0x00000000ffc6c000, 0x00000000ffd00000| 42%|CA|  |TAMS 0x00000000ffc6c000, 0x00000000ffc00000| Untracked 

Card table byte_map: [0x00007527c0600000,0x00007527c0800000] _byte_map_base: 0x00007527c0000000

Marking Bits (Prev, Next): (CMBitMap*) 0x000000003af62938, (CMBitMap*) 0x000000003af62970
 Prev Bits: [0x00007527a2200000, 0x00007527a3200000)
 Next Bits: [0x00007527a1200000, 0x00007527a2200000)

Polling page: 0x00007527ed02b000

Metaspace:

Usage:
  Non-class:     10.96 MB capacity,     9.69 MB ( 88%) used,     1.21 MB ( 11%) free+waste,    56.81 KB ( <1%) overhead. 
      Class:      2.16 MB capacity,     1.78 MB ( 82%) used,   355.88 KB ( 16%) free+waste,    30.75 KB (  1%) overhead. 
       Both:     13.11 MB capacity,    11.47 MB ( 87%) used,     1.56 MB ( 12%) free+waste,    87.56 KB ( <1%) overhead. 

Virtual space:
  Non-class space:       12.00 MB reserved,      11.00 MB ( 92%) committed 
      Class space:        1.00 GB reserved,       2.25 MB ( <1%) committed 
             Both:        1.01 GB reserved,      13.25 MB (  1%) committed 

Chunk freelists:
   Non-Class:  44.00 KB
       Class:  0 bytes
        Both:  44.00 KB

MaxMetaspaceSize: unlimited
CompressedClassSpaceSize: 1.00 GB
Initial GC threshold: 20.80 MB
Current GC threshold: 22.09 MB
CDS: on

CodeHeap 'non-profiled nmethods': size=120032Kb used=2668Kb max_used=2668Kb free=117364Kb
 bounds [0x00007527aacc8000, 0x00007527aaf68000, 0x00007527b2200000]
CodeHeap 'profiled nmethods': size=120032Kb used=7308Kb max_used=7308Kb free=112724Kb
 bounds [0x00007527a3790000, 0x00007527a3ec0000, 0x00007527aacc8000]
CodeHeap 'non-nmethods': size=5696Kb used=1159Kb max_used=1231Kb free=4536Kb
 bounds [0x00007527a3200000, 0x00007527a3470000, 0x00007527a3790000]
 total_blobs=4412 nmethods=4010 adapters=314
 compilation: enabled
              stopped_count=0, restarted_count=0
 full_count=0

Compilation events (20 events):
Event: 32.876 Thread 0x000000003b678000 nmethod 4067 0x00007527aaf58f90 code [0x00007527aaf592e0, 0x00007527aaf5ae30]
Event: 32.876 Thread 0x000000003b678000 4081   !   4       scala.Enumeration$Val::toString (53 bytes)
Event: 32.882 Thread 0x000000003b67a000 4082       3       org.openkoreantext.processor.tokenizer.KoreanChunker$$$Lambda$110/0x00000008401b9040::apply (8 bytes)
Event: 32.882 Thread 0x000000003b67a000 nmethod 4082 0x00007527a3eb0690 code [0x00007527a3eb0880, 0x00007527a3eb0c00]
Event: 32.883 Thread 0x000000003b678000 nmethod 4081 0x00007527aaf5c310 code [0x00007527aaf5c520, 0x00007527aaf5cdb8]
Event: 32.884 Thread 0x000000003b678000 4083       4       scala.collection.immutable.HashMap$HashTrieMap::foreach (29 bytes)
Event: 32.885 Thread 0x000000003b678000 nmethod 4083 0x00007527aaf5d890 code [0x00007527aaf5da40, 0x00007527aaf5db88]
Event: 32.885 Thread 0x000000003b678000 4084       4       scala.collection.immutable.Range::companion (5 bytes)
Event: 32.886 Thread 0x000000003b678000 nmethod 4084 0x00007527aaf5dd10 code [0x00007527aaf5dea0, 0x00007527aaf5df18]
Event: 32.893 Thread 0x000075277041c000 nmethod 4066 0x00007527aaf5e010 code [0x00007527aaf5e3a0, 0x00007527aaf60150]
Event: 32.902 Thread 0x000000003b67a000 4085       3       org.openkoreantext.processor.tokenizer.KoreanTokenizer$KoreanToken::equals (192 bytes)
Event: 32.902 Thread 0x000000003b67a000 nmethod 4085 0x00007527a3eb0d90 code [0x00007527a3eb0fe0, 0x00007527a3eb1c20]
Event: 442.159 Thread 0x000000003b67a000 4087   !   3       java.lang.ref.ReferenceQueue::remove (125 bytes)
Event: 442.160 Thread 0x000000003b67a000 nmethod 4087 0x00007527a3eb1e10 code [0x00007527a3eb2040, 0x00007527a3eb28f0]
Event: 563.462 Thread 0x000000003b678000 4088       4       java.lang.ref.ReferenceQueue::reallyPoll (65 bytes)
Event: 563.464 Thread 0x000000003b678000 nmethod 4088 0x00007527aaf61b90 code [0x00007527aaf61d20, 0x00007527aaf62058]
Event: 1717.454 Thread 0x000000003b678000 4089   !   4       java.lang.ref.ReferenceQueue::remove (125 bytes)
Event: 1717.461 Thread 0x000000003b678000 nmethod 4089 0x00007527aaf62110 code [0x00007527aaf622e0, 0x00007527aaf62d48]
Event: 6848.870 Thread 0x000000003b67a000 4090       3       jdk.internal.misc.InnocuousThread::eraseThreadLocals (23 bytes)
Event: 6848.871 Thread 0x000000003b67a000 nmethod 4090 0x00007527a3eb2c10 code [0x00007527a3eb2dc0, 0x00007527a3eb2fb0]

GC Heap History (20 events):
Event: 3.868 GC heap before
{Heap before GC invocations=17 (full 3):
 garbage-first heap   total 272384K, used 192486K [0x00000000c0000000, 0x0000000100000000)
  region size 1024K, 155 young (158720K), 20 survivors (20480K)
 Metaspace       used 10681K, capacity 12391K, committed 12672K, reserved 1060864K
  class space    used 1703K, capacity 2058K, committed 2176K, reserved 1048576K
}
Event: 3.901 GC heap after
{Heap after GC invocations=18 (full 3):
 garbage-first heap   total 329728K, used 67431K [0x00000000c0000000, 0x0000000100000000)
  region size 1024K, 14 young (14336K), 14 survivors (14336K)
 Metaspace       used 10681K, capacity 12391K, committed 12672K, reserved 1060864K
  class space    used 1703K, capacity 2058K, committed 2176K, reserved 1048576K
}
Event: 4.073 GC heap before
{Heap before GC invocations=18 (full 3):
 garbage-first heap   total 329728K, used 229223K [0x00000000c0000000, 0x0000000100000000)
  region size 1024K, 172 young (176128K), 14 survivors (14336K)
 Metaspace       used 10685K, capacity 12395K, committed 12672K, reserved 1060864K
  class space    used 1703K, capacity 2058K, committed 2176K, reserved 1048576K
}
Event: 4.100 GC heap after
{Heap after GC invocations=19 (full 3):
 garbage-first heap   total 329728K, used 86161K [0x00000000c0000000, 0x0000000100000000)
  region size 1024K, 19 young (19456K), 19 survivors (19456K)
 Metaspace       used 10685K, capacity 12395K, committed 12672K, reserved 1060864K
  class space    used 1703K, capacity 2058K, committed 2176K, reserved 1048576K
}
Event: 4.168 GC heap before
{Heap before GC invocations=19 (full 3):
 garbage-first heap   total 329728K, used 143505K [0x00000000c0000000, 0x0000000100000000)
  region size 1024K, 76 young (77824K), 19 survivors (19456K)
 Metaspace       used 10687K, capacity 12395K, committed 12672K, reserved 1060864K
  class space    used 1703K, capacity 2058K, committed 2176K, reserved 1048576K
}
Event: 4.272 GC heap after
{Heap after GC invocations=20 (full 4):
 garbage-first heap   total 290816K, used 83658K [0x00000000c0000000, 0x0000000100000000)
  region size 1024K, 0 young (0K), 0 survivors (0K)
 Metaspace       used 10687K, capacity 12395K, committed 12672K, reserved 1060864K
  class space    used 1703K, capacity 2058K, committed 2176K, reserved 1048576K
}
Event: 4.587 GC heap before
{Heap before GC invocations=20 (full 4):
 garbage-first heap   total 290816K, used 116426K [0x00000000c0000000, 0x0000000100000000)
  region size 1024K, 33 young (33792K), 0 survivors (0K)
 Metaspace       used 11329K, capacity 13011K, committed 13184K, reserved 1060864K
  class space    used 1797K, capacity 2169K, committed 2176K, reserved 1048576K
}
Event: 4.717 GC heap after
{Heap after GC invocations=21 (full 5):
 garbage-first heap   total 276480K, used 79323K [0x00000000c0000000, 0x0000000100000000)
  region size 1024K, 0 young (0K), 0 survivors (0K)
 Metaspace       used 11329K, capacity 13011K, committed 13184K, reserved 1060864K
  class space    used 1797K, capacity 2169K, committed 2176K, reserved 1048576K
}
Event: 4.724 GC heap before
{Heap before GC invocations=21 (full 5):
 garbage-first heap   total 276480K, used 79323K [0x00000000c0000000, 0x0000000100000000)
  region size 1024K, 1 young (1024K), 0 survivors (0K)
 Metaspace       used 11331K, capacity 13011K, committed 13184K, reserved 1060864K
  class space    used 1797K, capacity 2169K, committed 2176K, reserved 1048576K
}
Event: 4.846 GC heap after
{Heap after GC invocations=22 (full 6):
 garbage-first heap   total 276480K, used 79320K [0x00000000c0000000, 0x0000000100000000)
  region size 1024K, 0 young (0K), 0 survivors (0K)
 Metaspace       used 11331K, capacity 13011K, committed 13184K, reserved 1060864K
  class space    used 1797K, capacity 2169K, committed 2176K, reserved 1048576K
}
Event: 4.923 GC heap before
{Heap before GC invocations=22 (full 6):
 garbage-first heap   total 276480K, used 79320K [0x00000000c0000000, 0x0000000100000000)
  region size 1024K, 0 young (0K), 0 survivors (0K)
 Metaspace       used 11331K, capacity 13011K, committed 13184K, reserved 1060864K
  class space    used 1797K, capacity 2169K, committed 2176K, reserved 1048576K
}
Event: 5.087 GC heap after
{Heap after GC invocations=23 (full 7):
 garbage-first heap   total 276480K, used 79320K [0x00000000c0000000, 0x0000000100000000)
  region size 1024K, 0 young (0K), 0 survivors (0K)
 Metaspace       used 11331K, capacity 13011K, committed 13184K, reserved 1060864K
  class space    used 1797K, capacity 2169K, committed 2176K, reserved 1048576K
}
Event: 8.836 GC heap before
{Heap before GC invocations=23 (full 7):
 garbage-first heap   total 276480K, used 206296K [0x00000000c0000000, 0x0000000100000000)
  region size 1024K, 124 young (126976K), 0 survivors (0K)
 Metaspace       used 11739K, capacity 13429K, committed 13568K, reserved 1060864K
  class space    used 1821K, capacity 2209K, committed 2304K, reserved 1048576K
}
Event: 8.850 GC heap after
{Heap after GC invocations=24 (full 7):
 garbage-first heap   total 276480K, used 80344K [0x00000000c0000000, 0x0000000100000000)
  region size 1024K, 1 young (1024K), 1 survivors (1024K)
 Metaspace       used 11739K, capacity 13429K, committed 13568K, reserved 1060864K
  class space    used 1821K, capacity 2209K, committed 2304K, reserved 1048576K
}
Event: 9.050 GC heap before
{Heap before GC invocations=24 (full 7):
 garbage-first heap   total 276480K, used 81368K [0x00000000c0000000, 0x0000000100000000)
  region size 1024K, 3 young (3072K), 1 survivors (1024K)
 Metaspace       used 11739K, capacity 13429K, committed 13568K, reserved 1060864K
  class space    used 1821K, capacity 2209K, committed 2304K, reserved 1048576K
}
Event: 9.299 GC heap after
{Heap after GC invocations=25 (full 8):
 garbage-first heap   total 270336K, used 79420K [0x00000000c0000000, 0x0000000100000000)
  region size 1024K, 0 young (0K), 0 survivors (0K)
 Metaspace       used 11739K, capacity 13429K, committed 13568K, reserved 1060864K
  class space    used 1821K, capacity 2209K, committed 2304K, reserved 1048576K
}
Event: 10.023 GC heap before
{Heap before GC invocations=25 (full 8):
 garbage-first heap   total 270336K, used 209468K [0x00000000c0000000, 0x0000000100000000)
  region size 1024K, 127 young (130048K), 0 survivors (0K)
 Metaspace       used 11741K, capacity 13429K, committed 13568K, reserved 1060864K
  class space    used 1821K, capacity 2209K, committed 2304K, reserved 1048576K
}
Event: 10.028 GC heap after
{Heap after GC invocations=26 (full 8):
 garbage-first heap   total 270336K, used 79630K [0x00000000c0000000, 0x0000000100000000)
  region size 1024K, 1 young (1024K), 1 survivors (1024K)
 Metaspace       used 11741K, capacity 13429K, committed 13568K, reserved 1060864K
  class space    used 1821K, capacity 2209K, committed 2304K, reserved 1048576K
}
Event: 32.609 GC heap before
{Heap before GC invocations=26 (full 8):
 garbage-first heap   total 270336K, used 215822K [0x00000000c0000000, 0x0000000100000000)
  region size 1024K, 134 young (137216K), 1 survivors (1024K)
 Metaspace       used 11741K, capacity 13429K, committed 13568K, reserved 1060864K
  class space    used 1821K, capacity 2209K, committed 2304K, reserved 1048576K
}
Event: 32.610 GC heap after
{Heap after GC invocations=27 (full 8):
 garbage-first heap   total 270336K, used 79529K [0x00000000c0000000, 0x0000000100000000)
  region size 1024K, 1 young (1024K), 1 survivors (1024K)
 Metaspace       used 11741K, capacity 13429K, committed 13568K, reserved 1060864K
  class space    used 1821K, capacity 2209K, committed 2304K, reserved 1048576K
}

Deoptimization events (20 events):
Event: 8.716 Thread 0x000000003ab38000 DEOPT PACKING pc=0x00007527aaec72cc sp=0x00007ffc814fe6e0
Event: 8.717 Thread 0x000000003ab38000 DEOPT UNPACKING pc=0x00007527a32082a5 sp=0x00007ffc814fe5e8 mode 2
Event: 9.797 Thread 0x000000003ab38000 Uncommon trap: trap_request=0xffffff4d fr.pc=0x00007527aaedbf34 relative=0x0000000000000094
Event: 9.797 Thread 0x000000003ab38000 Uncommon trap: reason=unstable_if action=reinterpret pc=0x00007527aaedbf34 method=java.util.regex.Pattern.lambda$CIRange$13(III)Z @ 25 c2
Event: 9.797 Thread 0x000000003ab38000 DEOPT PACKING pc=0x00007527aaedbf34 sp=0x00007ffc814fe690
Event: 9.797 Thread 0x000000003ab38000 DEOPT UNPACKING pc=0x00007527a32082a5 sp=0x00007ffc814fe5d0 mode 2
Event: 9.797 Thread 0x000000003ab38000 Uncommon trap: trap_request=0xffffff4d fr.pc=0x00007527aaedc278 relative=0x0000000000000058
Event: 9.797 Thread 0x000000003ab38000 Uncommon trap: reason=unstable_if action=reinterpret pc=0x00007527aaedc278 method=java.util.regex.Pattern.lambda$CIRange$13(III)Z @ 25 c2
Event: 9.797 Thread 0x000000003ab38000 DEOPT PACKING pc=0x00007527aaedc278 sp=0x00007ffc814fe600
Event: 9.797 Thread 0x000000003ab38000 DEOPT UNPACKING pc=0x00007527a32082a5 sp=0x00007ffc814fe5c0 mode 2
Event: 10.021 Thread 0x000000003ab38000 DEOPT PACKING pc=0x00007527a3e7270e sp=0x00007ffc814fdfb0
Event: 10.021 Thread 0x000000003ab38000 DEOPT UNPACKING pc=0x00007527a32499fa sp=0x00007ffc814fd4c0 mode 0
Event: 32.364 Thread 0x000000003ab38000 Uncommon trap: trap_request=0xffffff7e fr.pc=0x00007527aaf11ff0 relative=0x00000000000003b0
Event: 32.364 Thread 0x000000003ab38000 Uncommon trap: reason=predicate action=maybe_recompile pc=0x00007527aaf11ff0 method=java.util.regex.Pattern$SliceI.match(Ljava/util/regex/Matcher;ILjava/lang/CharSequence;)Z @ 18 c2
Event: 32.364 Thread 0x000000003ab38000 DEOPT PACKING pc=0x00007527aaf11ff0 sp=0x00007ffc814fe680
Event: 32.364 Thread 0x000000003ab38000 DEOPT UNPACKING pc=0x00007527a32082a5 sp=0x00007ffc814fe618 mode 2
Event: 32.489 Thread 0x000000003ab38000 Uncommon trap: trap_request=0xffffffde fr.pc=0x00007527aaeb6640 relative=0x0000000000000580
Event: 32.489 Thread 0x000000003ab38000 Uncommon trap: reason=class_check action=maybe_recompile pc=0x00007527aaeb6640 method=org.openkoreantext.processor.util.CharArrayMap.getHashCode(Ljava/lang/CharSequence;)I @ 15 c2
Event: 32.489 Thread 0x000000003ab38000 DEOPT PACKING pc=0x00007527aaeb6640 sp=0x00007ffc814feed0
Event: 32.489 Thread 0x000000003ab38000 DEOPT UNPACKING pc=0x00007527a32082a5 sp=0x00007ffc814fed98 mode 2

Classes redefined (0 events):
No events

Internal exceptions (19 events):
Event: 0.105 Thread 0x000000003ab38000 Exception <a 'java/lang/NoSuchMethodError'{0x00000000df311a38}: 'int java.lang.invoke.DirectMethodHandle$Holder.invokeStaticInit(java.lang.Object, java.lang.Object)'> (0x00000000df311a38) thrown at [./src/hotspot/share/interpreter/linkResolver.cpp, line 772]
Event: 0.106 Thread 0x000000003ab38000 Exception <a 'java/lang/NoSuchMethodError'{0x00000000df317a30}: 'java.lang.Object java.lang.invoke.DirectMethodHandle$Holder.invokeStaticInit(java.lang.Object, int)'> (0x00000000df317a30) thrown at [./src/hotspot/share/interpreter/linkResolver.cpp, line 772]
Event: 0.116 Thread 0x000000003ab38000 Exception <a 'java/lang/NoSuchMethodError'{0x00000000df387010}: 'java.lang.Object java.lang.invoke.DirectMethodHandle$Holder.invokeStatic(java.lang.Object, int, java.lang.Object, java.lang.Object, java.lang.Object)'> (0x00000000df387010) thrown at [./src/hotspot/share/interpreter/linkResolver.cpp, line 772]
Event: 0.952 Thread 0x000000003ab38000 Exception <a 'java/lang/NoSuchMethodError'{0x00000000cf439d18}: 'java.lang.Object java.lang.invoke.DirectMethodHandle$Holder.invokeStaticInit(java.lang.Object, java.lang.Object, java.lang.Object)'> (0x00000000cf439d18) thrown at [./src/hotspot/share/interpreter/linkResolver.cpp, line 772]
Event: 0.957 Thread 0x000000003ab38000 Exception <a 'java/lang/NoSuchMethodError'{0x00000000cf4919b0}: 'java.lang.Object java.lang.invoke.DirectMethodHandle$Holder.invokeStaticInit(java.lang.Object, java.lang.Object, java.lang.Object, java.lang.Object)'> (0x00000000cf4919b0) thrown at [./src/hotspot/share/interpreter/linkResolver.cpp, line 772]
Event: 1.910 Thread 0x000000003ab38000 Exception <a 'java/lang/NoSuchMethodError'{0x00000000d0076aa0}: 'java.lang.Object java.lang.invoke.DirectMethodHandle$Holder.invokeStatic(java.lang.Object, java.lang.Object, int, java.lang.Object)'> (0x00000000d0076aa0) thrown at [./src/hotspot/share/interpreter/linkResolver.cpp, line 772]
Event: 1.911 Thread 0x000000003ab38000 Exception <a 'java/lang/NoSuchMethodError'{0x00000000d007fc70}: 'java.lang.Object java.lang.invoke.Invokers$Holder.linkToTargetMethod(java.lang.Object, int, java.lang.Object)'> (0x00000000d007fc70) thrown at [./src/hotspot/share/interpreter/linkResolver.cpp, line 772]
Event: 1.916 Thread 0x000000003ab38000 Exception <a 'java/lang/NoSuchMethodError'{0x00000000d00ab4f0}: 'java.lang.Object java.lang.invoke.DirectMethodHandle$Holder.invokeStatic(java.lang.Object, int, java.lang.Object)'> (0x00000000d00ab4f0) thrown at [./src/hotspot/share/interpreter/linkResolver.cpp, line 772]
Event: 1.920 Thread 0x000000003ab38000 Exception <a 'java/lang/NoSuchMethodError'{0x00000000d00c2bb8}: 'java.lang.Object java.lang.invoke.DirectMethodHandle$Holder.invokeStatic(java.lang.Object, int, int, java.lang.Object)'> (0x00000000d00c2bb8) thrown at [./src/hotspot/share/interpreter/linkResolver.cpp, line 772]
Event: 3.247 Thread 0x000000003ab38000 Exception <a 'java/lang/NoSuchMethodError'{0x00000000cb7fbb30}: 'int java.lang.invoke.DirectMethodHandle$Holder.invokeSpecialIFC(java.lang.Object, java.lang.Object, int)'> (0x00000000cb7fbb30) thrown at [./src/hotspot/share/interpreter/linkResolver.cpp, line 772]
Event: 3.284 Thread 0x000000003ab38000 Exception <a 'java/lang/NoSuchMethodError'{0x00000000cb5872f0}: 'java.lang.Object java.lang.invoke.Invokers$Holder.linkToTargetMethod(java.lang.Object, int, java.lang.Object, java.lang.Object)'> (0x00000000cb5872f0) thrown at [./src/hotspot/share/interpreter/linkResolver.cpp, line 772]
Event: 3.295 Thread 0x000000003ab38000 Exception <a 'java/lang/NoSuchMethodError'{0x00000000cb5e3468}: 'java.lang.Object java.lang.invoke.DirectMethodHandle$Holder.invokeStatic(java.lang.Object, java.lang.Object, java.lang.Object, java.lang.Object, java.lang.Object, int)'> (0x00000000cb5e3468) thrown at [./src/hotspot/share/interpreter/linkResolver.cpp, line 772]
Event: 3.295 Thread 0x000000003ab38000 Exception <a 'java/lang/NoSuchMethodError'{0x00000000cb5e7398}: 'java.lang.Object java.lang.invoke.DirectMethodHandle$Holder.invokeSpecial(java.lang.Object, java.lang.Object, java.lang.Object, java.lang.Object, java.lang.Object, java.lang.Object, int)'> (0x00000000cb5e7398) thrown at [./src/hotspot/share/interpreter/linkResolver.cpp, line 772]
Event: 3.328 Thread 0x000000003ab38000 Exception <a 'java/lang/NoSuchMethodError'{0x00000000cb4a0720}: 'java.lang.Object java.lang.invoke.DirectMethodHandle$Holder.invokeStatic(java.lang.Object, java.lang.Object, java.lang.Object, java.lang.Object, int, java.lang.Object)'> (0x00000000cb4a0720) thrown at [./src/hotspot/share/interpreter/linkResolver.cpp, line 772]
Event: 3.328 Thread 0x000000003ab38000 Exception <a 'java/lang/NoSuchMethodError'{0x00000000cb4a41e0}: 'java.lang.Object java.lang.invoke.DirectMethodHandle$Holder.invokeSpecial(java.lang.Object, java.lang.Object, java.lang.Object, java.lang.Object, java.lang.Object, int, java.lang.Object)'> (0x00000000cb4a41e0) thrown at [./src/hotspot/share/interpreter/linkResolver.cpp, line 772]
Event: 3.328 Thread 0x000000003ab38000 Exception <a 'java/lang/NoSuchMethodError'{0x00000000cb4a7550}: 'java.lang.Object java.lang.invoke.Invokers$Holder.linkToTargetMethod(java.lang.Object, java.lang.Object, java.lang.Object, int, java.lang.Object, java.lang.Object)'> (0x00000000cb4a7550) thrown at [./src/hotspot/share/interpreter/linkResolver.cpp, line 772]
Event: 3.347 Thread 0x000000003ab38000 Exception <a 'java/lang/NoSuchMethodError'{0x00000000cb4e6a68}: 'java.lang.Object java.lang.invoke.DirectMethodHandle$Holder.invokeStaticInit(java.lang.Object, java.lang.Object, java.lang.Object, java.lang.Object, java.lang.Object)'> (0x00000000cb4e6a68) thrown at [./src/hotspot/share/interpreter/linkResolver.cpp, line 772]
Event: 3.348 Thread 0x000000003ab38000 Exception <a 'java/lang/NoSuchMethodError'{0x00000000cb4f4950}: 'java.lang.Object java.lang.invoke.Invokers$Holder.invoker(java.lang.Object, java.lang.Object, java.lang.Object)'> (0x00000000cb4f4950) thrown at [./src/hotspot/share/interpreter/linkResolver.cpp, line 772]
Event: 3.350 Thread 0x000000003ab38000 Exception <a 'java/lang/NoSuchMethodError'{0x00000000cb304a10}: 'void java.lang.invoke.DelegatingMethodHandle$Holder.delegate(java.lang.Object, java.lang.Object, int, java.lang.Object)'> (0x00000000cb304a10) thrown at [./src/hotspot/share/interpreter/linkResolver.cpp, line 772]

Events (20 events):
Event: 7.811 loading class scala/reflect/ClassTag$GenericClassTag
Event: 7.811 loading class scala/reflect/ClassTag$GenericClassTag done
Event: 8.581 loading class scala/Predef$any2stringadd$
Event: 8.581 loading class scala/Predef$any2stringadd$ done
Event: 8.836 Executing VM operation: G1CollectForAllocation
Event: 8.850 Executing VM operation: G1CollectForAllocation done
Event: 9.050 Executing VM operation: G1CollectFull
Event: 9.299 Executing VM operation: G1CollectFull done
Event: 10.023 Executing VM operation: G1CollectForAllocation
Event: 10.028 Executing VM operation: G1CollectForAllocation done
Event: 17.057 Thread 0x000075277041c000 Thread exited: 0x000075277041c000
Event: 32.352 Thread 0x000075277041c000 Thread added: 0x000075277041c000
Event: 32.352 Protecting memory [0x0000752791afd000,0x0000752791b01000] with protection modes 0
Event: 32.608 Executing VM operation: G1CollectForAllocation
Event: 32.610 Executing VM operation: G1CollectForAllocation done
Event: 37.902 Thread 0x000075277041c000 Thread exited: 0x000075277041c000
Event: 13627.430 loading class jdk/internal/misc/Signal$1
Event: 13627.430 loading class jdk/internal/misc/Signal$1 done
Event: 13627.438 Thread 0x0000752774001000 Thread added: 0x0000752774001000
Event: 13627.438 Protecting memory [0x0000752791afd000,0x0000752791b01000] with protection modes 0


Dynamic libraries:
00400000-0041f000 r--p 00000000 08:11 7747541                            /anaconda/envs/jupyter_env/bin/python3.10
0041f000-0061d000 r-xp 0001f000 08:11 7747541                            /anaconda/envs/jupyter_env/bin/python3.10
0061d000-0071f000 r--p 0021d000 08:11 7747541                            /anaconda/envs/jupyter_env/bin/python3.10
0071f000-00720000 r--p 0031f000 08:11 7747541                            /anaconda/envs/jupyter_env/bin/python3.10
00720000-00752000 rw-p 00320000 08:11 7747541                            /anaconda/envs/jupyter_env/bin/python3.10
00752000-00758000 rw-p 00000000 00:00 0 
38f2d000-3d0b2000 rw-p 00000000 00:00 0                                  [heap]
c0000000-d0600000 rw-p 00000000 00:00 0 
d0600000-ff800000 ---p 00000000 00:00 0 
ff800000-ff848000 rw-p 00b14000 08:11 1032193                            /usr/lib/jvm/java-11-openjdk-amd64/lib/server/classes.jsa
ff848000-ff900000 rw-p 00000000 00:00 0 
ff900000-ffc00000 ---p 00000000 00:00 0 
ffc00000-ffc6c000 rw-p 00aa8000 08:11 1032193                            /usr/lib/jvm/java-11-openjdk-amd64/lib/server/classes.jsa
ffc6c000-ffd00000 rw-p 00000000 00:00 0 
ffd00000-100000000 ---p 00000000 00:00 0 
800000000-800002000 rwxp 00001000 08:11 1032193                          /usr/lib/jvm/java-11-openjdk-amd64/lib/server/classes.jsa
800002000-8003ce000 rw-p 00003000 08:11 1032193                          /usr/lib/jvm/java-11-openjdk-amd64/lib/server/classes.jsa
8003ce000-800aa6000 r--p 003cf000 08:11 1032193                          /usr/lib/jvm/java-11-openjdk-amd64/lib/server/classes.jsa
800aa6000-800aa7000 rw-p 00aa7000 08:11 1032193                          /usr/lib/jvm/java-11-openjdk-amd64/lib/server/classes.jsa
840000000-840240000 rw-p 00000000 00:00 0 
840240000-880000000 ---p 00000000 00:00 0 
75270c0ff000-75270c600000 rw-p 00000000 00:00 0 
75270c600000-752724600000 rw-p 00000000 00:00 0 
752724600000-752724640000 r-xp 00000000 08:11 8776331                    /anaconda/envs/jupyter_env/lib/python3.10/site-packages/opencv_python.libs/libquadmath-2284e583.so.0.0.0
752724640000-75272483f000 ---p 00040000 08:11 8776331                    /anaconda/envs/jupyter_env/lib/python3.10/site-packages/opencv_python.libs/libquadmath-2284e583.so.0.0.0
75272483f000-752724840000 r--p 0003f000 08:11 8776331                    /anaconda/envs/jupyter_env/lib/python3.10/site-packages/opencv_python.libs/libquadmath-2284e583.so.0.0.0
752724840000-752724841000 rw-p 00040000 08:11 8776331                    /anaconda/envs/jupyter_env/lib/python3.10/site-packages/opencv_python.libs/libquadmath-2284e583.so.0.0.0
752724841000-752724842000 rw-p 00042000 08:11 8776331                    /anaconda/envs/jupyter_env/lib/python3.10/site-packages/opencv_python.libs/libquadmath-2284e583.so.0.0.0
752724a00000-752724c7c000 r-xp 00000000 08:11 8776327                    /anaconda/envs/jupyter_env/lib/python3.10/site-packages/opencv_python.libs/libgfortran-83c28eba.so.5.0.0
752724c7c000-752724e7c000 ---p 0027c000 08:11 8776327                    /anaconda/envs/jupyter_env/lib/python3.10/site-packages/opencv_python.libs/libgfortran-83c28eba.so.5.0.0
752724e7c000-752724e7e000 r--p 0027c000 08:11 8776327                    /anaconda/envs/jupyter_env/lib/python3.10/site-packages/opencv_python.libs/libgfortran-83c28eba.so.5.0.0
752724e7e000-752724e7f000 rw-p 0027e000 08:11 8776327                    /anaconda/envs/jupyter_env/lib/python3.10/site-packages/opencv_python.libs/libgfortran-83c28eba.so.5.0.0
752724e7f000-752724e94000 rw-p 00282000 08:11 8776327                    /anaconda/envs/jupyter_env/lib/python3.10/site-packages/opencv_python.libs/libgfortran-83c28eba.so.5.0.0
752725000000-752725078000 r-xp 00000000 08:11 8776329                    /anaconda/envs/jupyter_env/lib/python3.10/site-packages/opencv_python.libs/libpcre2-16-bca4e6b3.so.0.7.1
752725078000-752725277000 ---p 00078000 08:11 8776329                    /anaconda/envs/jupyter_env/lib/python3.10/site-packages/opencv_python.libs/libpcre2-16-bca4e6b3.so.0.7.1
752725277000-752725278000 r--p 00077000 08:11 8776329                    /anaconda/envs/jupyter_env/lib/python3.10/site-packages/opencv_python.libs/libpcre2-16-bca4e6b3.so.0.7.1
752725278000-752725279000 rw-p 00078000 08:11 8776329                    /anaconda/envs/jupyter_env/lib/python3.10/site-packages/opencv_python.libs/libpcre2-16-bca4e6b3.so.0.7.1
752725279000-75272527a000 rw-p 0007a000 08:11 8776329                    /anaconda/envs/jupyter_env/lib/python3.10/site-packages/opencv_python.libs/libpcre2-16-bca4e6b3.so.0.7.1
752725400000-752725407000 r-xp 00000000 08:11 8776346                    /anaconda/envs/jupyter_env/lib/python3.10/site-packages/opencv_python.libs/libxcb-xfixes-6de855b8.so.0.0.0
752725407000-752725606000 ---p 00007000 08:11 8776346                    /anaconda/envs/jupyter_env/lib/python3.10/site-packages/opencv_python.libs/libxcb-xfixes-6de855b8.so.0.0.0
752725606000-752725607000 r--p 00006000 08:11 8776346                    /anaconda/envs/jupyter_env/lib/python3.10/site-packages/opencv_python.libs/libxcb-xfixes-6de855b8.so.0.0.0
752725607000-752725608000 rw-p 00007000 08:11 8776346                    /anaconda/envs/jupyter_env/lib/python3.10/site-packages/opencv_python.libs/libxcb-xfixes-6de855b8.so.0.0.0
752725608000-75272560c000 rw-p 0000b000 08:11 8776346                    /anaconda/envs/jupyter_env/lib/python3.10/site-packages/opencv_python.libs/libxcb-xfixes-6de855b8.so.0.0.0
752725800000-752725803000 r-xp 00000000 08:11 8776342                    /anaconda/envs/jupyter_env/lib/python3.10/site-packages/opencv_python.libs/libxcb-shape-7716c890.so.0.0.0
752725803000-752725a02000 ---p 00003000 08:11 8776342                    /anaconda/envs/jupyter_env/lib/python3.10/site-packages/opencv_python.libs/libxcb-shape-7716c890.so.0.0.0
752725a02000-752725a03000 r--p 00002000 08:11 8776342                    /anaconda/envs/jupyter_env/lib/python3.10/site-packages/opencv_python.libs/libxcb-shape-7716c890.so.0.0.0
752725a03000-752725a04000 rw-p 00003000 08:11 8776342                    /anaconda/envs/jupyter_env/lib/python3.10/site-packages/opencv_python.libs/libxcb-shape-7716c890.so.0.0.0
752725a04000-752725a06000 rw-p 00005000 08:11 8776342                    /anaconda/envs/jupyter_env/lib/python3.10/site-packages/opencv_python.libs/libxcb-shape-7716c890.so.0.0.0
752725c00000-752725c02000 r-xp 00000000 08:11 8776343                    /anaconda/envs/jupyter_env/lib/python3.10/site-packages/opencv_python.libs/libxcb-shm-0be6dfbf.so.0.0.0
752725c02000-752725e02000 ---p 00002000 08:11 8776343                    /anaconda/envs/jupyter_env/lib/python3.10/site-packages/opencv_python.libs/libxcb-shm-0be6dfbf.so.0.0.0
752725e02000-752725e03000 r--p 00002000 08:11 8776343                    /anaconda/envs/jupyter_env/lib/python3.10/site-packages/opencv_python.libs/libxcb-shm-0be6dfbf.so.0.0.0
752725e03000-752725e04000 rw-p 00003000 08:11 8776343                    /anaconda/envs/jupyter_env/lib/python3.10/site-packages/opencv_python.libs/libxcb-shm-0be6dfbf.so.0.0.0
752725e04000-752725e06000 rw-p 00005000 08:11 8776343                    /anaconda/envs/jupyter_env/lib/python3.10/site-packages/opencv_python.libs/libxcb-shm-0be6dfbf.so.0.0.0
752726000000-75272607d000 r--p 00000000 08:11 8776321                    /anaconda/envs/jupyter_env/lib/python3.10/site-packages/opencv_python.libs/libavfilter-93b41299.so.11.4.100
75272607d000-752726416000 r-xp 0007d000 08:11 8776321                    /anaconda/envs/jupyter_env/lib/python3.10/site-packages/opencv_python.libs/libavfilter-93b41299.so.11.4.100
752726416000-7527264a1000 r--p 00416000 08:11 8776321                    /anaconda/envs/jupyter_env/lib/python3.10/site-packages/opencv_python.libs/libavfilter-93b41299.so.11.4.100
7527264a1000-752726519000 r--p 004a0000 08:11 8776321                    /anaconda/envs/jupyter_env/lib/python3.10/site-packages/opencv_python.libs/libavfilter-93b41299.so.11.4.100
752726519000-75272651a000 rw-p 00518000 08:11 8776321                    /anaconda/envs/jupyter_env/lib/python3.10/site-packages/opencv_python.libs/libavfilter-93b41299.so.11.4.100
75272651a000-75272651e000 rw-p 00000000 00:00 0 
75272651e000-752726523000 rw-p 0051a000 08:11 8776321                    /anaconda/envs/jupyter_env/lib/python3.10/site-packages/opencv_python.libs/libavfilter-93b41299.so.11.4.100
752726600000-752726614000 r-xp 00000000 08:11 8776326                    /anaconda/envs/jupyter_env/lib/python3.10/site-packages/opencv_python.libs/libdrm-b0291a67.so.2.4.0
752726614000-752726813000 ---p 00014000 08:11 8776326                    /anaconda/envs/jupyter_env/lib/python3.10/site-packages/opencv_python.libs/libdrm-b0291a67.so.2.4.0
752726813000-752726814000 r--p 00013000 08:11 8776326                    /anaconda/envs/jupyter_env/lib/python3.10/site-packages/opencv_python.libs/libdrm-b0291a67.so.2.4.0
752726814000-752726815000 rw-p 00000000 00:00 0 
752726815000-752726817000 rw-p 00016000 08:11 8776326                    /anaconda/envs/jupyter_env/lib/python3.10/site-packages/opencv_python.libs/libdrm-b0291a67.so.2.4.0
752726a00000-752726cb6000 r-xp 00000000 08:11 8776325                    /anaconda/envs/jupyter_env/lib/python3.10/site-packages/opencv_python.libs/libcrypto-bdaed0ea.so.1.1.1k
752726cb6000-752726eb6000 ---p 002b6000 08:11 8776325                    /anaconda/envs/jupyter_env/lib/python3.10/site-packages/opencv_python.libs/libcrypto-bdaed0ea.so.1.1.1k
752726eb6000-752726ee2000 r--p 002b6000 08:11 8776325                    /anaconda/envs/jupyter_env/lib/python3.10/site-packages/opencv_python.libs/libcrypto-bdaed0ea.so.1.1.1k
752726ee2000-752726ee6000 rw-p 002e2000 08:11 8776325                    /anaconda/envs/jupyter_env/lib/python3.10/site-packages/opencv_python.libs/libcrypto-bdaed0ea.so.1.1.1k
752726ee6000-752726eeb000 rw-p 00000000 00:00 0 
752726eeb000-752726f0b000 rw-p 002f2000 08:11 8776325                    /anaconda/envs/jupyter_env/lib/python3.10/site-packages/opencv_python.libs/libcrypto-bdaed0ea.so.1.1.1k
752727000000-752727087000 r-xp 00000000 08:11 8776332                    /anaconda/envs/jupyter_env/lib/python3.10/site-packages/opencv_python.libs/libssl-60250281.so.1.1.1k
752727087000-752727287000 ---p 00087000 08:11 8776332                    /anaconda/envs/jupyter_env/lib/python3.10/site-packages/opencv_python.libs/libssl-60250281.so.1.1.1k
752727287000-752727290000 r--p 00087000 08:11 8776332                    /anaconda/envs/jupyter_env/lib/python3.10/site-packages/opencv_python.libs/libssl-60250281.so.1.1.1k
752727290000-752727294000 rw-p 00090000 08:11 8776332                    /anaconda/envs/jupyter_env/lib/python3.10/site-packages/opencv_python.libs/libssl-60250281.so.1.1.1k
752727294000-752727295000 rw-p 00000000 00:00 0 
752727295000-7527272a0000 rw-p 00098000 08:11 8776332                    /anaconda/envs/jupyter_env/lib/python3.10/site-packages/opencv_python.libs/libssl-60250281.so.1.1.1k
752727400000-752727407000 r--p 00000000 08:11 8776335                    /anaconda/envs/jupyter_env/lib/python3.10/site-packages/opencv_python.libs/libvpx-ab02766e.so.11.0.1
752727407000-7527276fe000 r-xp 00007000 08:11 8776335                    /anaconda/envs/jupyter_env/lib/python3.10/site-packages/opencv_python.libs/libvpx-ab02766e.so.11.0.1
7527276fe000-75272774d000 r--p 002fe000 08:11 8776335                    /anaconda/envs/jupyter_env/lib/python3.10/site-packages/opencv_python.libs/libvpx-ab02766e.so.11.0.1
75272774d000-752727750000 r--p 0034d000 08:11 8776335                    /anaconda/envs/jupyter_env/lib/python3.10/site-packages/opencv_python.libs/libvpx-ab02766e.so.11.0.1
752727750000-752727751000 rw-p 00350000 08:11 8776335                    /anaconda/envs/jupyter_env/lib/python3.10/site-packages/opencv_python.libs/libvpx-ab02766e.so.11.0.1
752727751000-752727758000 rw-p 00000000 00:00 0 
752727758000-752727759000 rw-p 00385000 08:11 8776335                    /anaconda/envs/jupyter_env/lib/python3.10/site-packages/opencv_python.libs/libvpx-ab02766e.so.11.0.1
752727800000-752727817000 r--p 00000000 08:11 8776318                    /anaconda/envs/jupyter_env/lib/python3.10/site-packages/opencv_python.libs/libaom-512edd8c.so.3.13.1
752727817000-752727e39000 r-xp 00017000 08:11 8776318                    /anaconda/envs/jupyter_env/lib/python3.10/site-packages/opencv_python.libs/libaom-512edd8c.so.3.13.1
752727e39000-752727f31000 r--p 00639000 08:11 8776318                    /anaconda/envs/jupyter_env/lib/python3.10/site-packages/opencv_python.libs/libaom-512edd8c.so.3.13.1
752727f31000-752727f42000 r--p 00730000 08:11 8776318                    /anaconda/envs/jupyter_env/lib/python3.10/site-packages/opencv_python.libs/libaom-512edd8c.so.3.13.1
752727f42000-752727f46000 rw-p 00741000 08:11 8776318                    /anaconda/envs/jupyter_env/lib/python3.10/site-packages/opencv_python.libs/libaom-512edd8c.so.3.13.1
752727f46000-752727f93000 rw-p 00000000 00:00 0 
752727f93000-752727f94000 rw-p 007b8000 08:11 8776318                    /anaconda/envs/jupyter_env/lib/python3.10/site-packages/opencv_python.libs/libaom-512edd8c.so.3.13.1
752727fd8000-752727ff6000 r--p 00000000 08:11 4934566                    /anaconda/envs/jupyter_env/lib/libX11.so.6.4.0
752727ff6000-752728083000 r-xp 0001e000 08:11 4934566                    /anaconda/envs/jupyter_env/lib/libX11.so.6.4.0
752728083000-752728119000 r--p 000ab000 08:11 4934566                    /anaconda/envs/jupyter_env/lib/libX11.so.6.4.0
752728119000-75272811c000 r--p 00140000 08:11 4934566                    /anaconda/envs/jupyter_env/lib/libX11.so.6.4.0
75272811c000-752728120000 rw-p 00143000 08:11 4934566                    /anaconda/envs/jupyter_env/lib/libX11.so.6.4.0
752728120000-75272824b000 r--p 00000000 08:11 8776328                    /anaconda/envs/jupyter_env/lib/python3.10/site-packages/opencv_python.libs/libopenblasp-r0-59ffcd50.3.15.so
75272824b000-75272826a000 r-xp 0012b000 08:11 8776328                    /anaconda/envs/jupyter_env/lib/python3.10/site-packages/opencv_python.libs/libopenblasp-r0-59ffcd50.3.15.so
75272826a000-752728270000 ---p 0014a000 08:11 8776328                    /anaconda/envs/jupyter_env/lib/python3.10/site-packages/opencv_python.libs/libopenblasp-r0-59ffcd50.3.15.so
752728270000-75272a328000 r-xp 00150000 08:11 8776328                    /anaconda/envs/jupyter_env/lib/python3.10/site-packages/opencv_python.libs/libopenblasp-r0-59ffcd50.3.15.so
75272a328000-75272a51b000 r--p 02208000 08:11 8776328                    /anaconda/envs/jupyter_env/lib/python3.10/site-packages/opencv_python.libs/libopenblasp-r0-59ffcd50.3.15.so
75272a51b000-75272a529000 r--p 023fb000 08:11 8776328                    /anaconda/envs/jupyter_env/lib/python3.10/site-packages/opencv_python.libs/libopenblasp-r0-59ffcd50.3.15.so
75272a529000-75272a53d000 rw-p 02409000 08:11 8776328                    /anaconda/envs/jupyter_env/lib/python3.10/site-packages/opencv_python.libs/libopenblasp-r0-59ffcd50.3.15.so
75272a53d000-75272a54e000 rw-p 00000000 00:00 0 
75272a54e000-75272a5fc000 rw-p 02437000 08:11 8776328                    /anaconda/envs/jupyter_env/lib/python3.10/site-packages/opencv_python.libs/libopenblasp-r0-59ffcd50.3.15.so
75272a600000-75272a6ae000 r--p 00000000 08:11 8776311                    /anaconda/envs/jupyter_env/lib/python3.10/site-packages/opencv_python.libs/libQt5Core-195a14c9.so.5.15.18
75272a6ae000-75272a9c9000 r-xp 000ae000 08:11 8776311                    /anaconda/envs/jupyter_env/lib/python3.10/site-packages/opencv_python.libs/libQt5Core-195a14c9.so.5.15.18
75272a9c9000-75272ac01000 r--p 003c9000 08:11 8776311                    /anaconda/envs/jupyter_env/lib/python3.10/site-packages/opencv_python.libs/libQt5Core-195a14c9.so.5.15.18
75272ac01000-75272ac0f000 r--p 00601000 08:11 8776311                    /anaconda/envs/jupyter_env/lib/python3.10/site-packages/opencv_python.libs/libQt5Core-195a14c9.so.5.15.18
75272ac0f000-75272ac10000 rw-p 0060f000 08:11 8776311                    /anaconda/envs/jupyter_env/lib/python3.10/site-packages/opencv_python.libs/libQt5Core-195a14c9.so.5.15.18
75272ac10000-75272ac14000 rw-p 00000000 00:00 0 
75272ac14000-75272acd4000 rw-p 00611000 08:11 8776311                    /anaconda/envs/jupyter_env/lib/python3.10/site-packages/opencv_python.libs/libQt5Core-195a14c9.so.5.15.18
75272ae00000-75272af03000 r--p 00000000 08:11 8776312                    /anaconda/envs/jupyter_env/lib/python3.10/site-packages/opencv_python.libs/libQt5Gui-26aef175.so.5.15.18
75272af03000-75272b48b000 r-xp 00103000 08:11 8776312                    /anaconda/envs/jupyter_env/lib/python3.10/site-packages/opencv_python.libs/libQt5Gui-26aef175.so.5.15.18
75272b48b000-75272b5ab000 r--p 0068b000 08:11 8776312                    /anaconda/envs/jupyter_env/lib/python3.10/site-packages/opencv_python.libs/libQt5Gui-26aef175.so.5.15.18
75272b5ab000-75272b5bc000 r--p 007ab000 08:11 8776312                    /anaconda/envs/jupyter_env/lib/python3.10/site-packages/opencv_python.libs/libQt5Gui-26aef175.so.5.15.18
75272b5bc000-75272b5c1000 rw-p 007bc000 08:11 8776312                    /anaconda/envs/jupyter_env/lib/python3.10/site-packages/opencv_python.libs/libQt5Gui-26aef175.so.5.15.18
75272b5c1000-75272b5cc000 rw-p 00000000 00:00 0 
75272b5cc000-75272b777000 rw-p 007c2000 08:11 8776312                    /anaconda/envs/jupyter_env/lib/python3.10/site-packages/opencv_python.libs/libQt5Gui-26aef175.so.5.15.18
75272b800000-75272b980000 r--p 00000000 08:11 8776314                    /anaconda/envs/jupyter_env/lib/python3.10/site-packages/opencv_python.libs/libQt5Widgets-da081f00.so.5.15.18
75272b980000-75272bd25000 r-xp 00180000 08:11 8776314                    /anaconda/envs/jupyter_env/lib/python3.10/site-packages/opencv_python.libs/libQt5Widgets-da081f00.so.5.15.18
75272bd25000-75272be8e000 r--p 00525000 08:11 8776314                    /anaconda/envs/jupyter_env/lib/python3.10/site-packages/opencv_python.libs/libQt5Widgets-da081f00.so.5.15.18
75272be8e000-75272bebb000 r--p 0068e000 08:11 8776314                    /anaconda/envs/jupyter_env/lib/python3.10/site-packages/opencv_python.libs/libQt5Widgets-da081f00.so.5.15.18
75272bebb000-75272bec0000 rw-p 006bb000 08:11 8776314                    /anaconda/envs/jupyter_env/lib/python3.10/site-packages/opencv_python.libs/libQt5Widgets-da081f00.so.5.15.18
75272bec0000-75272c0b3000 rw-p 006c1000 08:11 8776314                    /anaconda/envs/jupyter_env/lib/python3.10/site-packages/opencv_python.libs/libQt5Widgets-da081f00.so.5.15.18
75272c0de000-75272c0fb000 r--p 00000000 08:11 4820                       /usr/lib/x86_64-linux-gnu/libglib-2.0.so.0.7200.4
75272c0fb000-75272c18a000 r-xp 0001d000 08:11 4820                       /usr/lib/x86_64-linux-gnu/libglib-2.0.so.0.7200.4
75272c18a000-75272c214000 r--p 000ac000 08:11 4820                       /usr/lib/x86_64-linux-gnu/libglib-2.0.so.0.7200.4
75272c214000-75272c215000 ---p 00136000 08:11 4820                       /usr/lib/x86_64-linux-gnu/libglib-2.0.so.0.7200.4
75272c215000-75272c216000 r--p 00136000 08:11 4820                       /usr/lib/x86_64-linux-gnu/libglib-2.0.so.0.7200.4
75272c216000-75272c217000 rw-p 00137000 08:11 4820                       /usr/lib/x86_64-linux-gnu/libglib-2.0.so.0.7200.4
75272c217000-75272c218000 rw-p 00000000 00:00 0 
75272c218000-75272c21b000 r--p 00000000 08:11 8776334                    /anaconda/envs/jupyter_env/lib/python3.10/site-packages/opencv_python.libs/libswscale-09114b18.so.9.1.100
75272c21b000-75272c3a1000 r-xp 00003000 08:11 8776334                    /anaconda/envs/jupyter_env/lib/python3.10/site-packages/opencv_python.libs/libswscale-09114b18.so.9.1.100
75272c3a1000-75272c3b7000 r--p 00189000 08:11 8776334                    /anaconda/envs/jupyter_env/lib/python3.10/site-packages/opencv_python.libs/libswscale-09114b18.so.9.1.100
75272c3b7000-75272c3b9000 r--p 0019e000 08:11 8776334                    /anaconda/envs/jupyter_env/lib/python3.10/site-packages/opencv_python.libs/libswscale-09114b18.so.9.1.100
75272c3b9000-75272c3ba000 rw-p 001a0000 08:11 8776334                    /anaconda/envs/jupyter_env/lib/python3.10/site-packages/opencv_python.libs/libswscale-09114b18.so.9.1.100
75272c3ba000-75272c3fe000 rw-p 00000000 00:00 0 
75272c3fe000-75272c400000 rw-p 001a1000 08:11 8776334                    /anaconda/envs/jupyter_env/lib/python3.10/site-packages/opencv_python.libs/libswscale-09114b18.so.9.1.100
75272c400000-75272c417000 r--p 00000000 08:11 8776324                    /anaconda/envs/jupyter_env/lib/python3.10/site-packages/opencv_python.libs/libavutil-ec54c519.so.60.8.100
75272c417000-75272c4cd000 r-xp 00017000 08:11 8776324                    /anaconda/envs/jupyter_env/lib/python3.10/site-packages/opencv_python.libs/libavutil-ec54c519.so.60.8.100
75272c4cd000-75272c4eb000 r--p 000cd000 08:11 8776324                    /anaconda/envs/jupyter_env/lib/python3.10/site-packages/opencv_python.libs/libavutil-ec54c519.so.60.8.100
75272c4eb000-75272c501000 r--p 000eb000 08:11 8776324                    /anaconda/envs/jupyter_env/lib/python3.10/site-packages/opencv_python.libs/libavutil-ec54c519.so.60.8.100
75272c501000-75272c502000 rw-p 00101000 08:11 8776324                    /anaconda/envs/jupyter_env/lib/python3.10/site-packages/opencv_python.libs/libavutil-ec54c519.so.60.8.100
75272c502000-75272d511000 rw-p 00000000 00:00 0 
75272d511000-75272d51a000 rw-p 00102000 08:11 8776324                    /anaconda/envs/jupyter_env/lib/python3.10/site-packages/opencv_python.libs/libavutil-ec54c519.so.60.8.100
75272d600000-75272d63d000 r--p 00000000 08:11 8776322                    /anaconda/envs/jupyter_env/lib/python3.10/site-packages/opencv_python.libs/libavformat-8c8a026e.so.62.3.100
75272d63d000-75272d80d000 r-xp 0003d000 08:11 8776322                    /anaconda/envs/jupyter_env/lib/python3.10/site-packages/opencv_python.libs/libavformat-8c8a026e.so.62.3.100
75272d80d000-75272d892000 r--p 0020d000 08:11 8776322                    /anaconda/envs/jupyter_env/lib/python3.10/site-packages/opencv_python.libs/libavformat-8c8a026e.so.62.3.100
75272d892000-75272d8c7000 r--p 00291000 08:11 8776322                    /anaconda/envs/jupyter_env/lib/python3.10/site-packages/opencv_python.libs/libavformat-8c8a026e.so.62.3.100
75272d8c7000-75272d8d1000 rw-p 002c6000 08:11 8776322                    /anaconda/envs/jupyter_env/lib/python3.10/site-packages/opencv_python.libs/libavformat-8c8a026e.so.62.3.100
75272d98a000-75272d98c000 r--p 00000000 08:11 3975                       /usr/lib/x86_64-linux-gnu/libpcre.so.3.13.3
75272d98c000-75272d9e1000 r-xp 00002000 08:11 3975                       /usr/lib/x86_64-linux-gnu/libpcre.so.3.13.3
75272d9e1000-75272d9fe000 r--p 00057000 08:11 3975                       /usr/lib/x86_64-linux-gnu/libpcre.so.3.13.3
75272d9fe000-75272d9ff000 r--p 00073000 08:11 3975                       /usr/lib/x86_64-linux-gnu/libpcre.so.3.13.3
75272d9ff000-75272da00000 rw-p 00074000 08:11 3975                       /usr/lib/x86_64-linux-gnu/libpcre.so.3.13.3
75272da00000-75272da73000 r--p 00000000 08:11 8776319                    /anaconda/envs/jupyter_env/lib/python3.10/site-packages/opencv_python.libs/libavcodec-156beeea.so.62.11.100
75272da73000-75272e825000 r-xp 00073000 08:11 8776319                    /anaconda/envs/jupyter_env/lib/python3.10/site-packages/opencv_python.libs/libavcodec-156beeea.so.62.11.100
75272e825000-75272eb4d000 r--p 00e25000 08:11 8776319                    /anaconda/envs/jupyter_env/lib/python3.10/site-packages/opencv_python.libs/libavcodec-156beeea.so.62.11.100
75272eb4d000-75272ebac000 r--p 0114c000 08:11 8776319                    /anaconda/envs/jupyter_env/lib/python3.10/site-packages/opencv_python.libs/libavcodec-156beeea.so.62.11.100
75272ebac000-75272ebae000 rw-p 011ab000 08:11 8776319                    /anaconda/envs/jupyter_env/lib/python3.10/site-packages/opencv_python.libs/libavcodec-156beeea.so.62.11.100
75272ebae000-75272f1c9000 rw-p 00000000 00:00 0 
75272f1c9000-75272f1cf000 rw-p 011ae000 08:11 8776319                    /anaconda/envs/jupyter_env/lib/python3.10/site-packages/opencv_python.libs/libavcodec-156beeea.so.62.11.100
75272f1d6000-75272f216000 r--p 00000000 08:11 76029                      /usr/lib/x86_64-linux-gnu/libGLdispatch.so.0.0.0
75272f216000-75272f255000 r-xp 00040000 08:11 76029                      /usr/lib/x86_64-linux-gnu/libGLdispatch.so.0.0.0
75272f255000-75272f268000 r--p 0007f000 08:11 76029                      /usr/lib/x86_64-linux-gnu/libGLdispatch.so.0.0.0
75272f268000-75272f269000 ---p 00092000 08:11 76029                      /usr/lib/x86_64-linux-gnu/libGLdispatch.so.0.0.0
75272f269000-75272f285000 r--p 00092000 08:11 76029                      /usr/lib/x86_64-linux-gnu/libGLdispatch.so.0.0.0
75272f285000-75272f286000 rw-p 000ae000 08:11 76029                      /usr/lib/x86_64-linux-gnu/libGLdispatch.so.0.0.0
75272f286000-75272f28e000 rw-p 00000000 00:00 0 
75272f28e000-75272f2d1000 r--p 00000000 08:11 76055                      /usr/lib/x86_64-linux-gnu/libGL.so.1.7.0
75272f2d1000-75272f2f0000 r-xp 00043000 08:11 76055                      /usr/lib/x86_64-linux-gnu/libGL.so.1.7.0
75272f2f0000-75272f305000 r--p 00062000 08:11 76055                      /usr/lib/x86_64-linux-gnu/libGL.so.1.7.0
75272f305000-75272f313000 r--p 00076000 08:11 76055                      /usr/lib/x86_64-linux-gnu/libGL.so.1.7.0
75272f313000-75272f314000 rw-p 00084000 08:11 76055                      /usr/lib/x86_64-linux-gnu/libGL.so.1.7.0
75272f314000-75272f315000 rw-p 00000000 00:00 0 
75272f315000-75272f330000 r--p 00000000 08:11 8776323                    /anaconda/envs/jupyter_env/lib/python3.10/site-packages/opencv_python.libs/libavif-cbf1e83c.so.16.3.0
75272f330000-75272f3ca000 r-xp 0001b000 08:11 8776323                    /anaconda/envs/jupyter_env/lib/python3.10/site-packages/opencv_python.libs/libavif-cbf1e83c.so.16.3.0
75272f3ca000-75272f3ea000 r--p 000b5000 08:11 8776323                    /anaconda/envs/jupyter_env/lib/python3.10/site-packages/opencv_python.libs/libavif-cbf1e83c.so.16.3.0
75272f3ea000-75272f3ee000 r--p 000d4000 08:11 8776323                    /anaconda/envs/jupyter_env/lib/python3.10/site-packages/opencv_python.libs/libavif-cbf1e83c.so.16.3.0
75272f3ee000-75272f3f0000 rw-p 000d8000 08:11 8776323                    /anaconda/envs/jupyter_env/lib/python3.10/site-packages/opencv_python.libs/libavif-cbf1e83c.so.16.3.0
75272f3f0000-75272f400000 rw-p 000f8000 08:11 8776323                    /anaconda/envs/jupyter_env/lib/python3.10/site-packages/opencv_python.libs/libavif-cbf1e83c.so.16.3.0
75272f400000-75272f5f7000 r--p 00000000 08:11 8776181                    /anaconda/envs/jupyter_env/lib/python3.10/site-packages/cv2/cv2.abi3.so
75272f5f7000-752732bc2000 r-xp 001f7000 08:11 8776181                    /anaconda/envs/jupyter_env/lib/python3.10/site-packages/cv2/cv2.abi3.so
752732bc2000-75273356a000 r--p 037c2000 08:11 8776181                    /anaconda/envs/jupyter_env/lib/python3.10/site-packages/cv2/cv2.abi3.so
75273356a000-752733603000 r--p 0416a000 08:11 8776181                    /anaconda/envs/jupyter_env/lib/python3.10/site-packages/cv2/cv2.abi3.so
752733603000-752733669000 rw-p 04203000 08:11 8776181                    /anaconda/envs/jupyter_env/lib/python3.10/site-packages/cv2/cv2.abi3.so
752733669000-75273377d000 rw-p 00000000 00:00 0 
75273377d000-752733793000 rw-p 0426a000 08:11 8776181                    /anaconda/envs/jupyter_env/lib/python3.10/site-packages/cv2/cv2.abi3.so
7527337fd000-7527337fe000 ---p 00000000 00:00 0 
7527337fe000-752733ffe000 rw-p 00000000 00:00 0 
752733ffe000-752733fff000 ---p 00000000 00:00 0 
752733fff000-7527347ff000 rw-p 00000000 00:00 0 
7527347ff000-752734800000 ---p 00000000 00:00 0 
752734800000-752735000000 rw-p 00000000 00:00 0 
752735000000-752737000000 rw-p 00000000 00:00 0 
75273701e000-752737021000 r--p 00000000 08:11 76042                      /usr/lib/x86_64-linux-gnu/libGLX.so.0.0.0
752737021000-75273703c000 r-xp 00003000 08:11 76042                      /usr/lib/x86_64-linux-gnu/libGLX.so.0.0.0
75273703c000-75273703f000 r--p 0001e000 08:11 76042                      /usr/lib/x86_64-linux-gnu/libGLX.so.0.0.0
75273703f000-752737040000 ---p 00021000 08:11 76042                      /usr/lib/x86_64-linux-gnu/libGLX.so.0.0.0
752737040000-752737041000 r--p 00021000 08:11 76042                      /usr/lib/x86_64-linux-gnu/libGLX.so.0.0.0
752737041000-752737042000 rw-p 00022000 08:11 76042                      /usr/lib/x86_64-linux-gnu/libGLX.so.0.0.0
752737042000-752737252000 rw-p 00000000 00:00 0 
752737252000-752737261000 r--p 00000000 08:11 8775370                    /anaconda/envs/jupyter_env/lib/python3.10/site-packages/matplotlib/backends/_backend_agg.cpython-310-x86_64-linux-gnu.so
752737261000-7527372d4000 r-xp 0000f000 08:11 8775370                    /anaconda/envs/jupyter_env/lib/python3.10/site-packages/matplotlib/backends/_backend_agg.cpython-310-x86_64-linux-gnu.so
7527372d4000-7527372e8000 r--p 00082000 08:11 8775370                    /anaconda/envs/jupyter_env/lib/python3.10/site-packages/matplotlib/backends/_backend_agg.cpython-310-x86_64-linux-gnu.so
7527372e8000-7527372e9000 ---p 00096000 08:11 8775370                    /anaconda/envs/jupyter_env/lib/python3.10/site-packages/matplotlib/backends/_backend_agg.cpython-310-x86_64-linux-gnu.so
7527372e9000-7527372ea000 r--p 00096000 08:11 8775370                    /anaconda/envs/jupyter_env/lib/python3.10/site-packages/matplotlib/backends/_backend_agg.cpython-310-x86_64-linux-gnu.so
7527372ea000-7527372eb000 rw-p 00097000 08:11 8775370                    /anaconda/envs/jupyter_env/lib/python3.10/site-packages/matplotlib/backends/_backend_agg.cpython-310-x86_64-linux-gnu.so
7527372eb000-7527372ec000 rw-p 00000000 00:00 0 
7527372ec000-7527372fa000 r--p 00000000 08:11 8774269                    /anaconda/envs/jupyter_env/lib/python3.10/site-packages/pillow.libs/libfreetype-ee1c40c4.so.6.20.4
7527372fa000-7527373c5000 r-xp 0000e000 08:11 8774269                    /anaconda/envs/jupyter_env/lib/python3.10/site-packages/pillow.libs/libfreetype-ee1c40c4.so.6.20.4
7527373c5000-7527373f2000 r--p 000d9000 08:11 8774269                    /anaconda/envs/jupyter_env/lib/python3.10/site-packages/pillow.libs/libfreetype-ee1c40c4.so.6.20.4
7527373f2000-7527373f9000 r--p 00105000 08:11 8774269                    /anaconda/envs/jupyter_env/lib/python3.10/site-packages/pillow.libs/libfreetype-ee1c40c4.so.6.20.4
7527373f9000-7527373fc000 rw-p 0010c000 08:11 8774269                    /anaconda/envs/jupyter_env/lib/python3.10/site-packages/pillow.libs/libfreetype-ee1c40c4.so.6.20.4
7527373fc000-752737400000 rw-p 00162000 08:11 8774269                    /anaconda/envs/jupyter_env/lib/python3.10/site-packages/pillow.libs/libfreetype-ee1c40c4.so.6.20.4
752737400000-752737c00000 rw-p 00000000 00:00 0 
752737c00000-752737c39000 r-xp 00000000 08:11 8774401                    /anaconda/envs/jupyter_env/lib/python3.10/site-packages/kiwisolver/_cext.cpython-310-x86_64-linux-gnu.so
752737c39000-752737e38000 ---p 00039000 08:11 8774401                    /anaconda/envs/jupyter_env/lib/python3.10/site-packages/kiwisolver/_cext.cpython-310-x86_64-linux-gnu.so
752737e38000-752737e39000 r--p 00038000 08:11 8774401                    /anaconda/envs/jupyter_env/lib/python3.10/site-packages/kiwisolver/_cext.cpython-310-x86_64-linux-gnu.so
752737e39000-752737e3a000 rw-p 00039000 08:11 8774401                    /anaconda/envs/jupyter_env/lib/python3.10/site-packages/kiwisolver/_cext.cpython-310-x86_64-linux-gnu.so
752737e3a000-752737e3b000 rw-p 00000000 00:00 0 
752737e64000-752737e75000 r--p 00000000 08:11 8776313                    /anaconda/envs/jupyter_env/lib/python3.10/site-packages/opencv_python.libs/libQt5Test-0e30c269.so.5.15.18
752737e75000-752737ea3000 r-xp 00011000 08:11 8776313                    /anaconda/envs/jupyter_env/lib/python3.10/site-packages/opencv_python.libs/libQt5Test-0e30c269.so.5.15.18
752737ea3000-752737eb4000 r--p 0003f000 08:11 8776313                    /anaconda/envs/jupyter_env/lib/python3.10/site-packages/opencv_python.libs/libQt5Test-0e30c269.so.5.15.18
752737eb4000-752737eb6000 r--p 0004f000 08:11 8776313                    /anaconda/envs/jupyter_env/lib/python3.10/site-packages/opencv_python.libs/libQt5Test-0e30c269.so.5.15.18
752737eb6000-752737eb7000 rw-p 00051000 08:11 8776313                    /anaconda/envs/jupyter_env/lib/python3.10/site-packages/opencv_python.libs/libQt5Test-0e30c269.so.5.15.18
752737eb7000-752737ebb000 rw-p 00000000 00:00 0 
752737ebb000-752737ed4000 rw-p 00053000 08:11 8776313                    /anaconda/envs/jupyter_env/lib/python3.10/site-packages/opencv_python.libs/libQt5Test-0e30c269.so.5.15.18
752737ed4000-752737fd4000 rw-p 00000000 00:00 0 
752737fd4000-752737fed000 r--p 00000000 08:11 8775289                    /anaconda/envs/jupyter_env/lib/python3.10/site-packages/matplotlib/ft2font.cpython-310-x86_64-linux-gnu.so
752737fed000-7527380ba000 r-xp 00019000 08:11 8775289                    /anaconda/envs/jupyter_env/lib/python3.10/site-packages/matplotlib/ft2font.cpython-310-x86_64-linux-gnu.so
7527380ba000-7527380f7000 r--p 000e6000 08:11 8775289                    /anaconda/envs/jupyter_env/lib/python3.10/site-packages/matplotlib/ft2font.cpython-310-x86_64-linux-gnu.so
7527380f7000-7527380fe000 r--p 00122000 08:11 8775289                    /anaconda/envs/jupyter_env/lib/python3.10/site-packages/matplotlib/ft2font.cpython-310-x86_64-linux-gnu.so
7527380fe000-7527380ff000 rw-p 00129000 08:11 8775289                    /anaconda/envs/jupyter_env/lib/python3.10/site-packages/matplotlib/ft2font.cpython-310-x86_64-linux-gnu.so
7527380ff000-752738200000 rw-p 00000000 00:00 0 
752738200000-752738203000 r-xp 00000000 08:11 8774265                    /anaconda/envs/jupyter_env/lib/python3.10/site-packages/pillow.libs/libXau-154567c4.so.6.0.0
752738203000-752738402000 ---p 00003000 08:11 8774265                    /anaconda/envs/jupyter_env/lib/python3.10/site-packages/pillow.libs/libXau-154567c4.so.6.0.0
752738402000-752738403000 r--p 00002000 08:11 8774265                    /anaconda/envs/jupyter_env/lib/python3.10/site-packages/pillow.libs/libXau-154567c4.so.6.0.0
752738403000-752738404000 rw-p 00000000 00:00 0 
752738404000-752738405000 rw-p 00005000 08:11 8774265                    /anaconda/envs/jupyter_env/lib/python3.10/site-packages/pillow.libs/libXau-154567c4.so.6.0.0
75273841a000-752738426000 r--p 00000000 08:11 8774270                    /anaconda/envs/jupyter_env/lib/python3.10/site-packages/pillow.libs/libharfbuzz-0692f733.so.0.61230.0
752738426000-7527384a8000 r-xp 0000c000 08:11 8774270                    /anaconda/envs/jupyter_env/lib/python3.10/site-packages/pillow.libs/libharfbuzz-0692f733.so.0.61230.0
7527384a8000-7527384f1000 r--p 0008e000 08:11 8774270                    /anaconda/envs/jupyter_env/lib/python3.10/site-packages/pillow.libs/libharfbuzz-0692f733.so.0.61230.0
7527384f1000-7527384f2000 r--p 000d7000 08:11 8774270                    /anaconda/envs/jupyter_env/lib/python3.10/site-packages/pillow.libs/libharfbuzz-0692f733.so.0.61230.0
7527384f2000-7527384f4000 rw-p 000d8000 08:11 8774270                    /anaconda/envs/jupyter_env/lib/python3.10/site-packages/pillow.libs/libharfbuzz-0692f733.so.0.61230.0
7527384f4000-7527384fd000 rw-p 000db000 08:11 8774270                    /anaconda/envs/jupyter_env/lib/python3.10/site-packages/pillow.libs/libharfbuzz-0692f733.so.0.61230.0
7527384fd000-7527385fd000 rw-p 00000000 00:00 0 
7527385fd000-7527385fe000 ---p 00000000 00:00 0 
7527385fe000-752738dfe000 rw-p 00000000 00:00 0 
752738dfe000-752738dff000 ---p 00000000 00:00 0 
752738dff000-7527395ff000 rw-p 00000000 00:00 0 
7527395ff000-752739600000 ---p 00000000 00:00 0 
752739600000-752739e00000 rw-p 00000000 00:00 0 
752739e00000-752741e00000 rw-p 00000000 00:00 0 
752741e00000-752741e3b000 r-xp 00000000 08:11 7798490                    /anaconda/envs/jupyter_env/lib/python3.10/site-packages/numpy.libs/libquadmath-96973f99-934c22de.so.0.0.0
752741e3b000-75274203a000 ---p 0003b000 08:11 7798490                    /anaconda/envs/jupyter_env/lib/python3.10/site-packages/numpy.libs/libquadmath-96973f99-934c22de.so.0.0.0
75274203a000-75274203b000 r--p 0003a000 08:11 7798490                    /anaconda/envs/jupyter_env/lib/python3.10/site-packages/numpy.libs/libquadmath-96973f99-934c22de.so.0.0.0
75274203b000-75274203e000 rw-p 0003b000 08:11 7798490                    /anaconda/envs/jupyter_env/lib/python3.10/site-packages/numpy.libs/libquadmath-96973f99-934c22de.so.0.0.0
752742048000-75274204d000 r--p 00000000 08:11 8774282                    /anaconda/envs/jupyter_env/lib/python3.10/site-packages/pillow.libs/libzstd-761a17b6.so.1.5.7
75274204d000-7527421dd000 r-xp 00005000 08:11 8774282                    /anaconda/envs/jupyter_env/lib/python3.10/site-packages/pillow.libs/libzstd-761a17b6.so.1.5.7
7527421dd000-7527421fc000 r--p 00195000 08:11 8774282                    /anaconda/envs/jupyter_env/lib/python3.10/site-packages/pillow.libs/libzstd-761a17b6.so.1.5.7
7527421fc000-7527421fd000 r--p 001b4000 08:11 8774282                    /anaconda/envs/jupyter_env/lib/python3.10/site-packages/pillow.libs/libzstd-761a17b6.so.1.5.7
7527421fd000-752742200000 rw-p 001b5000 08:11 8774282                    /anaconda/envs/jupyter_env/lib/python3.10/site-packages/pillow.libs/libzstd-761a17b6.so.1.5.7
752742200000-752742476000 r-xp 00000000 08:11 7798488                    /anaconda/envs/jupyter_env/lib/python3.10/site-packages/numpy.libs/libgfortran-040039e1-0352e75f.so.5.0.0
752742476000-752742675000 ---p 00276000 08:11 7798488                    /anaconda/envs/jupyter_env/lib/python3.10/site-packages/numpy.libs/libgfortran-040039e1-0352e75f.so.5.0.0
752742675000-752742676000 r--p 00275000 08:11 7798488                    /anaconda/envs/jupyter_env/lib/python3.10/site-packages/numpy.libs/libgfortran-040039e1-0352e75f.so.5.0.0
752742676000-752742678000 rw-p 00276000 08:11 7798488                    /anaconda/envs/jupyter_env/lib/python3.10/site-packages/numpy.libs/libgfortran-040039e1-0352e75f.so.5.0.0
752742678000-7527426b1000 rw-p 0027b000 08:11 7798488                    /anaconda/envs/jupyter_env/lib/python3.10/site-packages/numpy.libs/libgfortran-040039e1-0352e75f.so.5.0.0
7527426d3000-7527426e1000 r--p 00000000 08:11 7043525                    /anaconda/envs/jupyter_env/lib/libxcb.so.1.1.0
7527426e1000-7527426f5000 r-xp 0000e000 08:11 7043525                    /anaconda/envs/jupyter_env/lib/libxcb.so.1.1.0
7527426f5000-7527426fe000 r--p 00022000 08:11 7043525                    /anaconda/envs/jupyter_env/lib/libxcb.so.1.1.0
7527426fe000-7527426ff000 r--p 0002a000 08:11 7043525                    /anaconda/envs/jupyter_env/lib/libxcb.so.1.1.0
7527426ff000-752742700000 rw-p 0002b000 08:11 7043525                    /anaconda/envs/jupyter_env/lib/libxcb.so.1.1.0
752742700000-752742800000 rw-p 00000000 00:00 0 
752742800000-7527428cf000 r--p 00000000 08:11 7798489                    /anaconda/envs/jupyter_env/lib/python3.10/site-packages/numpy.libs/libscipy_openblas64_-56d6093b.so
7527428cf000-752743bca000 r-xp 000cf000 08:11 7798489                    /anaconda/envs/jupyter_env/lib/python3.10/site-packages/numpy.libs/libscipy_openblas64_-56d6093b.so
752743bca000-752743db2000 r--p 013ca000 08:11 7798489                    /anaconda/envs/jupyter_env/lib/python3.10/site-packages/numpy.libs/libscipy_openblas64_-56d6093b.so
752743db2000-752743db3000 ---p 015b2000 08:11 7798489                    /anaconda/envs/jupyter_env/lib/python3.10/site-packages/numpy.libs/libscipy_openblas64_-56d6093b.so
752743db3000-752743dbb000 r--p 015b2000 08:11 7798489                    /anaconda/envs/jupyter_env/lib/python3.10/site-packages/numpy.libs/libscipy_openblas64_-56d6093b.so
752743dbb000-752743dca000 rw-p 015ba000 08:11 7798489                    /anaconda/envs/jupyter_env/lib/python3.10/site-packages/numpy.libs/libscipy_openblas64_-56d6093b.so
752743dca000-752743dd3000 rw-p 00000000 00:00 0 
752743dd3000-752743dd7000 ---p 015d3000 08:11 7798489                    /anaconda/envs/jupyter_env/lib/python3.10/site-packages/numpy.libs/libscipy_openblas64_-56d6093b.so
752743dd7000-752743f0e000 rw-p 016a6000 08:11 7798489                    /anaconda/envs/jupyter_env/lib/python3.10/site-packages/numpy.libs/libscipy_openblas64_-56d6093b.so
752743f14000-752743f17000 r--p 00000000 08:11 8776333                    /anaconda/envs/jupyter_env/lib/python3.10/site-packages/opencv_python.libs/libswresample-02b1114a.so.6.1.100
752743f17000-752743f30000 r-xp 00003000 08:11 8776333                    /anaconda/envs/jupyter_env/lib/python3.10/site-packages/opencv_python.libs/libswresample-02b1114a.so.6.1.100
752743f30000-752743f35000 r--p 0001c000 08:11 8776333                    /anaconda/envs/jupyter_env/lib/python3.10/site-packages/opencv_python.libs/libswresample-02b1114a.so.6.1.100
752743f35000-752743f37000 r--p 00020000 08:11 8776333                    /anaconda/envs/jupyter_env/lib/python3.10/site-packages/opencv_python.libs/libswresample-02b1114a.so.6.1.100
752743f37000-752743f3a000 rw-p 00022000 08:11 8776333                    /anaconda/envs/jupyter_env/lib/python3.10/site-packages/opencv_python.libs/libswresample-02b1114a.so.6.1.100
752743f3a000-752743f3f000 r--p 00000000 08:11 8776320                    /anaconda/envs/jupyter_env/lib/python3.10/site-packages/opencv_python.libs/libavdevice-13b3e407.so.62.1.100
752743f3f000-752743f48000 r-xp 00005000 08:11 8776320                    /anaconda/envs/jupyter_env/lib/python3.10/site-packages/opencv_python.libs/libavdevice-13b3e407.so.62.1.100
752743f48000-752743f4c000 r--p 0000e000 08:11 8776320                    /anaconda/envs/jupyter_env/lib/python3.10/site-packages/opencv_python.libs/libavdevice-13b3e407.so.62.1.100
752743f4c000-752743f4e000 r--p 00011000 08:11 8776320                    /anaconda/envs/jupyter_env/lib/python3.10/site-packages/opencv_python.libs/libavdevice-13b3e407.so.62.1.100
752743f4e000-752743f54000 rw-p 00013000 08:11 8776320                    /anaconda/envs/jupyter_env/lib/python3.10/site-packages/opencv_python.libs/libavdevice-13b3e407.so.62.1.100
752743f54000-752743f59000 r--p 00000000 08:11 8776330                    /anaconda/envs/jupyter_env/lib/python3.10/site-packages/opencv_python.libs/libpng16-1b998e9d.so.16.53.0
752743f59000-752743f7d000 r-xp 00005000 08:11 8776330                    /anaconda/envs/jupyter_env/lib/python3.10/site-packages/opencv_python.libs/libpng16-1b998e9d.so.16.53.0
752743f7d000-752743f88000 r--p 00029000 08:11 8776330                    /anaconda/envs/jupyter_env/lib/python3.10/site-packages/opencv_python.libs/libpng16-1b998e9d.so.16.53.0
752743f88000-752743f89000 r--p 00033000 08:11 8776330                    /anaconda/envs/jupyter_env/lib/python3.10/site-packages/opencv_python.libs/libpng16-1b998e9d.so.16.53.0
752743f89000-752743f8a000 rw-p 00034000 08:11 8776330                    /anaconda/envs/jupyter_env/lib/python3.10/site-packages/opencv_python.libs/libpng16-1b998e9d.so.16.53.0
752743f8a000-752743f8c000 rw-p 00104000 08:11 8776330                    /anaconda/envs/jupyter_env/lib/python3.10/site-packages/opencv_python.libs/libpng16-1b998e9d.so.16.53.0
752743f8c000-752743f9b000 r--p 00000000 08:11 8775232                    /anaconda/envs/jupyter_env/lib/python3.10/site-packages/matplotlib/_image.cpython-310-x86_64-linux-gnu.so
752743f9b000-752743fec000 r-xp 0000f000 08:11 8775232                    /anaconda/envs/jupyter_env/lib/python3.10/site-packages/matplotlib/_image.cpython-310-x86_64-linux-gnu.so
752743fec000-752743ffd000 r--p 00060000 08:11 8775232                    /anaconda/envs/jupyter_env/lib/python3.10/site-packages/matplotlib/_image.cpython-310-x86_64-linux-gnu.so
752743ffd000-752743ffe000 r--p 00070000 08:11 8775232                    /anaconda/envs/jupyter_env/lib/python3.10/site-packages/matplotlib/_image.cpython-310-x86_64-linux-gnu.so
752743ffe000-752743fff000 rw-p 00071000 08:11 8775232                    /anaconda/envs/jupyter_env/lib/python3.10/site-packages/matplotlib/_image.cpython-310-x86_64-linux-gnu.so
752743fff000-752744000000 rw-p 00000000 00:00 0 
752744000000-752744021000 rw-p 00000000 00:00 0 
752744021000-752748000000 ---p 00000000 00:00 0 
752748000000-752748021000 rw-p 00000000 00:00 0 
752748021000-75274c000000 ---p 00000000 00:00 0 
75274c000000-75274c029000 rw-p 00000000 00:00 0 
75274c029000-752750000000 ---p 00000000 00:00 0 
752750000000-752752642000 rw-p 00000000 00:00 0 
752752642000-752754000000 ---p 00000000 00:00 0 
752754000000-752754021000 rw-p 00000000 00:00 0 
752754021000-752758000000 ---p 00000000 00:00 0 
752758000000-752758021000 rw-p 00000000 00:00 0 
752758021000-75275c000000 ---p 00000000 00:00 0 
75275c000000-75275c021000 rw-p 00000000 00:00 0 
75275c021000-752760000000 ---p 00000000 00:00 0 
752760000000-752760021000 rw-p 00000000 00:00 0 
752760021000-752764000000 ---p 00000000 00:00 0 
752764000000-752764021000 rw-p 00000000 00:00 0 
752764021000-752768000000 ---p 00000000 00:00 0 
752768000000-752768021000 rw-p 00000000 00:00 0 
752768021000-75276c000000 ---p 00000000 00:00 0 
75276c000000-75276e1ff000 rw-p 00000000 00:00 0 
75276e1ff000-752770000000 ---p 00000000 00:00 0 
752770000000-752770617000 rw-p 00000000 00:00 0 
752770617000-752774000000 ---p 00000000 00:00 0 
752774000000-752774021000 rw-p 00000000 00:00 0 
752774021000-752778000000 ---p 00000000 00:00 0 
752778000000-752778021000 rw-p 00000000 00:00 0 
752778021000-75277c000000 ---p 00000000 00:00 0 
75277c000000-75277c021000 rw-p 00000000 00:00 0 
75277c021000-752780000000 ---p 00000000 00:00 0 
752780000000-752780021000 rw-p 00000000 00:00 0 
752780021000-752784000000 ---p 00000000 00:00 0 
752784000000-752784021000 rw-p 00000000 00:00 0 
752784021000-752788000000 ---p 00000000 00:00 0 
752788000000-752788d0d000 rw-p 00000000 00:00 0 
752788d0d000-75278c000000 ---p 00000000 00:00 0 
75278c000000-75278c021000 rw-p 00000000 00:00 0 
75278c021000-752790000000 ---p 00000000 00:00 0 
752790016000-75279001b000 r--p 00000000 08:11 8776150                    /anaconda/envs/jupyter_env/lib/python3.10/site-packages/wordcloud/query_integral_image.cpython-310-x86_64-linux-gnu.so
75279001b000-75279003c000 r-xp 00005000 08:11 8776150                    /anaconda/envs/jupyter_env/lib/python3.10/site-packages/wordcloud/query_integral_image.cpython-310-x86_64-linux-gnu.so
75279003c000-752790042000 r--p 00026000 08:11 8776150                    /anaconda/envs/jupyter_env/lib/python3.10/site-packages/wordcloud/query_integral_image.cpython-310-x86_64-linux-gnu.so
752790042000-752790043000 r--p 0002c000 08:11 8776150                    /anaconda/envs/jupyter_env/lib/python3.10/site-packages/wordcloud/query_integral_image.cpython-310-x86_64-linux-gnu.so
752790043000-752790045000 rw-p 0002d000 08:11 8776150                    /anaconda/envs/jupyter_env/lib/python3.10/site-packages/wordcloud/query_integral_image.cpython-310-x86_64-linux-gnu.so
752790045000-752790047000 r--p 00000000 08:11 4815                       /usr/lib/x86_64-linux-gnu/libfribidi.so.0.4.0
752790047000-75279004a000 r-xp 00002000 08:11 4815                       /usr/lib/x86_64-linux-gnu/libfribidi.so.0.4.0
75279004a000-75279005f000 r--p 00005000 08:11 4815                       /usr/lib/x86_64-linux-gnu/libfribidi.so.0.4.0
75279005f000-752790060000 r--p 00019000 08:11 4815                       /usr/lib/x86_64-linux-gnu/libfribidi.so.0.4.0
752790060000-752790061000 rw-p 0001a000 08:11 4815                       /usr/lib/x86_64-linux-gnu/libfribidi.so.0.4.0
752790071000-752790171000 rw-p 00000000 00:00 0 
752790171000-752790179000 r--p 00000000 08:11 8774274                    /anaconda/envs/jupyter_env/lib/python3.10/site-packages/pillow.libs/libopenjp2-94e588ba.so.2.5.4
752790179000-7527901e8000 r-xp 00008000 08:11 8774274                    /anaconda/envs/jupyter_env/lib/python3.10/site-packages/pillow.libs/libopenjp2-94e588ba.so.2.5.4
7527901e8000-7527901fb000 r--p 00077000 08:11 8774274                    /anaconda/envs/jupyter_env/lib/python3.10/site-packages/pillow.libs/libopenjp2-94e588ba.so.2.5.4
7527901fb000-7527901fc000 r--p 0008a000 08:11 8774274                    /anaconda/envs/jupyter_env/lib/python3.10/site-packages/pillow.libs/libopenjp2-94e588ba.so.2.5.4
7527901fc000-7527901fd000 rw-p 0008b000 08:11 8774274                    /anaconda/envs/jupyter_env/lib/python3.10/site-packages/pillow.libs/libopenjp2-94e588ba.so.2.5.4
7527901fd000-752790200000 rw-p 0008d000 08:11 8774274                    /anaconda/envs/jupyter_env/lib/python3.10/site-packages/pillow.libs/libopenjp2-94e588ba.so.2.5.4
752790200000-752790400000 rw-p 00000000 00:00 0 
752790400000-752790428000 r--p 00000000 08:11 7798111                    /anaconda/envs/jupyter_env/lib/python3.10/site-packages/numpy/_core/_multiarray_umath.cpython-310-x86_64-linux-gnu.so
752790428000-752790bc3000 r-xp 00028000 08:11 7798111                    /anaconda/envs/jupyter_env/lib/python3.10/site-packages/numpy/_core/_multiarray_umath.cpython-310-x86_64-linux-gnu.so
752790bc3000-752790d54000 r--p 007c3000 08:11 7798111                    /anaconda/envs/jupyter_env/lib/python3.10/site-packages/numpy/_core/_multiarray_umath.cpython-310-x86_64-linux-gnu.so
752790d54000-752790d55000 ---p 00954000 08:11 7798111                    /anaconda/envs/jupyter_env/lib/python3.10/site-packages/numpy/_core/_multiarray_umath.cpython-310-x86_64-linux-gnu.so
752790d55000-752790d58000 r--p 00954000 08:11 7798111                    /anaconda/envs/jupyter_env/lib/python3.10/site-packages/numpy/_core/_multiarray_umath.cpython-310-x86_64-linux-gnu.so
752790d58000-752790d7a000 rw-p 00957000 08:11 7798111                    /anaconda/envs/jupyter_env/lib/python3.10/site-packages/numpy/_core/_multiarray_umath.cpython-310-x86_64-linux-gnu.so
752790d7a000-752790d92000 rw-p 00000000 00:00 0 
752790d92000-752790d9c000 rw-p 009ee000 08:11 7798111                    /anaconda/envs/jupyter_env/lib/python3.10/site-packages/numpy/_core/_multiarray_umath.cpython-310-x86_64-linux-gnu.so
752790d9d000-752790dac000 r--p 00000000 08:11 8775238                    /anaconda/envs/jupyter_env/lib/python3.10/site-packages/matplotlib/_path.cpython-310-x86_64-linux-gnu.so
752790dac000-752790dec000 r-xp 0000f000 08:11 8775238                    /anaconda/envs/jupyter_env/lib/python3.10/site-packages/matplotlib/_path.cpython-310-x86_64-linux-gnu.so
752790dec000-752790dfc000 r--p 0004f000 08:11 8775238                    /anaconda/envs/jupyter_env/lib/python3.10/site-packages/matplotlib/_path.cpython-310-x86_64-linux-gnu.so
752790dfc000-752790dfd000 ---p 0005f000 08:11 8775238                    /anaconda/envs/jupyter_env/lib/python3.10/site-packages/matplotlib/_path.cpython-310-x86_64-linux-gnu.so
752790dfd000-752790dfe000 r--p 0005f000 08:11 8775238                    /anaconda/envs/jupyter_env/lib/python3.10/site-packages/matplotlib/_path.cpython-310-x86_64-linux-gnu.so
752790dfe000-752790dff000 rw-p 00060000 08:11 8775238                    /anaconda/envs/jupyter_env/lib/python3.10/site-packages/matplotlib/_path.cpython-310-x86_64-linux-gnu.so
752790dff000-752791500000 rw-p 00000000 00:00 0 
752791500000-752791600000 ---p 00000000 00:00 0 
752791600000-752791800000 rw-p 00000000 00:00 0 
75279180a000-75279180b000 r--p 00000000 08:11 8774267                    /anaconda/envs/jupyter_env/lib/python3.10/site-packages/pillow.libs/libbrotlicommon-c55a5f7a.so.1.2.0
75279180b000-75279180c000 r-xp 00001000 08:11 8774267                    /anaconda/envs/jupyter_env/lib/python3.10/site-packages/pillow.libs/libbrotlicommon-c55a5f7a.so.1.2.0
75279180c000-75279182b000 r--p 00002000 08:11 8774267                    /anaconda/envs/jupyter_env/lib/python3.10/site-packages/pillow.libs/libbrotlicommon-c55a5f7a.so.1.2.0
75279182b000-75279182c000 r--p 00021000 08:11 8774267                    /anaconda/envs/jupyter_env/lib/python3.10/site-packages/pillow.libs/libbrotlicommon-c55a5f7a.so.1.2.0
75279182c000-75279182e000 rw-p 00022000 08:11 8774267                    /anaconda/envs/jupyter_env/lib/python3.10/site-packages/pillow.libs/libbrotlicommon-c55a5f7a.so.1.2.0
75279182e000-752791834000 r--p 00000000 08:11 8774271                    /anaconda/envs/jupyter_env/lib/python3.10/site-packages/pillow.libs/libjpeg-18a3f47f.so.62.4.0
752791834000-7527918cc000 r-xp 00006000 08:11 8774271                    /anaconda/envs/jupyter_env/lib/python3.10/site-packages/pillow.libs/libjpeg-18a3f47f.so.62.4.0
7527918cc000-7527918f5000 r--p 0009e000 08:11 8774271                    /anaconda/envs/jupyter_env/lib/python3.10/site-packages/pillow.libs/libjpeg-18a3f47f.so.62.4.0
7527918f5000-7527918f6000 r--p 000c7000 08:11 8774271                    /anaconda/envs/jupyter_env/lib/python3.10/site-packages/pillow.libs/libjpeg-18a3f47f.so.62.4.0
7527918f6000-7527918fb000 rw-p 000c8000 08:11 8774271                    /anaconda/envs/jupyter_env/lib/python3.10/site-packages/pillow.libs/libjpeg-18a3f47f.so.62.4.0
7527918fb000-7527918fc000 ---p 00000000 00:00 0 
7527918fc000-7527919fc000 rw-p 00000000 00:00 0 
7527919fc000-7527919fd000 ---p 00000000 00:00 0 
7527919fd000-752791afd000 rw-p 00000000 00:00 0 
752791afd000-752791b01000 ---p 00000000 00:00 0 
752791b01000-752791bfd000 rw-p 00000000 00:00 0 
752791bfd000-752791bfe000 ---p 00000000 00:00 0 
752791bfe000-752791cfe000 rw-p 00000000 00:00 0 
752791cfe000-752791cff000 ---p 00000000 00:00 0 
752791cff000-752791dff000 rw-p 00000000 00:00 0 
752791dff000-752791e00000 ---p 00000000 00:00 0 
752791e00000-752791f00000 rw-p 00000000 00:00 0 
752791f00000-752791f04000 ---p 00000000 00:00 0 
752791f04000-752792000000 rw-p 00000000 00:00 0 
752792000000-752794000000 rw-p 00000000 00:00 0 
752794000000-752794021000 rw-p 00000000 00:00 0 
752794021000-752798000000 ---p 00000000 00:00 0 
752798000000-752798021000 rw-p 00000000 00:00 0 
752798021000-75279c000000 ---p 00000000 00:00 0 
75279c000000-75279c021000 rw-p 00000000 00:00 0 
75279c021000-7527a0000000 ---p 00000000 00:00 0 
7527a0002000-7527a0007000 r--p 00000000 08:11 8774275                    /anaconda/envs/jupyter_env/lib/python3.10/site-packages/pillow.libs/libpng16-4a38ea05.so.16.53.0
7527a0007000-7527a0039000 r-xp 00005000 08:11 8774275                    /anaconda/envs/jupyter_env/lib/python3.10/site-packages/pillow.libs/libpng16-4a38ea05.so.16.53.0
7527a0039000-7527a0043000 r--p 00037000 08:11 8774275                    /anaconda/envs/jupyter_env/lib/python3.10/site-packages/pillow.libs/libpng16-4a38ea05.so.16.53.0
7527a0043000-7527a0044000 r--p 00040000 08:11 8774275                    /anaconda/envs/jupyter_env/lib/python3.10/site-packages/pillow.libs/libpng16-4a38ea05.so.16.53.0
7527a0044000-7527a0047000 rw-p 00041000 08:11 8774275                    /anaconda/envs/jupyter_env/lib/python3.10/site-packages/pillow.libs/libpng16-4a38ea05.so.16.53.0
7527a0047000-7527a004f000 r--p 00000000 08:11 8774277                    /anaconda/envs/jupyter_env/lib/python3.10/site-packages/pillow.libs/libtiff-295fd75c.so.6.2.0
7527a004f000-7527a00c4000 r-xp 00008000 08:11 8774277                    /anaconda/envs/jupyter_env/lib/python3.10/site-packages/pillow.libs/libtiff-295fd75c.so.6.2.0
7527a00c4000-7527a00f6000 r--p 0007d000 08:11 8774277                    /anaconda/envs/jupyter_env/lib/python3.10/site-packages/pillow.libs/libtiff-295fd75c.so.6.2.0
7527a00f6000-7527a00fa000 r--p 000af000 08:11 8774277                    /anaconda/envs/jupyter_env/lib/python3.10/site-packages/pillow.libs/libtiff-295fd75c.so.6.2.0
7527a00fa000-7527a00fb000 rw-p 000b3000 08:11 8774277                    /anaconda/envs/jupyter_env/lib/python3.10/site-packages/pillow.libs/libtiff-295fd75c.so.6.2.0
7527a00fb000-7527a00ff000 rw-p 000b5000 08:11 8774277                    /anaconda/envs/jupyter_env/lib/python3.10/site-packages/pillow.libs/libtiff-295fd75c.so.6.2.0
7527a00ff000-7527a0103000 ---p 00000000 00:00 0 
7527a0103000-7527a01ff000 rw-p 00000000 00:00 0 
7527a01ff000-7527a0200000 ---p 00000000 00:00 0 
7527a0200000-7527a0300000 rw-p 00000000 00:00 0 
7527a0300000-7527a0304000 ---p 00000000 00:00 0 
7527a0304000-7527a0400000 rw-p 00000000 00:00 0 
7527a0400000-7527a0404000 ---p 00000000 00:00 0 
7527a0404000-7527a0500000 rw-p 00000000 00:00 0 
7527a0500000-7527a0504000 ---p 00000000 00:00 0 
7527a0504000-7527a0600000 rw-p 00000000 00:00 0 
7527a0600000-7527a0604000 ---p 00000000 00:00 0 
7527a0604000-7527a0700000 rw-p 00000000 00:00 0 
7527a0700000-7527a0704000 ---p 00000000 00:00 0 
7527a0704000-7527a0800000 rw-p 00000000 00:00 0 
7527a0800000-7527a0804000 ---p 00000000 00:00 0 
7527a0804000-7527a0900000 rw-p 00000000 00:00 0 
7527a0900000-7527a0904000 ---p 00000000 00:00 0 
7527a0904000-7527a0a00000 rw-p 00000000 00:00 0 
7527a0a00000-7527a11c0000 rw-p 00000000 00:00 0 
7527a11c0000-7527a1618000 rw-p 00000000 00:00 0 
7527a1618000-7527a21e0000 ---p 00000000 00:00 0 
7527a21e0000-7527a21e4000 rw-p 00000000 00:00 0 
7527a21e4000-7527a21f0000 ---p 00000000 00:00 0 
7527a21f0000-7527a21f4000 rw-p 00000000 00:00 0 
7527a21f4000-7527a2200000 ---p 00000000 00:00 0 
7527a2200000-7527a2268000 rw-p 00000000 00:00 0 
7527a2268000-7527a24a0000 rw-p 00000000 00:00 0 
7527a24a0000-7527a2618000 rw-p 00000000 00:00 0 
7527a2618000-7527a31e0000 ---p 00000000 00:00 0 
7527a31e0000-7527a31e4000 rw-p 00000000 00:00 0 
7527a31e4000-7527a31f0000 ---p 00000000 00:00 0 
7527a31f0000-7527a31f4000 rw-p 00000000 00:00 0 
7527a31f4000-7527a3200000 ---p 00000000 00:00 0 
7527a3200000-7527a3470000 rwxp 00000000 00:00 0 
7527a3470000-7527a3790000 ---p 00000000 00:00 0 
7527a3790000-7527a3ec0000 rwxp 00000000 00:00 0 
7527a3ec0000-7527aacc8000 ---p 00000000 00:00 0 
7527aacc8000-7527aaf68000 rwxp 00000000 00:00 0 
7527aaf68000-7527b2200000 ---p 00000000 00:00 0 
7527b2200000-7527baa41000 r--s 00000000 08:11 1032500                    /usr/lib/jvm/java-11-openjdk-amd64/lib/modules
7527baa42000-7527baa44000 r--p 00000000 08:11 4906037                    /anaconda/envs/jupyter_env/lib/libXdmcp.so.6.0.0
7527baa44000-7527baa46000 r-xp 00002000 08:11 4906037                    /anaconda/envs/jupyter_env/lib/libXdmcp.so.6.0.0
7527baa46000-7527baa48000 r--p 00004000 08:11 4906037                    /anaconda/envs/jupyter_env/lib/libXdmcp.so.6.0.0
7527baa48000-7527baa49000 r--p 00005000 08:11 4906037                    /anaconda/envs/jupyter_env/lib/libXdmcp.so.6.0.0
7527baa49000-7527baa4a000 rw-p 00006000 08:11 4906037                    /anaconda/envs/jupyter_env/lib/libXdmcp.so.6.0.0
7527baa4a000-7527baa5b000 r--p 00000000 08:11 8774243                    /anaconda/envs/jupyter_env/lib/python3.10/site-packages/PIL/_imaging.cpython-310-x86_64-linux-gnu.so
7527baa5b000-7527baadf000 r-xp 00011000 08:11 8774243                    /anaconda/envs/jupyter_env/lib/python3.10/site-packages/PIL/_imaging.cpython-310-x86_64-linux-gnu.so
7527baadf000-7527baaf0000 r--p 00095000 08:11 8774243                    /anaconda/envs/jupyter_env/lib/python3.10/site-packages/PIL/_imaging.cpython-310-x86_64-linux-gnu.so
7527baaf0000-7527baaf4000 r--p 000a5000 08:11 8774243                    /anaconda/envs/jupyter_env/lib/python3.10/site-packages/PIL/_imaging.cpython-310-x86_64-linux-gnu.so
7527baaf4000-7527baaf8000 rw-p 000a9000 08:11 8774243                    /anaconda/envs/jupyter_env/lib/python3.10/site-packages/PIL/_imaging.cpython-310-x86_64-linux-gnu.so
7527baaf8000-7527baaff000 rw-p 00325000 08:11 8774243                    /anaconda/envs/jupyter_env/lib/python3.10/site-packages/PIL/_imaging.cpython-310-x86_64-linux-gnu.so
7527baaff000-7527bab00000 ---p 00000000 00:00 0 
7527bab00000-7527bac00000 rw-p 00000000 00:00 0 
7527bac00000-7527bae83000 r--p 00000000 08:11 1032505                    /usr/lib/jvm/java-11-openjdk-amd64/lib/server/libjvm.so
7527bae83000-7527bbb2e000 r-xp 00283000 08:11 1032505                    /usr/lib/jvm/java-11-openjdk-amd64/lib/server/libjvm.so
7527bbb2e000-7527bbd8a000 r--p 00f2e000 08:11 1032505                    /usr/lib/jvm/java-11-openjdk-amd64/lib/server/libjvm.so
7527bbd8a000-7527bbe4e000 r--p 01189000 08:11 1032505                    /usr/lib/jvm/java-11-openjdk-amd64/lib/server/libjvm.so
7527bbe4e000-7527bbe89000 rw-p 0124d000 08:11 1032505                    /usr/lib/jvm/java-11-openjdk-amd64/lib/server/libjvm.so
7527bbe89000-7527bbee0000 rw-p 00000000 00:00 0 
7527bbee0000-7527bbee2000 r--p 00000000 08:11 8774249                    /anaconda/envs/jupyter_env/lib/python3.10/site-packages/PIL/_imagingmath.cpython-310-x86_64-linux-gnu.so
7527bbee2000-7527bbee7000 r-xp 00002000 08:11 8774249                    /anaconda/envs/jupyter_env/lib/python3.10/site-packages/PIL/_imagingmath.cpython-310-x86_64-linux-gnu.so
7527bbee7000-7527bbee8000 r--p 00007000 08:11 8774249                    /anaconda/envs/jupyter_env/lib/python3.10/site-packages/PIL/_imagingmath.cpython-310-x86_64-linux-gnu.so
7527bbee8000-7527bbee9000 r--p 00008000 08:11 8774249                    /anaconda/envs/jupyter_env/lib/python3.10/site-packages/PIL/_imagingmath.cpython-310-x86_64-linux-gnu.so
7527bbee9000-7527bbeea000 rw-p 00009000 08:11 8774249                    /anaconda/envs/jupyter_env/lib/python3.10/site-packages/PIL/_imagingmath.cpython-310-x86_64-linux-gnu.so
7527bbeea000-7527bbeef000 r--p 00000000 08:11 8774247                    /anaconda/envs/jupyter_env/lib/python3.10/site-packages/PIL/_imagingft.cpython-310-x86_64-linux-gnu.so
7527bbeef000-7527bbef8000 r-xp 00005000 08:11 8774247                    /anaconda/envs/jupyter_env/lib/python3.10/site-packages/PIL/_imagingft.cpython-310-x86_64-linux-gnu.so
7527bbef8000-7527bbefb000 r--p 0000e000 08:11 8774247                    /anaconda/envs/jupyter_env/lib/python3.10/site-packages/PIL/_imagingft.cpython-310-x86_64-linux-gnu.so
7527bbefb000-7527bbefc000 r--p 00010000 08:11 8774247                    /anaconda/envs/jupyter_env/lib/python3.10/site-packages/PIL/_imagingft.cpython-310-x86_64-linux-gnu.so
7527bbefc000-7527bbefd000 rw-p 00011000 08:11 8774247                    /anaconda/envs/jupyter_env/lib/python3.10/site-packages/PIL/_imagingft.cpython-310-x86_64-linux-gnu.so
7527bbefd000-7527bbeff000 rw-p 0004b000 08:11 8774247                    /anaconda/envs/jupyter_env/lib/python3.10/site-packages/PIL/_imagingft.cpython-310-x86_64-linux-gnu.so
7527bbeff000-7527bbf00000 ---p 00000000 00:00 0 
7527bbf00000-7527bc000000 rw-p 00000000 00:00 0 
7527bc000000-7527bc021000 rw-p 00000000 00:00 0 
7527bc021000-7527c0000000 ---p 00000000 00:00 0 
7527c0000000-7527c0004000 r--p 00000000 08:11 8774273                    /anaconda/envs/jupyter_env/lib/python3.10/site-packages/pillow.libs/liblzma-61b1002e.so.5.8.2
7527c0004000-7527c0031000 r-xp 00004000 08:11 8774273                    /anaconda/envs/jupyter_env/lib/python3.10/site-packages/pillow.libs/liblzma-61b1002e.so.5.8.2
7527c0031000-7527c003e000 r--p 00031000 08:11 8774273                    /anaconda/envs/jupyter_env/lib/python3.10/site-packages/pillow.libs/liblzma-61b1002e.so.5.8.2
7527c003e000-7527c003f000 r--p 0003e000 08:11 8774273                    /anaconda/envs/jupyter_env/lib/python3.10/site-packages/pillow.libs/liblzma-61b1002e.so.5.8.2
7527c003f000-7527c0042000 rw-p 0003f000 08:11 8774273                    /anaconda/envs/jupyter_env/lib/python3.10/site-packages/pillow.libs/liblzma-61b1002e.so.5.8.2
7527c0042000-7527c004e000 r--p 00000000 08:11 8774281                    /anaconda/envs/jupyter_env/lib/python3.10/site-packages/pillow.libs/libxcb-64009ff3.so.1.1.0
7527c004e000-7527c0069000 r-xp 0000c000 08:11 8774281                    /anaconda/envs/jupyter_env/lib/python3.10/site-packages/pillow.libs/libxcb-64009ff3.so.1.1.0
7527c0069000-7527c0073000 r--p 00027000 08:11 8774281                    /anaconda/envs/jupyter_env/lib/python3.10/site-packages/pillow.libs/libxcb-64009ff3.so.1.1.0
7527c0073000-7527c0074000 r--p 00030000 08:11 8774281                    /anaconda/envs/jupyter_env/lib/python3.10/site-packages/pillow.libs/libxcb-64009ff3.so.1.1.0
7527c0074000-7527c0075000 rw-p 00031000 08:11 8774281                    /anaconda/envs/jupyter_env/lib/python3.10/site-packages/pillow.libs/libxcb-64009ff3.so.1.1.0
7527c0075000-7527c0080000 rw-p 00033000 08:11 8774281                    /anaconda/envs/jupyter_env/lib/python3.10/site-packages/pillow.libs/libxcb-64009ff3.so.1.1.0
7527c0080000-7527c008d000 r--p 00000000 08:11 8775218                    /anaconda/envs/jupyter_env/lib/python3.10/site-packages/matplotlib/_c_internal_utils.cpython-310-x86_64-linux-gnu.so
7527c008d000-7527c00a7000 r-xp 0000d000 08:11 8775218                    /anaconda/envs/jupyter_env/lib/python3.10/site-packages/matplotlib/_c_internal_utils.cpython-310-x86_64-linux-gnu.so
7527c00a7000-7527c00b0000 r--p 00027000 08:11 8775218                    /anaconda/envs/jupyter_env/lib/python3.10/site-packages/matplotlib/_c_internal_utils.cpython-310-x86_64-linux-gnu.so
7527c00b0000-7527c00b1000 r--p 0002f000 08:11 8775218                    /anaconda/envs/jupyter_env/lib/python3.10/site-packages/matplotlib/_c_internal_utils.cpython-310-x86_64-linux-gnu.so
7527c00b1000-7527c00b2000 rw-p 00030000 08:11 8775218                    /anaconda/envs/jupyter_env/lib/python3.10/site-packages/matplotlib/_c_internal_utils.cpython-310-x86_64-linux-gnu.so
7527c00b2000-7527c00b6000 r--p 00000000 08:11 7797906                    /anaconda/envs/jupyter_env/lib/python3.10/site-packages/numpy/linalg/_umath_linalg.cpython-310-x86_64-linux-gnu.so
7527c00b6000-7527c00da000 r-xp 00004000 08:11 7797906                    /anaconda/envs/jupyter_env/lib/python3.10/site-packages/numpy/linalg/_umath_linalg.cpython-310-x86_64-linux-gnu.so
7527c00da000-7527c00df000 r--p 00028000 08:11 7797906                    /anaconda/envs/jupyter_env/lib/python3.10/site-packages/numpy/linalg/_umath_linalg.cpython-310-x86_64-linux-gnu.so
7527c00df000-7527c00e0000 ---p 0002d000 08:11 7797906                    /anaconda/envs/jupyter_env/lib/python3.10/site-packages/numpy/linalg/_umath_linalg.cpython-310-x86_64-linux-gnu.so
7527c00e0000-7527c00e1000 r--p 0002d000 08:11 7797906                    /anaconda/envs/jupyter_env/lib/python3.10/site-packages/numpy/linalg/_umath_linalg.cpython-310-x86_64-linux-gnu.so
7527c00e1000-7527c00e2000 rw-p 0002e000 08:11 7797906                    /anaconda/envs/jupyter_env/lib/python3.10/site-packages/numpy/linalg/_umath_linalg.cpython-310-x86_64-linux-gnu.so
7527c00e2000-7527c00e5000 rw-p 00035000 08:11 7797906                    /anaconda/envs/jupyter_env/lib/python3.10/site-packages/numpy/linalg/_umath_linalg.cpython-310-x86_64-linux-gnu.so
7527c00e5000-7527c00e9000 r--p 00000000 08:11 1032490                    /usr/lib/jvm/java-11-openjdk-amd64/lib/libnet.so
7527c00e9000-7527c00f7000 r-xp 00004000 08:11 1032490                    /usr/lib/jvm/java-11-openjdk-amd64/lib/libnet.so
7527c00f7000-7527c00fb000 r--p 00012000 08:11 1032490                    /usr/lib/jvm/java-11-openjdk-amd64/lib/libnet.so
7527c00fb000-7527c00fc000 r--p 00015000 08:11 1032490                    /usr/lib/jvm/java-11-openjdk-amd64/lib/libnet.so
7527c00fc000-7527c00fd000 rw-p 00016000 08:11 1032490                    /usr/lib/jvm/java-11-openjdk-amd64/lib/libnet.so
7527c00fd000-7527c00fe000 ---p 00000000 00:00 0 
7527c00fe000-7527c01fe000 rw-p 00000000 00:00 0 
7527c01fe000-7527c01ff000 ---p 00000000 00:00 0 
7527c01ff000-7527c02ff000 rw-p 00000000 00:00 0 
7527c02ff000-7527c0300000 ---p 00000000 00:00 0 
7527c0300000-7527c0400000 rw-p 00000000 00:00 0 
7527c0400000-7527c0483000 rw-p 00000000 00:00 0 
7527c0483000-7527c05fc000 ---p 00000000 00:00 0 
7527c05fc000-7527c05fd000 rw-p 00000000 00:00 0 
7527c05fd000-7527c05fe000 ---p 00000000 00:00 0 
7527c05fe000-7527c05ff000 rw-p 00000000 00:00 0 
7527c05ff000-7527c0600000 ---p 00000000 00:00 0 
7527c0600000-7527c0683000 rw-p 00000000 00:00 0 
7527c0683000-7527c07fc000 ---p 00000000 00:00 0 
7527c07fc000-7527c07fd000 rw-p 00000000 00:00 0 
7527c07fd000-7527c07fe000 ---p 00000000 00:00 0 
7527c07fe000-7527c07ff000 rw-p 00000000 00:00 0 
7527c07ff000-7527c0800000 ---p 00000000 00:00 0 
7527c0800000-7527c0883000 rw-p 00000000 00:00 0 
7527c0883000-7527c09fc000 ---p 00000000 00:00 0 
7527c09fc000-7527c09fd000 rw-p 00000000 00:00 0 
7527c09fd000-7527c09fe000 ---p 00000000 00:00 0 
7527c09fe000-7527c09ff000 rw-p 00000000 00:00 0 
7527c09ff000-7527c0a00000 ---p 00000000 00:00 0 
7527c0a01000-7527c0a02000 r--p 00000000 08:11 8774268                    /anaconda/envs/jupyter_env/lib/python3.10/site-packages/pillow.libs/libbrotlidec-b57ddf63.so.1.2.0
7527c0a02000-7527c0a0b000 r-xp 00001000 08:11 8774268                    /anaconda/envs/jupyter_env/lib/python3.10/site-packages/pillow.libs/libbrotlidec-b57ddf63.so.1.2.0
7527c0a0b000-7527c0a0e000 r--p 0000a000 08:11 8774268                    /anaconda/envs/jupyter_env/lib/python3.10/site-packages/pillow.libs/libbrotlidec-b57ddf63.so.1.2.0
7527c0a0e000-7527c0a0f000 r--p 0000c000 08:11 8774268                    /anaconda/envs/jupyter_env/lib/python3.10/site-packages/pillow.libs/libbrotlidec-b57ddf63.so.1.2.0
7527c0a0f000-7527c0a12000 rw-p 0000d000 08:11 8774268                    /anaconda/envs/jupyter_env/lib/python3.10/site-packages/pillow.libs/libbrotlidec-b57ddf63.so.1.2.0
7527c0a12000-7527c0a19000 r--p 00000000 08:11 1032491                    /usr/lib/jvm/java-11-openjdk-amd64/lib/libnio.so
7527c0a19000-7527c0a21000 r-xp 00007000 08:11 1032491                    /usr/lib/jvm/java-11-openjdk-amd64/lib/libnio.so
7527c0a21000-7527c0a24000 r--p 0000f000 08:11 1032491                    /usr/lib/jvm/java-11-openjdk-amd64/lib/libnio.so
7527c0a24000-7527c0a25000 r--p 00011000 08:11 1032491                    /usr/lib/jvm/java-11-openjdk-amd64/lib/libnio.so
7527c0a25000-7527c0a26000 rw-p 00012000 08:11 1032491                    /usr/lib/jvm/java-11-openjdk-amd64/lib/libnio.so
7527c0a26000-7527c0a49000 rw-p 00000000 00:00 0 
7527c0a49000-7527c0a4a000 ---p 00000000 00:00 0 
7527c0a4a000-7527c0b4a000 rw-p 00000000 00:00 0 
7527c0b4a000-7527c0b50000 rw-p 00000000 00:00 0 
7527c0b50000-7527c0c35000 ---p 00000000 00:00 0 
7527c0c35000-7527c0c44000 rw-p 00000000 00:00 0 
7527c0c44000-7527c0d20000 ---p 00000000 00:00 0 
7527c0d20000-7527c0d25000 rw-p 00000000 00:00 0 
7527c0d25000-7527c0d2c000 ---p 00000000 00:00 0 
7527c0d2c000-7527c0d2e000 r--p 00000000 08:11 1032499                    /usr/lib/jvm/java-11-openjdk-amd64/lib/libzip.so
7527c0d2e000-7527c0d33000 r-xp 00002000 08:11 1032499                    /usr/lib/jvm/java-11-openjdk-amd64/lib/libzip.so
7527c0d33000-7527c0d35000 r--p 00007000 08:11 1032499                    /usr/lib/jvm/java-11-openjdk-amd64/lib/libzip.so
7527c0d35000-7527c0d36000 r--p 00008000 08:11 1032499                    /usr/lib/jvm/java-11-openjdk-amd64/lib/libzip.so
7527c0d36000-7527c0d37000 rw-p 00009000 08:11 1032499                    /usr/lib/jvm/java-11-openjdk-amd64/lib/libzip.so
7527c0d37000-7527c0d3f000 rw-s 00000000 08:01 1835023                    /tmp/hsperfdata_azureuser/73192
7527c0d3f000-7527c0e3f000 rw-p 00000000 00:00 0 
7527c0e3f000-7527c0e7a000 r--p 00000000 08:11 7741576                    /anaconda/envs/jupyter_env/lib/python3.10/site-packages/_jpype.cpython-310-x86_64-linux-gnu.so
7527c0e7a000-7527c0ece000 r-xp 0003b000 08:11 7741576                    /anaconda/envs/jupyter_env/lib/python3.10/site-packages/_jpype.cpython-310-x86_64-linux-gnu.so
7527c0ece000-7527c0ef7000 r--p 0008f000 08:11 7741576                    /anaconda/envs/jupyter_env/lib/python3.10/site-packages/_jpype.cpython-310-x86_64-linux-gnu.so
7527c0ef7000-7527c0efb000 r--p 000b7000 08:11 7741576                    /anaconda/envs/jupyter_env/lib/python3.10/site-packages/_jpype.cpython-310-x86_64-linux-gnu.so
7527c0efb000-7527c0eff000 rw-p 000bb000 08:11 7741576                    /anaconda/envs/jupyter_env/lib/python3.10/site-packages/_jpype.cpython-310-x86_64-linux-gnu.so
7527c0eff000-7527c10ff000 rw-p 00000000 00:00 0 
7527c10ff000-7527c1100000 ---p 00000000 00:00 0 
7527c1100000-7527c1900000 rw-p 00000000 00:00 0 
7527c1900000-7527c2c00000 rw-p 00000000 00:00 0 
7527c2c00000-7527c2c77000 r-xp 00000000 08:11 7753880                    /anaconda/envs/jupyter_env/lib/python3.10/site-packages/nacl/_sodium.abi3.so
7527c2c77000-7527c2e76000 ---p 00077000 08:11 7753880                    /anaconda/envs/jupyter_env/lib/python3.10/site-packages/nacl/_sodium.abi3.so
7527c2e76000-7527c2e78000 r--p 00076000 08:11 7753880                    /anaconda/envs/jupyter_env/lib/python3.10/site-packages/nacl/_sodium.abi3.so
7527c2e78000-7527c2e7a000 rw-p 00078000 08:11 7753880                    /anaconda/envs/jupyter_env/lib/python3.10/site-packages/nacl/_sodium.abi3.so
7527c2e7c000-7527c2e7e000 r--p 00000000 08:11 1032482                    /usr/lib/jvm/java-11-openjdk-amd64/lib/libjimage.so
7527c2e7e000-7527c2e81000 r-xp 00002000 08:11 1032482                    /usr/lib/jvm/java-11-openjdk-amd64/lib/libjimage.so
7527c2e81000-7527c2e82000 r--p 00005000 08:11 1032482                    /usr/lib/jvm/java-11-openjdk-amd64/lib/libjimage.so
7527c2e82000-7527c2e83000 ---p 00006000 08:11 1032482                    /usr/lib/jvm/java-11-openjdk-amd64/lib/libjimage.so
7527c2e83000-7527c2e84000 r--p 00006000 08:11 1032482                    /usr/lib/jvm/java-11-openjdk-amd64/lib/libjimage.so
7527c2e84000-7527c2e85000 rw-p 00007000 08:11 1032482                    /usr/lib/jvm/java-11-openjdk-amd64/lib/libjimage.so
7527c2e85000-7527c2e93000 r--p 00000000 08:11 1032479                    /usr/lib/jvm/java-11-openjdk-amd64/lib/libjava.so
7527c2e93000-7527c2ea9000 r-xp 0000e000 08:11 1032479                    /usr/lib/jvm/java-11-openjdk-amd64/lib/libjava.so
7527c2ea9000-7527c2eb0000 r--p 00024000 08:11 1032479                    /usr/lib/jvm/java-11-openjdk-amd64/lib/libjava.so
7527c2eb0000-7527c2eb1000 r--p 0002a000 08:11 1032479                    /usr/lib/jvm/java-11-openjdk-amd64/lib/libjava.so
7527c2eb1000-7527c2eb2000 rw-p 0002b000 08:11 1032479                    /usr/lib/jvm/java-11-openjdk-amd64/lib/libjava.so
7527c2eb2000-7527c2eb3000 rw-p 00000000 00:00 0 
7527c2eb3000-7527c2eb8000 r--p 00000000 08:11 7814543                    /anaconda/envs/jupyter_env/lib/python3.10/site-packages/frozenlist/_frozenlist.cpython-310-x86_64-linux-gnu.so
7527c2eb8000-7527c2ec5000 r-xp 00005000 08:11 7814543                    /anaconda/envs/jupyter_env/lib/python3.10/site-packages/frozenlist/_frozenlist.cpython-310-x86_64-linux-gnu.so
7527c2ec5000-7527c2ec9000 r--p 00012000 08:11 7814543                    /anaconda/envs/jupyter_env/lib/python3.10/site-packages/frozenlist/_frozenlist.cpython-310-x86_64-linux-gnu.so
7527c2ec9000-7527c2eca000 r--p 00015000 08:11 7814543                    /anaconda/envs/jupyter_env/lib/python3.10/site-packages/frozenlist/_frozenlist.cpython-310-x86_64-linux-gnu.so
7527c2eca000-7527c2ecc000 rw-p 00016000 08:11 7814543                    /anaconda/envs/jupyter_env/lib/python3.10/site-packages/frozenlist/_frozenlist.cpython-310-x86_64-linux-gnu.so
7527c2ecc000-7527c2ed2000 r--p 00000000 08:11 7815422                    /anaconda/envs/jupyter_env/lib/python3.10/site-packages/aiohttp/_websocket/reader_c.cpython-310-x86_64-linux-gnu.so
7527c2ed2000-7527c2ef5000 r-xp 00006000 08:11 7815422                    /anaconda/envs/jupyter_env/lib/python3.10/site-packages/aiohttp/_websocket/reader_c.cpython-310-x86_64-linux-gnu.so
7527c2ef5000-7527c2efb000 r--p 00029000 08:11 7815422                    /anaconda/envs/jupyter_env/lib/python3.10/site-packages/aiohttp/_websocket/reader_c.cpython-310-x86_64-linux-gnu.so
7527c2efb000-7527c2efc000 ---p 0002f000 08:11 7815422                    /anaconda/envs/jupyter_env/lib/python3.10/site-packages/aiohttp/_websocket/reader_c.cpython-310-x86_64-linux-gnu.so
7527c2efc000-7527c2efd000 r--p 0002f000 08:11 7815422                    /anaconda/envs/jupyter_env/lib/python3.10/site-packages/aiohttp/_websocket/reader_c.cpython-310-x86_64-linux-gnu.so
7527c2efd000-7527c2eff000 rw-p 00030000 08:11 7815422                    /anaconda/envs/jupyter_env/lib/python3.10/site-packages/aiohttp/_websocket/reader_c.cpython-310-x86_64-linux-gnu.so
7527c2eff000-7527c3000000 rw-p 00000000 00:00 0 
7527c3000000-7527c30d1000 r--p 00000000 08:11 7754219                    /anaconda/envs/jupyter_env/lib/python3.10/site-packages/cryptography/hazmat/bindings/_rust.abi3.so
7527c30d1000-7527c3763000 r-xp 000d1000 08:11 7754219                    /anaconda/envs/jupyter_env/lib/python3.10/site-packages/cryptography/hazmat/bindings/_rust.abi3.so
7527c3763000-7527c394d000 r--p 00763000 08:11 7754219                    /anaconda/envs/jupyter_env/lib/python3.10/site-packages/cryptography/hazmat/bindings/_rust.abi3.so
7527c394d000-7527c39ef000 r--p 0094d000 08:11 7754219                    /anaconda/envs/jupyter_env/lib/python3.10/site-packages/cryptography/hazmat/bindings/_rust.abi3.so
7527c39ef000-7527c3a00000 rw-p 009ef000 08:11 7754219                    /anaconda/envs/jupyter_env/lib/python3.10/site-packages/cryptography/hazmat/bindings/_rust.abi3.so
7527c3a00000-7527c3a03000 rw-p 00000000 00:00 0 
7527c3a05000-7527c3a06000 r--p 00000000 08:11 7742290                    /anaconda/envs/jupyter_env/lib/libXau.so.6.0.0
7527c3a06000-7527c3a07000 r-xp 00001000 08:11 7742290                    /anaconda/envs/jupyter_env/lib/libXau.so.6.0.0
7527c3a07000-7527c3a08000 r--p 00002000 08:11 7742290                    /anaconda/envs/jupyter_env/lib/libXau.so.6.0.0
7527c3a08000-7527c3a09000 r--p 00002000 08:11 7742290                    /anaconda/envs/jupyter_env/lib/libXau.so.6.0.0
7527c3a09000-7527c3a0a000 rw-p 00003000 08:11 7742290                    /anaconda/envs/jupyter_env/lib/libXau.so.6.0.0
7527c3a0a000-7527c3a14000 r--p 00000000 08:11 7815357                    /anaconda/envs/jupyter_env/lib/python3.10/site-packages/aiohttp/_http_parser.cpython-310-x86_64-linux-gnu.so
7527c3a14000-7527c3a6d000 r-xp 0000a000 08:11 7815357                    /anaconda/envs/jupyter_env/lib/python3.10/site-packages/aiohttp/_http_parser.cpython-310-x86_64-linux-gnu.so
7527c3a6d000-7527c3a79000 r--p 00063000 08:11 7815357                    /anaconda/envs/jupyter_env/lib/python3.10/site-packages/aiohttp/_http_parser.cpython-310-x86_64-linux-gnu.so
7527c3a79000-7527c3a7b000 r--p 0006e000 08:11 7815357                    /anaconda/envs/jupyter_env/lib/python3.10/site-packages/aiohttp/_http_parser.cpython-310-x86_64-linux-gnu.so
7527c3a7b000-7527c3a7e000 rw-p 00070000 08:11 7815357                    /anaconda/envs/jupyter_env/lib/python3.10/site-packages/aiohttp/_http_parser.cpython-310-x86_64-linux-gnu.so
7527c3a7e000-7527c3a80000 rw-p 00000000 00:00 0 
7527c3a80000-7527c3a89000 r--p 00000000 08:11 7753203                    /anaconda/envs/jupyter_env/lib/python3.10/site-packages/bcrypt/_bcrypt.abi3.so
7527c3a89000-7527c3ae3000 r-xp 00009000 08:11 7753203                    /anaconda/envs/jupyter_env/lib/python3.10/site-packages/bcrypt/_bcrypt.abi3.so
7527c3ae3000-7527c3afa000 r--p 00063000 08:11 7753203                    /anaconda/envs/jupyter_env/lib/python3.10/site-packages/bcrypt/_bcrypt.abi3.so
7527c3afa000-7527c3aff000 r--p 0007a000 08:11 7753203                    /anaconda/envs/jupyter_env/lib/python3.10/site-packages/bcrypt/_bcrypt.abi3.so
7527c3aff000-7527c3b00000 rw-p 0007f000 08:11 7753203                    /anaconda/envs/jupyter_env/lib/python3.10/site-packages/bcrypt/_bcrypt.abi3.so
7527c3b00000-7527c4000000 rw-p 00000000 00:00 0 
7527c4000000-7527c4021000 rw-p 00000000 00:00 0 
7527c4021000-7527c8000000 ---p 00000000 00:00 0 
7527c8000000-7527c802b000 rw-p 00000000 00:00 0 
7527c802b000-7527cc000000 ---p 00000000 00:00 0 
7527cc000000-7527cc021000 rw-p 00000000 00:00 0 
7527cc021000-7527d0000000 ---p 00000000 00:00 0 
7527d0000000-7527d0021000 rw-p 00000000 00:00 0 
7527d0021000-7527d4000000 ---p 00000000 00:00 0 
7527d4000000-7527d4021000 rw-p 00000000 00:00 0 
7527d4021000-7527d8000000 ---p 00000000 00:00 0 
7527d8001000-7527d8006000 r--p 00000000 08:11 1032498                    /usr/lib/jvm/java-11-openjdk-amd64/lib/libverify.so
7527d8006000-7527d800d000 r-xp 00005000 08:11 1032498                    /usr/lib/jvm/java-11-openjdk-amd64/lib/libverify.so
7527d800d000-7527d800f000 r--p 0000c000 08:11 1032498                    /usr/lib/jvm/java-11-openjdk-amd64/lib/libverify.so
7527d800f000-7527d8011000 r--p 0000d000 08:11 1032498                    /usr/lib/jvm/java-11-openjdk-amd64/lib/libverify.so
7527d8011000-7527d8012000 rw-p 0000f000 08:11 1032498                    /usr/lib/jvm/java-11-openjdk-amd64/lib/libverify.so
7527d8012000-7527d8015000 r--p 00000000 08:11 7815359                    /anaconda/envs/jupyter_env/lib/python3.10/site-packages/aiohttp/_http_writer.cpython-310-x86_64-linux-gnu.so
7527d8015000-7527d801e000 r-xp 00003000 08:11 7815359                    /anaconda/envs/jupyter_env/lib/python3.10/site-packages/aiohttp/_http_writer.cpython-310-x86_64-linux-gnu.so
7527d801e000-7527d8020000 r--p 0000c000 08:11 7815359                    /anaconda/envs/jupyter_env/lib/python3.10/site-packages/aiohttp/_http_writer.cpython-310-x86_64-linux-gnu.so
7527d8020000-7527d8021000 r--p 0000d000 08:11 7815359                    /anaconda/envs/jupyter_env/lib/python3.10/site-packages/aiohttp/_http_writer.cpython-310-x86_64-linux-gnu.so
7527d8021000-7527d8022000 rw-p 0000e000 08:11 7815359                    /anaconda/envs/jupyter_env/lib/python3.10/site-packages/aiohttp/_http_writer.cpython-310-x86_64-linux-gnu.so
7527d8022000-7527d8026000 rw-p 00000000 00:00 0 
7527d8026000-7527d802a000 r--p 00000000 08:11 7813949                    /anaconda/envs/jupyter_env/lib/python3.10/site-packages/propcache/_helpers_c.cpython-310-x86_64-linux-gnu.so
7527d802a000-7527d8036000 r-xp 00004000 08:11 7813949                    /anaconda/envs/jupyter_env/lib/python3.10/site-packages/propcache/_helpers_c.cpython-310-x86_64-linux-gnu.so
7527d8036000-7527d803a000 r--p 00010000 08:11 7813949                    /anaconda/envs/jupyter_env/lib/python3.10/site-packages/propcache/_helpers_c.cpython-310-x86_64-linux-gnu.so
7527d803a000-7527d803b000 r--p 00013000 08:11 7813949                    /anaconda/envs/jupyter_env/lib/python3.10/site-packages/propcache/_helpers_c.cpython-310-x86_64-linux-gnu.so
7527d803b000-7527d803c000 rw-p 00014000 08:11 7813949                    /anaconda/envs/jupyter_env/lib/python3.10/site-packages/propcache/_helpers_c.cpython-310-x86_64-linux-gnu.so
7527d803c000-7527d803d000 rw-p 00000000 00:00 0 
7527d803d000-7527d8042000 r--p 00000000 08:11 7814626                    /anaconda/envs/jupyter_env/lib/python3.10/site-packages/yarl/_quoting_c.cpython-310-x86_64-linux-gnu.so
7527d8042000-7527d8055000 r-xp 00005000 08:11 7814626                    /anaconda/envs/jupyter_env/lib/python3.10/site-packages/yarl/_quoting_c.cpython-310-x86_64-linux-gnu.so
7527d8055000-7527d8059000 r--p 00018000 08:11 7814626                    /anaconda/envs/jupyter_env/lib/python3.10/site-packages/yarl/_quoting_c.cpython-310-x86_64-linux-gnu.so
7527d8059000-7527d805a000 r--p 0001b000 08:11 7814626                    /anaconda/envs/jupyter_env/lib/python3.10/site-packages/yarl/_quoting_c.cpython-310-x86_64-linux-gnu.so
7527d805a000-7527d805b000 rw-p 0001c000 08:11 7814626                    /anaconda/envs/jupyter_env/lib/python3.10/site-packages/yarl/_quoting_c.cpython-310-x86_64-linux-gnu.so
7527d805b000-7527d805c000 rw-p 00000000 00:00 0 
7527d805c000-7527d8060000 r--p 00000000 08:11 7814091                    /anaconda/envs/jupyter_env/lib/python3.10/site-packages/multidict/_multidict.cpython-310-x86_64-linux-gnu.so
7527d8060000-7527d8071000 r-xp 00004000 08:11 7814091                    /anaconda/envs/jupyter_env/lib/python3.10/site-packages/multidict/_multidict.cpython-310-x86_64-linux-gnu.so
7527d8071000-7527d8075000 r--p 00015000 08:11 7814091                    /anaconda/envs/jupyter_env/lib/python3.10/site-packages/multidict/_multidict.cpython-310-x86_64-linux-gnu.so
7527d8075000-7527d8076000 r--p 00018000 08:11 7814091                    /anaconda/envs/jupyter_env/lib/python3.10/site-packages/multidict/_multidict.cpython-310-x86_64-linux-gnu.so
7527d8076000-7527d8078000 rw-p 00019000 08:11 7814091                    /anaconda/envs/jupyter_env/lib/python3.10/site-packages/multidict/_multidict.cpython-310-x86_64-linux-gnu.so
7527d8078000-7527d8378000 rw-p 00000000 00:00 0 
7527d83f9000-7527d86f9000 rw-p 00000000 00:00 0 
7527d86f9000-7527d86fc000 r--p 00000000 08:11 6967364                    /anaconda/envs/jupyter_env/lib/python3.10/lib-dynload/_multibytecodec.cpython-310-x86_64-linux-gnu.so
7527d86fc000-7527d8702000 r-xp 00003000 08:11 6967364                    /anaconda/envs/jupyter_env/lib/python3.10/lib-dynload/_multibytecodec.cpython-310-x86_64-linux-gnu.so
7527d8702000-7527d8704000 r--p 00009000 08:11 6967364                    /anaconda/envs/jupyter_env/lib/python3.10/lib-dynload/_multibytecodec.cpython-310-x86_64-linux-gnu.so
7527d8704000-7527d8705000 r--p 0000a000 08:11 6967364                    /anaconda/envs/jupyter_env/lib/python3.10/lib-dynload/_multibytecodec.cpython-310-x86_64-linux-gnu.so
7527d8705000-7527d8706000 rw-p 0000b000 08:11 6967364                    /anaconda/envs/jupyter_env/lib/python3.10/lib-dynload/_multibytecodec.cpython-310-x86_64-linux-gnu.so
7527d8706000-7527d8713000 r--p 00000000 08:11 7753029                    /anaconda/envs/jupyter_env/lib/python3.10/site-packages/charset_normalizer/md__mypyc.cpython-310-x86_64-linux-gnu.so
7527d8713000-7527d8731000 r-xp 0000d000 08:11 7753029                    /anaconda/envs/jupyter_env/lib/python3.10/site-packages/charset_normalizer/md__mypyc.cpython-310-x86_64-linux-gnu.so
7527d8731000-7527d873a000 r--p 0002b000 08:11 7753029                    /anaconda/envs/jupyter_env/lib/python3.10/site-packages/charset_normalizer/md__mypyc.cpython-310-x86_64-linux-gnu.so
7527d873a000-7527d873b000 ---p 00034000 08:11 7753029                    /anaconda/envs/jupyter_env/lib/python3.10/site-packages/charset_normalizer/md__mypyc.cpython-310-x86_64-linux-gnu.so
7527d873b000-7527d873c000 r--p 00034000 08:11 7753029                    /anaconda/envs/jupyter_env/lib/python3.10/site-packages/charset_normalizer/md__mypyc.cpython-310-x86_64-linux-gnu.so
7527d873c000-7527d8740000 rw-p 00035000 08:11 7753029                    /anaconda/envs/jupyter_env/lib/python3.10/site-packages/charset_normalizer/md__mypyc.cpython-310-x86_64-linux-gnu.so
7527d8740000-7527d8741000 rw-p 00000000 00:00 0 
7527d8741000-7527d8742000 r--p 00000000 08:11 7753027                    /anaconda/envs/jupyter_env/lib/python3.10/site-packages/charset_normalizer/md.cpython-310-x86_64-linux-gnu.so
7527d8742000-7527d8743000 r-xp 00001000 08:11 7753027                    /anaconda/envs/jupyter_env/lib/python3.10/site-packages/charset_normalizer/md.cpython-310-x86_64-linux-gnu.so
7527d8743000-7527d8744000 r--p 00002000 08:11 7753027                    /anaconda/envs/jupyter_env/lib/python3.10/site-packages/charset_normalizer/md.cpython-310-x86_64-linux-gnu.so
7527d8744000-7527d8745000 r--p 00002000 08:11 7753027                    /anaconda/envs/jupyter_env/lib/python3.10/site-packages/charset_normalizer/md.cpython-310-x86_64-linux-gnu.so
7527d8745000-7527d8746000 rw-p 00003000 08:11 7753027                    /anaconda/envs/jupyter_env/lib/python3.10/site-packages/charset_normalizer/md.cpython-310-x86_64-linux-gnu.so
7527d8746000-7527d8754000 r--p 00000000 08:11 6529158                    /anaconda/envs/jupyter_env/lib/libzstd.so.1.5.6
7527d8754000-7527d8842000 r-xp 0000e000 08:11 6529158                    /anaconda/envs/jupyter_env/lib/libzstd.so.1.5.6
7527d8842000-7527d8858000 r--p 000fc000 08:11 6529158                    /anaconda/envs/jupyter_env/lib/libzstd.so.1.5.6
7527d8858000-7527d8859000 r--p 00112000 08:11 6529158                    /anaconda/envs/jupyter_env/lib/libzstd.so.1.5.6
7527d8859000-7527d885a000 rw-p 00113000 08:11 6529158                    /anaconda/envs/jupyter_env/lib/libzstd.so.1.5.6
7527d885a000-7527d8863000 r--p 00000000 08:11 6529062                    /anaconda/envs/jupyter_env/lib/python3.10/site-packages/zstandard/backend_c.cpython-310-x86_64-linux-gnu.so
7527d8863000-7527d886f000 r-xp 00009000 08:11 6529062                    /anaconda/envs/jupyter_env/lib/python3.10/site-packages/zstandard/backend_c.cpython-310-x86_64-linux-gnu.so
7527d886f000-7527d8874000 r--p 00015000 08:11 6529062                    /anaconda/envs/jupyter_env/lib/python3.10/site-packages/zstandard/backend_c.cpython-310-x86_64-linux-gnu.so
7527d8874000-7527d8875000 r--p 0001a000 08:11 6529062                    /anaconda/envs/jupyter_env/lib/python3.10/site-packages/zstandard/backend_c.cpython-310-x86_64-linux-gnu.so
7527d8875000-7527d8878000 rw-p 0001b000 08:11 6529062                    /anaconda/envs/jupyter_env/lib/python3.10/site-packages/zstandard/backend_c.cpython-310-x86_64-linux-gnu.so
7527d8878000-7527d887b000 r--p 00000000 08:11 7045256                    /anaconda/envs/jupyter_env/lib/python3.10/site-packages/_brotli.cpython-310-x86_64-linux-gnu.so
7527d887b000-7527d88c0000 r-xp 00003000 08:11 7045256                    /anaconda/envs/jupyter_env/lib/python3.10/site-packages/_brotli.cpython-310-x86_64-linux-gnu.so
7527d88c0000-7527d8934000 r--p 00048000 08:11 7045256                    /anaconda/envs/jupyter_env/lib/python3.10/site-packages/_brotli.cpython-310-x86_64-linux-gnu.so
7527d8934000-7527d8935000 r--p 000bb000 08:11 7045256                    /anaconda/envs/jupyter_env/lib/python3.10/site-packages/_brotli.cpython-310-x86_64-linux-gnu.so
7527d8935000-7527d8936000 rw-p 000bc000 08:11 7045256                    /anaconda/envs/jupyter_env/lib/python3.10/site-packages/_brotli.cpython-310-x86_64-linux-gnu.so
7527d8936000-7527d893b000 r--p 00000000 08:11 6967377                    /anaconda/envs/jupyter_env/lib/python3.10/lib-dynload/_elementtree.cpython-310-x86_64-linux-gnu.so
7527d893b000-7527d8944000 r-xp 00005000 08:11 6967377                    /anaconda/envs/jupyter_env/lib/python3.10/lib-dynload/_elementtree.cpython-310-x86_64-linux-gnu.so
7527d8944000-7527d8948000 r--p 0000e000 08:11 6967377                    /anaconda/envs/jupyter_env/lib/python3.10/lib-dynload/_elementtree.cpython-310-x86_64-linux-gnu.so
7527d8948000-7527d8949000 r--p 00011000 08:11 6967377                    /anaconda/envs/jupyter_env/lib/python3.10/lib-dynload/_elementtree.cpython-310-x86_64-linux-gnu.so
7527d8949000-7527d894b000 rw-p 00012000 08:11 6967377                    /anaconda/envs/jupyter_env/lib/python3.10/lib-dynload/_elementtree.cpython-310-x86_64-linux-gnu.so
7527d894b000-7527d8c4b000 rw-p 00000000 00:00 0 
7527d8c4b000-7527d8c4c000 ---p 00000000 00:00 0 
7527d8c4c000-7527d944c000 rw-p 00000000 00:00 0 
7527d944c000-7527d974c000 rw-p 00000000 00:00 0 
7527d974c000-7527d9752000 r--p 00000000 08:11 4976434                    /anaconda/envs/jupyter_env/lib/python3.10/site-packages/debugpy/_vendored/pydevd/_pydevd_bundle/pydevd_cython.cpython-310-x86_64-linux-gnu.so
7527d9752000-7527d97ea000 r-xp 00006000 08:11 4976434                    /anaconda/envs/jupyter_env/lib/python3.10/site-packages/debugpy/_vendored/pydevd/_pydevd_bundle/pydevd_cython.cpython-310-x86_64-linux-gnu.so
7527d97ea000-7527d97f6000 r--p 0009e000 08:11 4976434                    /anaconda/envs/jupyter_env/lib/python3.10/site-packages/debugpy/_vendored/pydevd/_pydevd_bundle/pydevd_cython.cpython-310-x86_64-linux-gnu.so
7527d97f6000-7527d97f7000 r--p 000a9000 08:11 4976434                    /anaconda/envs/jupyter_env/lib/python3.10/site-packages/debugpy/_vendored/pydevd/_pydevd_bundle/pydevd_cython.cpython-310-x86_64-linux-gnu.so
7527d97f7000-7527d97fa000 rw-p 000aa000 08:11 4976434                    /anaconda/envs/jupyter_env/lib/python3.10/site-packages/debugpy/_vendored/pydevd/_pydevd_bundle/pydevd_cython.cpython-310-x86_64-linux-gnu.so
7527d97fa000-7527d97fb000 rw-p 00000000 00:00 0 
7527d97fb000-7527d97fc000 ---p 00000000 00:00 0 
7527d97fc000-7527d9ffc000 rw-p 00000000 00:00 0 
7527d9ffc000-7527d9ffd000 ---p 00000000 00:00 0 
7527d9ffd000-7527da7fd000 rw-p 00000000 00:00 0 
7527da7fd000-7527da7fe000 ---p 00000000 00:00 0 
7527da7fe000-7527daffe000 rw-p 00000000 00:00 0 
7527daffe000-7527dafff000 ---p 00000000 00:00 0 
7527dafff000-7527db7ff000 rw-p 00000000 00:00 0 
7527db7ff000-7527db800000 ---p 00000000 00:00 0 
7527db800000-7527dc000000 rw-p 00000000 00:00 0 
7527dc000000-7527dc04b000 rw-p 00000000 00:00 0 
7527dc04b000-7527e0000000 ---p 00000000 00:00 0 
7527e0000000-7527e0021000 rw-p 00000000 00:00 0 
7527e0021000-7527e4000000 ---p 00000000 00:00 0 
7527e4000000-7527e426d000 rw-p 00000000 00:00 0 
7527e426d000-7527e8000000 ---p 00000000 00:00 0 
7527e8003000-7527e8005000 r--p 00000000 08:11 6967325                    /anaconda/envs/jupyter_env/lib/python3.10/lib-dynload/grp.cpython-310-x86_64-linux-gnu.so
7527e8005000-7527e8006000 r-xp 00002000 08:11 6967325                    /anaconda/envs/jupyter_env/lib/python3.10/lib-dynload/grp.cpython-310-x86_64-linux-gnu.so
7527e8006000-7527e8007000 r--p 00003000 08:11 6967325                    /anaconda/envs/jupyter_env/lib/python3.10/lib-dynload/grp.cpython-310-x86_64-linux-gnu.so
7527e8007000-7527e8008000 r--p 00003000 08:11 6967325                    /anaconda/envs/jupyter_env/lib/python3.10/lib-dynload/grp.cpython-310-x86_64-linux-gnu.so
7527e8008000-7527e8009000 rw-p 00004000 08:11 6967325                    /anaconda/envs/jupyter_env/lib/python3.10/lib-dynload/grp.cpython-310-x86_64-linux-gnu.so
7527e8009000-7527e8109000 rw-p 00000000 00:00 0 
7527e8109000-7527e810a000 ---p 00000000 00:00 0 
7527e810a000-7527e890a000 rw-p 00000000 00:00 0 
7527e890a000-7527e890b000 ---p 00000000 00:00 0 
7527e890b000-7527e910b000 rw-p 00000000 00:00 0 
7527e910b000-7527e910c000 ---p 00000000 00:00 0 
7527e910c000-7527e990c000 rw-p 00000000 00:00 0 
7527e990c000-7527e990d000 ---p 00000000 00:00 0 
7527e990d000-7527ea10d000 rw-p 00000000 00:00 0 
7527ea10d000-7527ea110000 r--p 00000000 08:11 7042607                    /anaconda/envs/jupyter_env/lib/libffi.so.8.1.2
7527ea110000-7527ea11a000 r-xp 00003000 08:11 7042607                    /anaconda/envs/jupyter_env/lib/libffi.so.8.1.2
7527ea11a000-7527ea11c000 r--p 0000d000 08:11 7042607                    /anaconda/envs/jupyter_env/lib/libffi.so.8.1.2
7527ea11c000-7527ea11d000 r--p 0000e000 08:11 7042607                    /anaconda/envs/jupyter_env/lib/libffi.so.8.1.2
7527ea11d000-7527ea11e000 rw-p 0000f000 08:11 7042607                    /anaconda/envs/jupyter_env/lib/libffi.so.8.1.2
7527ea11e000-7527ea125000 r--p 00000000 08:11 6967384                    /anaconda/envs/jupyter_env/lib/python3.10/lib-dynload/_ctypes.cpython-310-x86_64-linux-gnu.so
7527ea125000-7527ea133000 r-xp 00007000 08:11 6967384                    /anaconda/envs/jupyter_env/lib/python3.10/lib-dynload/_ctypes.cpython-310-x86_64-linux-gnu.so
7527ea133000-7527ea139000 r--p 00015000 08:11 6967384                    /anaconda/envs/jupyter_env/lib/python3.10/lib-dynload/_ctypes.cpython-310-x86_64-linux-gnu.so
7527ea139000-7527ea13a000 r--p 0001a000 08:11 6967384                    /anaconda/envs/jupyter_env/lib/python3.10/lib-dynload/_ctypes.cpython-310-x86_64-linux-gnu.so
7527ea13a000-7527ea13e000 rw-p 0001b000 08:11 6967384                    /anaconda/envs/jupyter_env/lib/python3.10/lib-dynload/_ctypes.cpython-310-x86_64-linux-gnu.so
7527ea13e000-7527ea23e000 rw-p 00000000 00:00 0 
7527ea23e000-7527ea240000 r--p 00000000 08:11 6008409                    /anaconda/envs/jupyter_env/lib/python3.10/site-packages/psutil/_psutil_posix.cpython-310-x86_64-linux-gnu.so
7527ea240000-7527ea241000 r-xp 00002000 08:11 6008409                    /anaconda/envs/jupyter_env/lib/python3.10/site-packages/psutil/_psutil_posix.cpython-310-x86_64-linux-gnu.so
7527ea241000-7527ea242000 r--p 00003000 08:11 6008409                    /anaconda/envs/jupyter_env/lib/python3.10/site-packages/psutil/_psutil_posix.cpython-310-x86_64-linux-gnu.so
7527ea242000-7527ea243000 r--p 00003000 08:11 6008409                    /anaconda/envs/jupyter_env/lib/python3.10/site-packages/psutil/_psutil_posix.cpython-310-x86_64-linux-gnu.so
7527ea243000-7527ea244000 rw-p 00004000 08:11 6008409                    /anaconda/envs/jupyter_env/lib/python3.10/site-packages/psutil/_psutil_posix.cpython-310-x86_64-linux-gnu.so
7527ea244000-7527ea246000 r--p 00000000 08:11 6008410                    /anaconda/envs/jupyter_env/lib/python3.10/site-packages/psutil/_psutil_linux.cpython-310-x86_64-linux-gnu.so
7527ea246000-7527ea248000 r-xp 00002000 08:11 6008410                    /anaconda/envs/jupyter_env/lib/python3.10/site-packages/psutil/_psutil_linux.cpython-310-x86_64-linux-gnu.so
7527ea248000-7527ea249000 r--p 00004000 08:11 6008410                    /anaconda/envs/jupyter_env/lib/python3.10/site-packages/psutil/_psutil_linux.cpython-310-x86_64-linux-gnu.so
7527ea249000-7527ea24a000 r--p 00004000 08:11 6008410                    /anaconda/envs/jupyter_env/lib/python3.10/site-packages/psutil/_psutil_linux.cpython-310-x86_64-linux-gnu.so
7527ea24a000-7527ea24b000 rw-p 00005000 08:11 6008410                    /anaconda/envs/jupyter_env/lib/python3.10/site-packages/psutil/_psutil_linux.cpython-310-x86_64-linux-gnu.so
7527ea24b000-7527ea34b000 rw-p 00000000 00:00 0 
7527ea34b000-7527ea34d000 r--p 00000000 08:11 6967324                    /anaconda/envs/jupyter_env/lib/python3.10/lib-dynload/resource.cpython-310-x86_64-linux-gnu.so
7527ea34d000-7527ea34e000 r-xp 00002000 08:11 6967324                    /anaconda/envs/jupyter_env/lib/python3.10/lib-dynload/resource.cpython-310-x86_64-linux-gnu.so
7527ea34e000-7527ea34f000 r--p 00003000 08:11 6967324                    /anaconda/envs/jupyter_env/lib/python3.10/lib-dynload/resource.cpython-310-x86_64-linux-gnu.so
7527ea34f000-7527ea350000 r--p 00003000 08:11 6967324                    /anaconda/envs/jupyter_env/lib/python3.10/lib-dynload/resource.cpython-310-x86_64-linux-gnu.so
7527ea350000-7527ea351000 rw-p 00004000 08:11 6967324                    /anaconda/envs/jupyter_env/lib/python3.10/lib-dynload/resource.cpython-310-x86_64-linux-gnu.so
7527ea351000-7527ea353000 r--p 00000000 08:11 6967343                    /anaconda/envs/jupyter_env/lib/python3.10/lib-dynload/_lsprof.cpython-310-x86_64-linux-gnu.so
7527ea353000-7527ea355000 r-xp 00002000 08:11 6967343                    /anaconda/envs/jupyter_env/lib/python3.10/lib-dynload/_lsprof.cpython-310-x86_64-linux-gnu.so
7527ea355000-7527ea356000 r--p 00004000 08:11 6967343                    /anaconda/envs/jupyter_env/lib/python3.10/lib-dynload/_lsprof.cpython-310-x86_64-linux-gnu.so
7527ea356000-7527ea357000 r--p 00005000 08:11 6967343                    /anaconda/envs/jupyter_env/lib/python3.10/lib-dynload/_lsprof.cpython-310-x86_64-linux-gnu.so
7527ea357000-7527ea358000 rw-p 00006000 08:11 6967343                    /anaconda/envs/jupyter_env/lib/python3.10/lib-dynload/_lsprof.cpython-310-x86_64-linux-gnu.so
7527ea358000-7527ea758000 rw-p 00000000 00:00 0 
7527ea758000-7527ea75b000 r--p 00000000 08:11 6967386                    /anaconda/envs/jupyter_env/lib/python3.10/lib-dynload/unicodedata.cpython-310-x86_64-linux-gnu.so
7527ea75b000-7527ea75f000 r-xp 00003000 08:11 6967386                    /anaconda/envs/jupyter_env/lib/python3.10/lib-dynload/unicodedata.cpython-310-x86_64-linux-gnu.so
7527ea75f000-7527ea867000 r--p 00007000 08:11 6967386                    /anaconda/envs/jupyter_env/lib/python3.10/lib-dynload/unicodedata.cpython-310-x86_64-linux-gnu.so
7527ea867000-7527ea868000 r--p 0010f000 08:11 6967386                    /anaconda/envs/jupyter_env/lib/python3.10/lib-dynload/unicodedata.cpython-310-x86_64-linux-gnu.so
7527ea868000-7527ea869000 rw-p 00110000 08:11 6967386                    /anaconda/envs/jupyter_env/lib/python3.10/lib-dynload/unicodedata.cpython-310-x86_64-linux-gnu.so
7527ea869000-7527ea969000 rw-p 00000000 00:00 0 
7527ea969000-7527ea96d000 r--p 00000000 08:11 6516927                    /anaconda/envs/jupyter_env/lib/libexpat.so.1.10.2
7527ea96d000-7527ea98c000 r-xp 00004000 08:11 6516927                    /anaconda/envs/jupyter_env/lib/libexpat.so.1.10.2
7527ea98c000-7527ea996000 r--p 00023000 08:11 6516927                    /anaconda/envs/jupyter_env/lib/libexpat.so.1.10.2
7527ea996000-7527ea998000 r--p 0002d000 08:11 6516927                    /anaconda/envs/jupyter_env/lib/libexpat.so.1.10.2
7527ea998000-7527ea999000 rw-p 0002f000 08:11 6516927                    /anaconda/envs/jupyter_env/lib/libexpat.so.1.10.2
7527ea999000-7527ea99d000 r--p 00000000 08:11 6967371                    /anaconda/envs/jupyter_env/lib/python3.10/lib-dynload/pyexpat.cpython-310-x86_64-linux-gnu.so
7527ea99d000-7527ea9a3000 r-xp 00004000 08:11 6967371                    /anaconda/envs/jupyter_env/lib/python3.10/lib-dynload/pyexpat.cpython-310-x86_64-linux-gnu.so
7527ea9a3000-7527ea9a6000 r--p 0000a000 08:11 6967371                    /anaconda/envs/jupyter_env/lib/python3.10/lib-dynload/pyexpat.cpython-310-x86_64-linux-gnu.so
7527ea9a6000-7527ea9a7000 r--p 0000d000 08:11 6967371                    /anaconda/envs/jupyter_env/lib/python3.10/lib-dynload/pyexpat.cpython-310-x86_64-linux-gnu.so
7527ea9a7000-7527ea9a9000 rw-p 0000e000 08:11 6967371                    /anaconda/envs/jupyter_env/lib/python3.10/lib-dynload/pyexpat.cpython-310-x86_64-linux-gnu.so
7527ea9a9000-7527eaca9000 rw-p 00000000 00:00 0 
7527eaca9000-7527eacbb000 r--p 00000000 08:11 4914719                    /anaconda/envs/jupyter_env/lib/libsqlite3.so.0.8.6
7527eacbb000-7527eadca000 r-xp 00012000 08:11 4914719                    /anaconda/envs/jupyter_env/lib/libsqlite3.so.0.8.6
7527eadca000-7527eae00000 r--p 00121000 08:11 4914719                    /anaconda/envs/jupyter_env/lib/libsqlite3.so.0.8.6
7527eae00000-7527eae01000 ---p 00157000 08:11 4914719                    /anaconda/envs/jupyter_env/lib/libsqlite3.so.0.8.6
7527eae01000-7527eae05000 r--p 00157000 08:11 4914719                    /anaconda/envs/jupyter_env/lib/libsqlite3.so.0.8.6
7527eae05000-7527eae09000 rw-p 0015b000 08:11 4914719                    /anaconda/envs/jupyter_env/lib/libsqlite3.so.0.8.6
7527eae09000-7527eae0a000 rw-p 00000000 00:00 0 
7527eae0a000-7527eae11000 r--p 00000000 08:11 6967381                    /anaconda/envs/jupyter_env/lib/python3.10/lib-dynload/_sqlite3.cpython-310-x86_64-linux-gnu.so
7527eae11000-7527eae1e000 r-xp 00007000 08:11 6967381                    /anaconda/envs/jupyter_env/lib/python3.10/lib-dynload/_sqlite3.cpython-310-x86_64-linux-gnu.so
7527eae1e000-7527eae23000 r--p 00014000 08:11 6967381                    /anaconda/envs/jupyter_env/lib/python3.10/lib-dynload/_sqlite3.cpython-310-x86_64-linux-gnu.so
7527eae23000-7527eae24000 r--p 00019000 08:11 6967381                    /anaconda/envs/jupyter_env/lib/python3.10/lib-dynload/_sqlite3.cpython-310-x86_64-linux-gnu.so
7527eae24000-7527eae26000 rw-p 0001a000 08:11 6967381                    /anaconda/envs/jupyter_env/lib/python3.10/lib-dynload/_sqlite3.cpython-310-x86_64-linux-gnu.so
7527eae26000-7527eb026000 rw-p 00000000 00:00 0 
7527eb026000-7527eb027000 r--p 00000000 08:11 4823                       /usr/lib/x86_64-linux-gnu/libgthread-2.0.so.0.7200.4
7527eb027000-7527eb028000 r-xp 00001000 08:11 4823                       /usr/lib/x86_64-linux-gnu/libgthread-2.0.so.0.7200.4
7527eb028000-7527eb029000 r--p 00002000 08:11 4823                       /usr/lib/x86_64-linux-gnu/libgthread-2.0.so.0.7200.4
7527eb029000-7527eb02a000 r--p 00002000 08:11 4823                       /usr/lib/x86_64-linux-gnu/libgthread-2.0.so.0.7200.4
7527eb02a000-7527eb02b000 rw-p 00003000 08:11 4823                       /usr/lib/x86_64-linux-gnu/libgthread-2.0.so.0.7200.4
7527eb02b000-7527eb02e000 r--p 00000000 08:11 7815417                    /anaconda/envs/jupyter_env/lib/python3.10/site-packages/aiohttp/_websocket/mask.cpython-310-x86_64-linux-gnu.so
7527eb02e000-7527eb032000 r-xp 00003000 08:11 7815417                    /anaconda/envs/jupyter_env/lib/python3.10/site-packages/aiohttp/_websocket/mask.cpython-310-x86_64-linux-gnu.so
7527eb032000-7527eb034000 r--p 00007000 08:11 7815417                    /anaconda/envs/jupyter_env/lib/python3.10/site-packages/aiohttp/_websocket/mask.cpython-310-x86_64-linux-gnu.so
7527eb034000-7527eb035000 r--p 00008000 08:11 7815417                    /anaconda/envs/jupyter_env/lib/python3.10/site-packages/aiohttp/_websocket/mask.cpython-310-x86_64-linux-gnu.so
7527eb035000-7527eb036000 rw-p 00009000 08:11 7815417                    /anaconda/envs/jupyter_env/lib/python3.10/site-packages/aiohttp/_websocket/mask.cpython-310-x86_64-linux-gnu.so
7527eb036000-7527eb03e000 r--p 00000000 08:11 6529407                    /anaconda/envs/jupyter_env/lib/python3.10/site-packages/_cffi_backend.cpython-310-x86_64-linux-gnu.so
7527eb03e000-7527eb054000 r-xp 00008000 08:11 6529407                    /anaconda/envs/jupyter_env/lib/python3.10/site-packages/_cffi_backend.cpython-310-x86_64-linux-gnu.so
7527eb054000-7527eb05f000 r--p 0001e000 08:11 6529407                    /anaconda/envs/jupyter_env/lib/python3.10/site-packages/_cffi_backend.cpython-310-x86_64-linux-gnu.so
7527eb05f000-7527eb061000 r--p 00028000 08:11 6529407                    /anaconda/envs/jupyter_env/lib/python3.10/site-packages/_cffi_backend.cpython-310-x86_64-linux-gnu.so
7527eb061000-7527eb064000 rw-p 0002a000 08:11 6529407                    /anaconda/envs/jupyter_env/lib/python3.10/site-packages/_cffi_backend.cpython-310-x86_64-linux-gnu.so
7527eb064000-7527eb467000 rw-p 00000000 00:00 0 
7527eb467000-7527eb46a000 r--p 00000000 08:11 6967353                    /anaconda/envs/jupyter_env/lib/python3.10/lib-dynload/_csv.cpython-310-x86_64-linux-gnu.so
7527eb46a000-7527eb46f000 r-xp 00003000 08:11 6967353                    /anaconda/envs/jupyter_env/lib/python3.10/lib-dynload/_csv.cpython-310-x86_64-linux-gnu.so
7527eb46f000-7527eb472000 r--p 00008000 08:11 6967353                    /anaconda/envs/jupyter_env/lib/python3.10/lib-dynload/_csv.cpython-310-x86_64-linux-gnu.so
7527eb472000-7527eb473000 r--p 0000a000 08:11 6967353                    /anaconda/envs/jupyter_env/lib/python3.10/lib-dynload/_csv.cpython-310-x86_64-linux-gnu.so
7527eb473000-7527eb474000 rw-p 0000b000 08:11 6967353                    /anaconda/envs/jupyter_env/lib/python3.10/lib-dynload/_csv.cpython-310-x86_64-linux-gnu.so
7527eb474000-7527eb476000 r--p 00000000 08:11 7044049                    /anaconda/envs/jupyter_env/lib/libuuid.so.1.3.0
7527eb476000-7527eb47a000 r-xp 00002000 08:11 7044049                    /anaconda/envs/jupyter_env/lib/libuuid.so.1.3.0
7527eb47a000-7527eb47b000 r--p 00006000 08:11 7044049                    /anaconda/envs/jupyter_env/lib/libuuid.so.1.3.0
7527eb47b000-7527eb47c000 r--p 00006000 08:11 7044049                    /anaconda/envs/jupyter_env/lib/libuuid.so.1.3.0
7527eb47c000-7527eb47d000 rw-p 00007000 08:11 7044049                    /anaconda/envs/jupyter_env/lib/libuuid.so.1.3.0
7527eb47d000-7527eb47e000 r--p 00000000 08:11 6967314                    /anaconda/envs/jupyter_env/lib/python3.10/lib-dynload/_uuid.cpython-310-x86_64-linux-gnu.so
7527eb47e000-7527eb47f000 r-xp 00001000 08:11 6967314                    /anaconda/envs/jupyter_env/lib/python3.10/lib-dynload/_uuid.cpython-310-x86_64-linux-gnu.so
7527eb47f000-7527eb480000 r--p 00002000 08:11 6967314                    /anaconda/envs/jupyter_env/lib/python3.10/lib-dynload/_uuid.cpython-310-x86_64-linux-gnu.so
7527eb480000-7527eb481000 r--p 00002000 08:11 6967314                    /anaconda/envs/jupyter_env/lib/python3.10/lib-dynload/_uuid.cpython-310-x86_64-linux-gnu.so
7527eb481000-7527eb482000 rw-p 00003000 08:11 6967314                    /anaconda/envs/jupyter_env/lib/python3.10/lib-dynload/_uuid.cpython-310-x86_64-linux-gnu.so
7527eb482000-7527eb582000 rw-p 00000000 00:00 0 
7527eb582000-7527eb586000 r--p 00000000 08:11 6009370                    /anaconda/envs/jupyter_env/lib/liblzma.so.5.6.4
7527eb586000-7527eb5a4000 r-xp 00004000 08:11 6009370                    /anaconda/envs/jupyter_env/lib/liblzma.so.5.6.4
7527eb5a4000-7527eb5b0000 r--p 00022000 08:11 6009370                    /anaconda/envs/jupyter_env/lib/liblzma.so.5.6.4
7527eb5b0000-7527eb5b1000 r--p 0002e000 08:11 6009370                    /anaconda/envs/jupyter_env/lib/liblzma.so.5.6.4
7527eb5b1000-7527eb5b2000 rw-p 0002f000 08:11 6009370                    /anaconda/envs/jupyter_env/lib/liblzma.so.5.6.4
7527eb5b2000-7527eb5b5000 r--p 00000000 08:11 6967355                    /anaconda/envs/jupyter_env/lib/python3.10/lib-dynload/_lzma.cpython-310-x86_64-linux-gnu.so
7527eb5b5000-7527eb5b9000 r-xp 00003000 08:11 6967355                    /anaconda/envs/jupyter_env/lib/python3.10/lib-dynload/_lzma.cpython-310-x86_64-linux-gnu.so
7527eb5b9000-7527eb5bc000 r--p 00007000 08:11 6967355                    /anaconda/envs/jupyter_env/lib/python3.10/lib-dynload/_lzma.cpython-310-x86_64-linux-gnu.so
7527eb5bc000-7527eb5bd000 r--p 00009000 08:11 6967355                    /anaconda/envs/jupyter_env/lib/python3.10/lib-dynload/_lzma.cpython-310-x86_64-linux-gnu.so
7527eb5bd000-7527eb5be000 rw-p 0000a000 08:11 6967355                    /anaconda/envs/jupyter_env/lib/python3.10/lib-dynload/_lzma.cpython-310-x86_64-linux-gnu.so
7527eb5be000-7527eb5c0000 r--p 00000000 08:11 6527909                    /anaconda/envs/jupyter_env/lib/libbz2.so.1.0.8
7527eb5c0000-7527eb5ce000 r-xp 00002000 08:11 6527909                    /anaconda/envs/jupyter_env/lib/libbz2.so.1.0.8
7527eb5ce000-7527eb5d0000 r--p 00010000 08:11 6527909                    /anaconda/envs/jupyter_env/lib/libbz2.so.1.0.8
7527eb5d0000-7527eb5d1000 r--p 00011000 08:11 6527909                    /anaconda/envs/jupyter_env/lib/libbz2.so.1.0.8
7527eb5d1000-7527eb5d2000 rw-p 00012000 08:11 6527909                    /anaconda/envs/jupyter_env/lib/libbz2.so.1.0.8
7527eb5d2000-7527eb5d4000 r--p 00000000 08:11 6967342                    /anaconda/envs/jupyter_env/lib/python3.10/lib-dynload/_bz2.cpython-310-x86_64-linux-gnu.so
7527eb5d4000-7527eb5d6000 r-xp 00002000 08:11 6967342                    /anaconda/envs/jupyter_env/lib/python3.10/lib-dynload/_bz2.cpython-310-x86_64-linux-gnu.so
7527eb5d6000-7527eb5d8000 r--p 00004000 08:11 6967342                    /anaconda/envs/jupyter_env/lib/python3.10/lib-dynload/_bz2.cpython-310-x86_64-linux-gnu.so
7527eb5d8000-7527eb5d9000 r--p 00005000 08:11 6967342                    /anaconda/envs/jupyter_env/lib/python3.10/lib-dynload/_bz2.cpython-310-x86_64-linux-gnu.so
7527eb5d9000-7527eb5da000 rw-p 00006000 08:11 6967342                    /anaconda/envs/jupyter_env/lib/python3.10/lib-dynload/_bz2.cpython-310-x86_64-linux-gnu.so
7527eb5da000-7527eb5e1000 r--p 00000000 08:11 6967387                    /anaconda/envs/jupyter_env/lib/python3.10/lib-dynload/_decimal.cpython-310-x86_64-linux-gnu.so
7527eb5e1000-7527eb612000 r-xp 00007000 08:11 6967387                    /anaconda/envs/jupyter_env/lib/python3.10/lib-dynload/_decimal.cpython-310-x86_64-linux-gnu.so
7527eb612000-7527eb622000 r--p 00038000 08:11 6967387                    /anaconda/envs/jupyter_env/lib/python3.10/lib-dynload/_decimal.cpython-310-x86_64-linux-gnu.so
7527eb622000-7527eb623000 r--p 00047000 08:11 6967387                    /anaconda/envs/jupyter_env/lib/python3.10/lib-dynload/_decimal.cpython-310-x86_64-linux-gnu.so
7527eb623000-7527eb626000 rw-p 00048000 08:11 6967387                    /anaconda/envs/jupyter_env/lib/python3.10/lib-dynload/_decimal.cpython-310-x86_64-linux-gnu.so
7527eb626000-7527eb726000 rw-p 00000000 00:00 0 
7527eb726000-7527eb736000 r--p 00000000 08:11 4909198                    /anaconda/envs/jupyter_env/lib/libtinfow.so.6.4
7527eb736000-7527eb752000 r-xp 00010000 08:11 4909198                    /anaconda/envs/jupyter_env/lib/libtinfow.so.6.4
7527eb752000-7527eb763000 r--p 0002c000 08:11 4909198                    /anaconda/envs/jupyter_env/lib/libtinfow.so.6.4
7527eb763000-7527eb767000 r--p 0003c000 08:11 4909198                    /anaconda/envs/jupyter_env/lib/libtinfow.so.6.4
7527eb767000-7527eb768000 rw-p 00040000 08:11 4909198                    /anaconda/envs/jupyter_env/lib/libtinfow.so.6.4
7527eb768000-7527eb774000 r--p 00000000 08:11 6528042                    /anaconda/envs/jupyter_env/lib/libncursesw.so.6.4
7527eb774000-7527eb799000 r-xp 0000c000 08:11 6528042                    /anaconda/envs/jupyter_env/lib/libncursesw.so.6.4
7527eb799000-7527eb7a2000 r--p 00031000 08:11 6528042                    /anaconda/envs/jupyter_env/lib/libncursesw.so.6.4
7527eb7a2000-7527eb7a3000 r--p 00039000 08:11 6528042                    /anaconda/envs/jupyter_env/lib/libncursesw.so.6.4
7527eb7a3000-7527eb7a4000 rw-p 0003a000 08:11 6528042                    /anaconda/envs/jupyter_env/lib/libncursesw.so.6.4
7527eb7a4000-7527eb7ac000 r--p 00000000 08:11 6967380                    /anaconda/envs/jupyter_env/lib/python3.10/lib-dynload/_curses.cpython-310-x86_64-linux-gnu.so
7527eb7ac000-7527eb7b9000 r-xp 00008000 08:11 6967380                    /anaconda/envs/jupyter_env/lib/python3.10/lib-dynload/_curses.cpython-310-x86_64-linux-gnu.so
7527eb7b9000-7527eb7c4000 r--p 00015000 08:11 6967380                    /anaconda/envs/jupyter_env/lib/python3.10/lib-dynload/_curses.cpython-310-x86_64-linux-gnu.so
7527eb7c4000-7527eb7c5000 r--p 0001f000 08:11 6967380                    /anaconda/envs/jupyter_env/lib/python3.10/lib-dynload/_curses.cpython-310-x86_64-linux-gnu.so
7527eb7c5000-7527eb7c7000 rw-p 00020000 08:11 6967380                    /anaconda/envs/jupyter_env/lib/python3.10/lib-dynload/_curses.cpython-310-x86_64-linux-gnu.so
7527eb7c7000-7527eb7ca000 r--p 00000000 08:11 6967352                    /anaconda/envs/jupyter_env/lib/python3.10/lib-dynload/zlib.cpython-310-x86_64-linux-gnu.so
7527eb7ca000-7527eb7ce000 r-xp 00003000 08:11 6967352                    /anaconda/envs/jupyter_env/lib/python3.10/lib-dynload/zlib.cpython-310-x86_64-linux-gnu.so
7527eb7ce000-7527eb7d1000 r--p 00007000 08:11 6967352                    /anaconda/envs/jupyter_env/lib/python3.10/lib-dynload/zlib.cpython-310-x86_64-linux-gnu.so
7527eb7d1000-7527eb7d2000 r--p 00009000 08:11 6967352                    /anaconda/envs/jupyter_env/lib/python3.10/lib-dynload/zlib.cpython-310-x86_64-linux-gnu.so
7527eb7d2000-7527eb7d3000 rw-p 0000a000 08:11 6967352                    /anaconda/envs/jupyter_env/lib/python3.10/lib-dynload/zlib.cpython-310-x86_64-linux-gnu.so
7527eb7d3000-7527eb8d3000 rw-p 00000000 00:00 0 
7527eb8d3000-7527eb8d8000 r--p 00000000 08:11 6967385                    /anaconda/envs/jupyter_env/lib/python3.10/lib-dynload/_datetime.cpython-310-x86_64-linux-gnu.so
7527eb8d8000-7527eb8e9000 r-xp 00005000 08:11 6967385                    /anaconda/envs/jupyter_env/lib/python3.10/lib-dynload/_datetime.cpython-310-x86_64-linux-gnu.so
7527eb8e9000-7527eb8ef000 r--p 00016000 08:11 6967385                    /anaconda/envs/jupyter_env/lib/python3.10/lib-dynload/_datetime.cpython-310-x86_64-linux-gnu.so
7527eb8ef000-7527eb8f0000 r--p 0001b000 08:11 6967385                    /anaconda/envs/jupyter_env/lib/python3.10/lib-dynload/_datetime.cpython-310-x86_64-linux-gnu.so
7527eb8f0000-7527eb8f2000 rw-p 0001c000 08:11 6967385                    /anaconda/envs/jupyter_env/lib/python3.10/lib-dynload/_datetime.cpython-310-x86_64-linux-gnu.so
7527eb8f2000-7527eb8f4000 r--p 00000000 08:11 6967373                    /anaconda/envs/jupyter_env/lib/python3.10/lib-dynload/_blake2.cpython-310-x86_64-linux-gnu.so
7527eb8f4000-7527eb8fc000 r-xp 00002000 08:11 6967373                    /anaconda/envs/jupyter_env/lib/python3.10/lib-dynload/_blake2.cpython-310-x86_64-linux-gnu.so
7527eb8fc000-7527eb8fe000 r--p 0000a000 08:11 6967373                    /anaconda/envs/jupyter_env/lib/python3.10/lib-dynload/_blake2.cpython-310-x86_64-linux-gnu.so
7527eb8fe000-7527eb8ff000 r--p 0000b000 08:11 6967373                    /anaconda/envs/jupyter_env/lib/python3.10/lib-dynload/_blake2.cpython-310-x86_64-linux-gnu.so
7527eb8ff000-7527eb900000 rw-p 0000c000 08:11 6967373                    /anaconda/envs/jupyter_env/lib/python3.10/lib-dynload/_blake2.cpython-310-x86_64-linux-gnu.so
7527eb900000-7527eba00000 rw-p 00000000 00:00 0 
7527eba00000-7527ebab8000 r--p 00000000 08:11 7747532                    /anaconda/envs/jupyter_env/lib/libcrypto.so.3
7527ebab8000-7527ebd15000 r-xp 000b8000 08:11 7747532                    /anaconda/envs/jupyter_env/lib/libcrypto.so.3
7527ebd15000-7527ebdef000 r--p 00315000 08:11 7747532                    /anaconda/envs/jupyter_env/lib/libcrypto.so.3
7527ebdef000-7527ebe4a000 r--p 003ef000 08:11 7747532                    /anaconda/envs/jupyter_env/lib/libcrypto.so.3
7527ebe4a000-7527ebe4d000 rw-p 0044a000 08:11 7747532                    /anaconda/envs/jupyter_env/lib/libcrypto.so.3
7527ebe4d000-7527ebe50000 rw-p 00000000 00:00 0 
7527ebe50000-7527ebe51000 r--p 00000000 00:00 0 
7527ebe51000-7527ebe52000 r--p 00000000 08:11 6189                       /usr/lib/locale/C.utf8/LC_NUMERIC
7527ebe52000-7527ebe55000 r--p 00000000 08:11 6967335                    /anaconda/envs/jupyter_env/lib/python3.10/lib-dynload/termios.cpython-310-x86_64-linux-gnu.so
7527ebe55000-7527ebe56000 r-xp 00003000 08:11 6967335                    /anaconda/envs/jupyter_env/lib/python3.10/lib-dynload/termios.cpython-310-x86_64-linux-gnu.so
7527ebe56000-7527ebe58000 r--p 00004000 08:11 6967335                    /anaconda/envs/jupyter_env/lib/python3.10/lib-dynload/termios.cpython-310-x86_64-linux-gnu.so
7527ebe58000-7527ebe59000 r--p 00005000 08:11 6967335                    /anaconda/envs/jupyter_env/lib/python3.10/lib-dynload/termios.cpython-310-x86_64-linux-gnu.so
7527ebe59000-7527ebe5b000 rw-p 00006000 08:11 6967335                    /anaconda/envs/jupyter_env/lib/python3.10/lib-dynload/termios.cpython-310-x86_64-linux-gnu.so
7527ebe5b000-7527ebf5b000 rw-p 00000000 00:00 0 
7527ebf5b000-7527ebf7c000 r--p 00000000 08:11 7746956                    /anaconda/envs/jupyter_env/lib/libssl.so.3
7527ebf7c000-7527ebfd3000 r-xp 00021000 08:11 7746956                    /anaconda/envs/jupyter_env/lib/libssl.so.3
7527ebfd3000-7527ebff2000 r--p 00078000 08:11 7746956                    /anaconda/envs/jupyter_env/lib/libssl.so.3
7527ebff2000-7527ebffc000 r--p 00096000 08:11 7746956                    /anaconda/envs/jupyter_env/lib/libssl.so.3
7527ebffc000-7527ec000000 rw-p 000a0000 08:11 7746956                    /anaconda/envs/jupyter_env/lib/libssl.so.3
7527ec000000-7527ec200000 rw-p 00000000 00:00 0 
7527ec200000-7527ec2a1000 r--p 00000000 08:11 5753786                    /anaconda/envs/jupyter_env/lib/libstdc++.so.6.0.29
7527ec2a1000-7527ec396000 r-xp 000a1000 08:11 5753786                    /anaconda/envs/jupyter_env/lib/libstdc++.so.6.0.29
7527ec396000-7527ec402000 r--p 00196000 08:11 5753786                    /anaconda/envs/jupyter_env/lib/libstdc++.so.6.0.29
7527ec402000-7527ec403000 ---p 00202000 08:11 5753786                    /anaconda/envs/jupyter_env/lib/libstdc++.so.6.0.29
7527ec403000-7527ec40e000 r--p 00202000 08:11 5753786                    /anaconda/envs/jupyter_env/lib/libstdc++.so.6.0.29
7527ec40e000-7527ec411000 rw-p 0020d000 08:11 5753786                    /anaconda/envs/jupyter_env/lib/libstdc++.so.6.0.29
7527ec411000-7527ec414000 rw-p 00000000 00:00 0 
7527ec414000-7527ec415000 r--p 00000000 08:11 6192                       /usr/lib/locale/C.utf8/LC_TIME
7527ec415000-7527ec416000 r--p 00000000 08:11 6529354                    /anaconda/envs/jupyter_env/lib/python3.10/site-packages/tornado/speedups.abi3.so
7527ec416000-7527ec417000 r-xp 00001000 08:11 6529354                    /anaconda/envs/jupyter_env/lib/python3.10/site-packages/tornado/speedups.abi3.so
7527ec417000-7527ec418000 r--p 00002000 08:11 6529354                    /anaconda/envs/jupyter_env/lib/python3.10/site-packages/tornado/speedups.abi3.so
7527ec418000-7527ec419000 r--p 00002000 08:11 6529354                    /anaconda/envs/jupyter_env/lib/python3.10/site-packages/tornado/speedups.abi3.so
7527ec419000-7527ec41a000 rw-p 00003000 08:11 6529354                    /anaconda/envs/jupyter_env/lib/python3.10/site-packages/tornado/speedups.abi3.so
7527ec41a000-7527ec41e000 r--p 00000000 08:11 6967366                    /anaconda/envs/jupyter_env/lib/python3.10/lib-dynload/_hashlib.cpython-310-x86_64-linux-gnu.so
7527ec41e000-7527ec424000 r-xp 00004000 08:11 6967366                    /anaconda/envs/jupyter_env/lib/python3.10/lib-dynload/_hashlib.cpython-310-x86_64-linux-gnu.so
7527ec424000-7527ec428000 r--p 0000a000 08:11 6967366                    /anaconda/envs/jupyter_env/lib/python3.10/lib-dynload/_hashlib.cpython-310-x86_64-linux-gnu.so
7527ec428000-7527ec429000 r--p 0000e000 08:11 6967366                    /anaconda/envs/jupyter_env/lib/python3.10/lib-dynload/_hashlib.cpython-310-x86_64-linux-gnu.so
7527ec429000-7527ec42a000 rw-p 0000f000 08:11 6967366                    /anaconda/envs/jupyter_env/lib/python3.10/lib-dynload/_hashlib.cpython-310-x86_64-linux-gnu.so
7527ec42a000-7527ec42c000 r--p 00000000 08:11 6967326                    /anaconda/envs/jupyter_env/lib/python3.10/lib-dynload/_queue.cpython-310-x86_64-linux-gnu.so
7527ec42c000-7527ec42d000 r-xp 00002000 08:11 6967326                    /anaconda/envs/jupyter_env/lib/python3.10/lib-dynload/_queue.cpython-310-x86_64-linux-gnu.so
7527ec42d000-7527ec42e000 r--p 00003000 08:11 6967326                    /anaconda/envs/jupyter_env/lib/python3.10/lib-dynload/_queue.cpython-310-x86_64-linux-gnu.so
7527ec42e000-7527ec42f000 r--p 00003000 08:11 6967326                    /anaconda/envs/jupyter_env/lib/python3.10/lib-dynload/_queue.cpython-310-x86_64-linux-gnu.so
7527ec42f000-7527ec430000 rw-p 00004000 08:11 6967326                    /anaconda/envs/jupyter_env/lib/python3.10/lib-dynload/_queue.cpython-310-x86_64-linux-gnu.so
7527ec430000-7527ec435000 r--p 00000000 08:11 6967369                    /anaconda/envs/jupyter_env/lib/python3.10/lib-dynload/_asyncio.cpython-310-x86_64-linux-gnu.so
7527ec435000-7527ec43a000 r-xp 00005000 08:11 6967369                    /anaconda/envs/jupyter_env/lib/python3.10/lib-dynload/_asyncio.cpython-310-x86_64-linux-gnu.so
7527ec43a000-7527ec43e000 r--p 0000a000 08:11 6967369                    /anaconda/envs/jupyter_env/lib/python3.10/lib-dynload/_asyncio.cpython-310-x86_64-linux-gnu.so
7527ec43e000-7527ec43f000 r--p 0000d000 08:11 6967369                    /anaconda/envs/jupyter_env/lib/python3.10/lib-dynload/_asyncio.cpython-310-x86_64-linux-gnu.so
7527ec43f000-7527ec441000 rw-p 0000e000 08:11 6967369                    /anaconda/envs/jupyter_env/lib/python3.10/lib-dynload/_asyncio.cpython-310-x86_64-linux-gnu.so
7527ec441000-7527ec442000 r--p 00000000 08:11 6967315                    /anaconda/envs/jupyter_env/lib/python3.10/lib-dynload/_contextvars.cpython-310-x86_64-linux-gnu.so
7527ec442000-7527ec443000 r-xp 00001000 08:11 6967315                    /anaconda/envs/jupyter_env/lib/python3.10/lib-dynload/_contextvars.cpython-310-x86_64-linux-gnu.so
7527ec443000-7527ec444000 r--p 00002000 08:11 6967315                    /anaconda/envs/jupyter_env/lib/python3.10/lib-dynload/_contextvars.cpython-310-x86_64-linux-gnu.so
7527ec444000-7527ec445000 r--p 00002000 08:11 6967315                    /anaconda/envs/jupyter_env/lib/python3.10/lib-dynload/_contextvars.cpython-310-x86_64-linux-gnu.so
7527ec445000-7527ec446000 rw-p 00003000 08:11 6967315                    /anaconda/envs/jupyter_env/lib/python3.10/lib-dynload/_contextvars.cpython-310-x86_64-linux-gnu.so
7527ec446000-7527ec449000 r--p 00000000 08:11 7043794                    /anaconda/envs/jupyter_env/lib/libz.so.1.2.13
7527ec449000-7527ec45b000 r-xp 00003000 08:11 7043794                    /anaconda/envs/jupyter_env/lib/libz.so.1.2.13
7527ec45b000-7527ec462000 r--p 00015000 08:11 7043794                    /anaconda/envs/jupyter_env/lib/libz.so.1.2.13
7527ec462000-7527ec463000 r--p 0001b000 08:11 7043794                    /anaconda/envs/jupyter_env/lib/libz.so.1.2.13
7527ec463000-7527ec464000 rw-p 0001c000 08:11 7043794                    /anaconda/envs/jupyter_env/lib/libz.so.1.2.13
7527ec464000-7527ec466000 r--p 00000000 08:11 6967351                    /anaconda/envs/jupyter_env/lib/python3.10/lib-dynload/binascii.cpython-310-x86_64-linux-gnu.so
7527ec466000-7527ec46b000 r-xp 00002000 08:11 6967351                    /anaconda/envs/jupyter_env/lib/python3.10/lib-dynload/binascii.cpython-310-x86_64-linux-gnu.so
7527ec46b000-7527ec46d000 r--p 00007000 08:11 6967351                    /anaconda/envs/jupyter_env/lib/python3.10/lib-dynload/binascii.cpython-310-x86_64-linux-gnu.so
7527ec46d000-7527ec46e000 r--p 00009000 08:11 6967351                    /anaconda/envs/jupyter_env/lib/python3.10/lib-dynload/binascii.cpython-310-x86_64-linux-gnu.so
7527ec46e000-7527ec46f000 rw-p 0000a000 08:11 6967351                    /anaconda/envs/jupyter_env/lib/python3.10/lib-dynload/binascii.cpython-310-x86_64-linux-gnu.so
7527ec46f000-7527ec482000 r--p 00000000 08:11 6967382                    /anaconda/envs/jupyter_env/lib/python3.10/lib-dynload/_ssl.cpython-310-x86_64-linux-gnu.so
7527ec482000-7527ec48c000 r-xp 00013000 08:11 6967382                    /anaconda/envs/jupyter_env/lib/python3.10/lib-dynload/_ssl.cpython-310-x86_64-linux-gnu.so
7527ec48c000-7527ec49a000 r--p 0001d000 08:11 6967382                    /anaconda/envs/jupyter_env/lib/python3.10/lib-dynload/_ssl.cpython-310-x86_64-linux-gnu.so
7527ec49a000-7527ec49b000 r--p 0002b000 08:11 6967382                    /anaconda/envs/jupyter_env/lib/python3.10/lib-dynload/_ssl.cpython-310-x86_64-linux-gnu.so
7527ec49b000-7527ec4a3000 rw-p 0002c000 08:11 6967382                    /anaconda/envs/jupyter_env/lib/python3.10/lib-dynload/_ssl.cpython-310-x86_64-linux-gnu.so
7527ec4a3000-7527ec4a7000 r--p 00000000 08:11 6967370                    /anaconda/envs/jupyter_env/lib/python3.10/lib-dynload/array.cpython-310-x86_64-linux-gnu.so
7527ec4a7000-7527ec4ae000 r-xp 00004000 08:11 6967370                    /anaconda/envs/jupyter_env/lib/python3.10/lib-dynload/array.cpython-310-x86_64-linux-gnu.so
7527ec4ae000-7527ec4b2000 r--p 0000b000 08:11 6967370                    /anaconda/envs/jupyter_env/lib/python3.10/lib-dynload/array.cpython-310-x86_64-linux-gnu.so
7527ec4b2000-7527ec4b3000 r--p 0000f000 08:11 6967370                    /anaconda/envs/jupyter_env/lib/python3.10/lib-dynload/array.cpython-310-x86_64-linux-gnu.so
7527ec4b3000-7527ec4b4000 rw-p 00010000 08:11 6967370                    /anaconda/envs/jupyter_env/lib/python3.10/lib-dynload/array.cpython-310-x86_64-linux-gnu.so
7527ec4b4000-7527ec4b9000 r--p 00000000 08:11 6967375                    /anaconda/envs/jupyter_env/lib/python3.10/lib-dynload/_socket.cpython-310-x86_64-linux-gnu.so
7527ec4b9000-7527ec4c2000 r-xp 00005000 08:11 6967375                    /anaconda/envs/jupyter_env/lib/python3.10/lib-dynload/_socket.cpython-310-x86_64-linux-gnu.so
7527ec4c2000-7527ec4ca000 r--p 0000e000 08:11 6967375                    /anaconda/envs/jupyter_env/lib/python3.10/lib-dynload/_socket.cpython-310-x86_64-linux-gnu.so
7527ec4ca000-7527ec4cb000 r--p 00016000 08:11 6967375                    /anaconda/envs/jupyter_env/lib/python3.10/lib-dynload/_socket.cpython-310-x86_64-linux-gnu.so
7527ec4cb000-7527ec4cc000 rw-p 00017000 08:11 6967375                    /anaconda/envs/jupyter_env/lib/python3.10/lib-dynload/_socket.cpython-310-x86_64-linux-gnu.so
7527ec4cc000-7527ec4cd000 r--p 00000000 08:11 6967348                    /anaconda/envs/jupyter_env/lib/python3.10/lib-dynload/_heapq.cpython-310-x86_64-linux-gnu.so
7527ec4cd000-7527ec4d0000 r-xp 00001000 08:11 6967348                    /anaconda/envs/jupyter_env/lib/python3.10/lib-dynload/_heapq.cpython-310-x86_64-linux-gnu.so
7527ec4d0000-7527ec4d3000 r--p 00004000 08:11 6967348                    /anaconda/envs/jupyter_env/lib/python3.10/lib-dynload/_heapq.cpython-310-x86_64-linux-gnu.so
7527ec4d3000-7527ec4d4000 r--p 00006000 08:11 6967348                    /anaconda/envs/jupyter_env/lib/python3.10/lib-dynload/_heapq.cpython-310-x86_64-linux-gnu.so
7527ec4d4000-7527ec4d5000 rw-p 00007000 08:11 6967348                    /anaconda/envs/jupyter_env/lib/python3.10/lib-dynload/_heapq.cpython-310-x86_64-linux-gnu.so
7527ec4d5000-7527ec4d7000 r--p 00000000 08:11 6967346                    /anaconda/envs/jupyter_env/lib/python3.10/lib-dynload/_sha512.cpython-310-x86_64-linux-gnu.so
7527ec4d7000-7527ec4dc000 r-xp 00002000 08:11 6967346                    /anaconda/envs/jupyter_env/lib/python3.10/lib-dynload/_sha512.cpython-310-x86_64-linux-gnu.so
7527ec4dc000-7527ec4dd000 r--p 00007000 08:11 6967346                    /anaconda/envs/jupyter_env/lib/python3.10/lib-dynload/_sha512.cpython-310-x86_64-linux-gnu.so
7527ec4dd000-7527ec4de000 r--p 00007000 08:11 6967346                    /anaconda/envs/jupyter_env/lib/python3.10/lib-dynload/_sha512.cpython-310-x86_64-linux-gnu.so
7527ec4de000-7527ec4df000 rw-p 00008000 08:11 6967346                    /anaconda/envs/jupyter_env/lib/python3.10/lib-dynload/_sha512.cpython-310-x86_64-linux-gnu.so
7527ec4df000-7527ec4e4000 r--p 00000000 08:11 6967383                    /anaconda/envs/jupyter_env/lib/python3.10/lib-dynload/_pickle.cpython-310-x86_64-linux-gnu.so
7527ec4e4000-7527ec4f6000 r-xp 00005000 08:11 6967383                    /anaconda/envs/jupyter_env/lib/python3.10/lib-dynload/_pickle.cpython-310-x86_64-linux-gnu.so
7527ec4f6000-7527ec4fc000 r--p 00017000 08:11 6967383                    /anaconda/envs/jupyter_env/lib/python3.10/lib-dynload/_pickle.cpython-310-x86_64-linux-gnu.so
7527ec4fc000-7527ec4fd000 r--p 0001d000 08:11 6967383                    /anaconda/envs/jupyter_env/lib/python3.10/lib-dynload/_pickle.cpython-310-x86_64-linux-gnu.so
7527ec4fd000-7527ec4ff000 rw-p 0001e000 08:11 6967383                    /anaconda/envs/jupyter_env/lib/python3.10/lib-dynload/_pickle.cpython-310-x86_64-linux-gnu.so
7527ec4ff000-7527ec50d000 r--p 00000000 08:11 4976445                    /anaconda/envs/jupyter_env/lib/libsodium.so.23.3.0
7527ec50d000-7527ec546000 r-xp 0000e000 08:11 4976445                    /anaconda/envs/jupyter_env/lib/libsodium.so.23.3.0
7527ec546000-7527ec558000 r--p 00047000 08:11 4976445                    /anaconda/envs/jupyter_env/lib/libsodium.so.23.3.0
7527ec558000-7527ec559000 r--p 00058000 08:11 4976445                    /anaconda/envs/jupyter_env/lib/libsodium.so.23.3.0
7527ec559000-7527ec55a000 rw-p 00059000 08:11 4976445                    /anaconda/envs/jupyter_env/lib/libsodium.so.23.3.0
7527ec55a000-7527ec571000 r--p 00000000 08:11 4976249                    /anaconda/envs/jupyter_env/lib/libzmq.so.5.2.5
7527ec571000-7527ec5d9000 r-xp 00017000 08:11 4976249                    /anaconda/envs/jupyter_env/lib/libzmq.so.5.2.5
7527ec5d9000-7527ec5f7000 r--p 0007f000 08:11 4976249                    /anaconda/envs/jupyter_env/lib/libzmq.so.5.2.5
7527ec5f7000-7527ec5ff000 r--p 0009c000 08:11 4976249                    /anaconda/envs/jupyter_env/lib/libzmq.so.5.2.5
7527ec5ff000-7527ec600000 rw-p 000a4000 08:11 4976249                    /anaconda/envs/jupyter_env/lib/libzmq.so.5.2.5
7527ec600000-7527eca00000 rw-p 00000000 00:00 0 
7527eca00000-7527ecce9000 r--p 00000000 08:11 6193                       /usr/lib/locale/locale-archive
7527ecce9000-7527eccea000 r--p 00000000 08:11 6183                       /usr/lib/locale/C.utf8/LC_COLLATE
7527eccea000-7527ecceb000 r--p 00000000 08:11 6187                       /usr/lib/locale/C.utf8/LC_MONETARY
7527ecceb000-7527eccec000 r--p 00000000 08:11 6967317                    /anaconda/envs/jupyter_env/lib/python3.10/lib-dynload/_opcode.cpython-310-x86_64-linux-gnu.so
7527eccec000-7527ecced000 r-xp 00001000 08:11 6967317                    /anaconda/envs/jupyter_env/lib/python3.10/lib-dynload/_opcode.cpython-310-x86_64-linux-gnu.so
7527ecced000-7527eccee000 r--p 00002000 08:11 6967317                    /anaconda/envs/jupyter_env/lib/python3.10/lib-dynload/_opcode.cpython-310-x86_64-linux-gnu.so
7527eccee000-7527eccef000 r--p 00002000 08:11 6967317                    /anaconda/envs/jupyter_env/lib/python3.10/lib-dynload/_opcode.cpython-310-x86_64-linux-gnu.so
7527eccef000-7527eccf0000 rw-p 00003000 08:11 6967317                    /anaconda/envs/jupyter_env/lib/python3.10/lib-dynload/_opcode.cpython-310-x86_64-linux-gnu.so
7527eccf0000-7527eccf2000 r--p 00000000 08:11 6967336                    /anaconda/envs/jupyter_env/lib/python3.10/lib-dynload/_random.cpython-310-x86_64-linux-gnu.so
7527eccf2000-7527eccf4000 r-xp 00002000 08:11 6967336                    /anaconda/envs/jupyter_env/lib/python3.10/lib-dynload/_random.cpython-310-x86_64-linux-gnu.so
7527eccf4000-7527eccf5000 r--p 00004000 08:11 6967336                    /anaconda/envs/jupyter_env/lib/python3.10/lib-dynload/_random.cpython-310-x86_64-linux-gnu.so
7527eccf5000-7527eccf6000 r--p 00004000 08:11 6967336                    /anaconda/envs/jupyter_env/lib/python3.10/lib-dynload/_random.cpython-310-x86_64-linux-gnu.so
7527eccf6000-7527eccf7000 rw-p 00005000 08:11 6967336                    /anaconda/envs/jupyter_env/lib/python3.10/lib-dynload/_random.cpython-310-x86_64-linux-gnu.so
7527eccf7000-7527eccf9000 r--p 00000000 08:11 6967332                    /anaconda/envs/jupyter_env/lib/python3.10/lib-dynload/_bisect.cpython-310-x86_64-linux-gnu.so
7527eccf9000-7527eccfb000 r-xp 00002000 08:11 6967332                    /anaconda/envs/jupyter_env/lib/python3.10/lib-dynload/_bisect.cpython-310-x86_64-linux-gnu.so
7527eccfb000-7527eccfc000 r--p 00004000 08:11 6967332                    /anaconda/envs/jupyter_env/lib/python3.10/lib-dynload/_bisect.cpython-310-x86_64-linux-gnu.so
7527eccfc000-7527eccfd000 r--p 00004000 08:11 6967332                    /anaconda/envs/jupyter_env/lib/python3.10/lib-dynload/_bisect.cpython-310-x86_64-linux-gnu.so
7527eccfd000-7527eccfe000 rw-p 00005000 08:11 6967332                    /anaconda/envs/jupyter_env/lib/python3.10/lib-dynload/_bisect.cpython-310-x86_64-linux-gnu.so
7527eccfe000-7527ecd01000 r--p 00000000 08:11 6009435                    /anaconda/envs/jupyter_env/lib/libgcc_s.so.1
7527ecd01000-7527ecd13000 r-xp 00003000 08:11 6009435                    /anaconda/envs/jupyter_env/lib/libgcc_s.so.1
7527ecd13000-7527ecd16000 r--p 00015000 08:11 6009435                    /anaconda/envs/jupyter_env/lib/libgcc_s.so.1
7527ecd16000-7527ecd17000 r--p 00017000 08:11 6009435                    /anaconda/envs/jupyter_env/lib/libgcc_s.so.1
7527ecd17000-7527ecd18000 rw-p 00018000 08:11 6009435                    /anaconda/envs/jupyter_env/lib/libgcc_s.so.1
7527ecd18000-7527ecd19000 r--p 00000000 08:11 5039                       /usr/lib/x86_64-linux-gnu/librt.so.1
7527ecd19000-7527ecd1a000 r-xp 00001000 08:11 5039                       /usr/lib/x86_64-linux-gnu/librt.so.1
7527ecd1a000-7527ecd1b000 r--p 00002000 08:11 5039                       /usr/lib/x86_64-linux-gnu/librt.so.1
7527ecd1b000-7527ecd1c000 r--p 00002000 08:11 5039                       /usr/lib/x86_64-linux-gnu/librt.so.1
7527ecd1c000-7527ecd1d000 rw-p 00003000 08:11 5039                       /usr/lib/x86_64-linux-gnu/librt.so.1
7527ecd1d000-7527ecd1e000 r--p 00000000 08:11 6181                       /usr/lib/locale/C.utf8/LC_MESSAGES/SYS_LC_MESSAGES
7527ecd1e000-7527ecd22000 r--p 00000000 08:11 6967368                    /anaconda/envs/jupyter_env/lib/python3.10/lib-dynload/_struct.cpython-310-x86_64-linux-gnu.so
7527ecd22000-7527ecd27000 r-xp 00004000 08:11 6967368                    /anaconda/envs/jupyter_env/lib/python3.10/lib-dynload/_struct.cpython-310-x86_64-linux-gnu.so
7527ecd27000-7527ecd2b000 r--p 00009000 08:11 6967368                    /anaconda/envs/jupyter_env/lib/python3.10/lib-dynload/_struct.cpython-310-x86_64-linux-gnu.so
7527ecd2b000-7527ecd2c000 r--p 0000c000 08:11 6967368                    /anaconda/envs/jupyter_env/lib/python3.10/lib-dynload/_struct.cpython-310-x86_64-linux-gnu.so
7527ecd2c000-7527ecd2d000 rw-p 0000d000 08:11 6967368                    /anaconda/envs/jupyter_env/lib/python3.10/lib-dynload/_struct.cpython-310-x86_64-linux-gnu.so
7527ecd2d000-7527ecd34000 r--p 00000000 08:11 5750701                    /anaconda/envs/jupyter_env/lib/python3.10/site-packages/zmq/backend/cython/_zmq.cpython-310-x86_64-linux-gnu.so
7527ecd34000-7527ecd69000 r-xp 00007000 08:11 5750701                    /anaconda/envs/jupyter_env/lib/python3.10/site-packages/zmq/backend/cython/_zmq.cpython-310-x86_64-linux-gnu.so
7527ecd69000-7527ecd73000 r--p 0003c000 08:11 5750701                    /anaconda/envs/jupyter_env/lib/python3.10/site-packages/zmq/backend/cython/_zmq.cpython-310-x86_64-linux-gnu.so
7527ecd73000-7527ecd74000 r--p 00046000 08:11 5750701                    /anaconda/envs/jupyter_env/lib/python3.10/site-packages/zmq/backend/cython/_zmq.cpython-310-x86_64-linux-gnu.so
7527ecd74000-7527ecd76000 rw-p 00047000 08:11 5750701                    /anaconda/envs/jupyter_env/lib/python3.10/site-packages/zmq/backend/cython/_zmq.cpython-310-x86_64-linux-gnu.so
7527ecd76000-7527ecd77000 rw-p 00000000 00:00 0 
7527ecd77000-7527ecd7a000 r--p 00000000 08:11 6967358                    /anaconda/envs/jupyter_env/lib/python3.10/lib-dynload/_json.cpython-310-x86_64-linux-gnu.so
7527ecd7a000-7527ecd80000 r-xp 00003000 08:11 6967358                    /anaconda/envs/jupyter_env/lib/python3.10/lib-dynload/_json.cpython-310-x86_64-linux-gnu.so
7527ecd80000-7527ecd82000 r--p 00009000 08:11 6967358                    /anaconda/envs/jupyter_env/lib/python3.10/lib-dynload/_json.cpython-310-x86_64-linux-gnu.so
7527ecd82000-7527ecd83000 r--p 0000a000 08:11 6967358                    /anaconda/envs/jupyter_env/lib/python3.10/lib-dynload/_json.cpython-310-x86_64-linux-gnu.so
7527ecd83000-7527ecd84000 rw-p 0000b000 08:11 6967358                    /anaconda/envs/jupyter_env/lib/python3.10/lib-dynload/_json.cpython-310-x86_64-linux-gnu.so
7527ecd84000-7527ecd85000 r--p 00000000 08:11 6190                       /usr/lib/locale/C.utf8/LC_PAPER
7527ecd85000-7527ecd86000 r--p 00000000 08:11 6188                       /usr/lib/locale/C.utf8/LC_NAME
7527ecd86000-7527ecd8a000 r--p 00000000 08:11 6967374                    /anaconda/envs/jupyter_env/lib/python3.10/lib-dynload/math.cpython-310-x86_64-linux-gnu.so
7527ecd8a000-7527ecd92000 r-xp 00004000 08:11 6967374                    /anaconda/envs/jupyter_env/lib/python3.10/lib-dynload/math.cpython-310-x86_64-linux-gnu.so
7527ecd92000-7527ecd96000 r--p 0000c000 08:11 6967374                    /anaconda/envs/jupyter_env/lib/python3.10/lib-dynload/math.cpython-310-x86_64-linux-gnu.so
7527ecd96000-7527ecd97000 r--p 00010000 08:11 6967374                    /anaconda/envs/jupyter_env/lib/python3.10/lib-dynload/math.cpython-310-x86_64-linux-gnu.so
7527ecd97000-7527ecd98000 rw-p 00011000 08:11 6967374                    /anaconda/envs/jupyter_env/lib/python3.10/lib-dynload/math.cpython-310-x86_64-linux-gnu.so
7527ecd98000-7527ecd9b000 r--p 00000000 08:11 6967350                    /anaconda/envs/jupyter_env/lib/python3.10/lib-dynload/select.cpython-310-x86_64-linux-gnu.so
7527ecd9b000-7527ecd9e000 r-xp 00003000 08:11 6967350                    /anaconda/envs/jupyter_env/lib/python3.10/lib-dynload/select.cpython-310-x86_64-linux-gnu.so
7527ecd9e000-7527ecda0000 r--p 00006000 08:11 6967350                    /anaconda/envs/jupyter_env/lib/python3.10/lib-dynload/select.cpython-310-x86_64-linux-gnu.so
7527ecda0000-7527ecda1000 r--p 00008000 08:11 6967350                    /anaconda/envs/jupyter_env/lib/python3.10/lib-dynload/select.cpython-310-x86_64-linux-gnu.so
7527ecda1000-7527ecda2000 rw-p 00009000 08:11 6967350                    /anaconda/envs/jupyter_env/lib/python3.10/lib-dynload/select.cpython-310-x86_64-linux-gnu.so
7527ecda2000-7527ecda4000 r--p 00000000 08:11 6967337                    /anaconda/envs/jupyter_env/lib/python3.10/lib-dynload/_posixsubprocess.cpython-310-x86_64-linux-gnu.so
7527ecda4000-7527ecda6000 r-xp 00002000 08:11 6967337                    /anaconda/envs/jupyter_env/lib/python3.10/lib-dynload/_posixsubprocess.cpython-310-x86_64-linux-gnu.so
7527ecda6000-7527ecda7000 r--p 00004000 08:11 6967337                    /anaconda/envs/jupyter_env/lib/python3.10/lib-dynload/_posixsubprocess.cpython-310-x86_64-linux-gnu.so
7527ecda7000-7527ecda8000 r--p 00004000 08:11 6967337                    /anaconda/envs/jupyter_env/lib/python3.10/lib-dynload/_posixsubprocess.cpython-310-x86_64-linux-gnu.so
7527ecda8000-7527ecda9000 rw-p 00005000 08:11 6967337                    /anaconda/envs/jupyter_env/lib/python3.10/lib-dynload/_posixsubprocess.cpython-310-x86_64-linux-gnu.so
7527ecda9000-7527ece00000 r--p 00000000 08:11 6184                       /usr/lib/locale/C.utf8/LC_CTYPE
7527ece00000-7527ece28000 r--p 00000000 08:11 5025                       /usr/lib/x86_64-linux-gnu/libc.so.6
7527ece28000-7527ecfbd000 r-xp 00028000 08:11 5025                       /usr/lib/x86_64-linux-gnu/libc.so.6
7527ecfbd000-7527ed015000 r--p 001bd000 08:11 5025                       /usr/lib/x86_64-linux-gnu/libc.so.6
7527ed015000-7527ed016000 ---p 00215000 08:11 5025                       /usr/lib/x86_64-linux-gnu/libc.so.6
7527ed016000-7527ed01a000 r--p 00215000 08:11 5025                       /usr/lib/x86_64-linux-gnu/libc.so.6
7527ed01a000-7527ed01c000 rw-p 00219000 08:11 5025                       /usr/lib/x86_64-linux-gnu/libc.so.6
7527ed01c000-7527ed029000 rw-p 00000000 00:00 0 
7527ed029000-7527ed02a000 r--p 00000000 08:11 6182                       /usr/lib/locale/C.utf8/LC_ADDRESS
7527ed02a000-7527ed02b000 r--p 00000000 08:11 6191                       /usr/lib/locale/C.utf8/LC_TELEPHONE
7527ed02b000-7527ed02c000 ---p 00000000 00:00 0 
7527ed02c000-7527ed02d000 r--p 00000000 00:00 0 
7527ed02d000-7527ed032000 rw-p 00000000 00:00 0 
7527ed032000-7527ed040000 r--p 00000000 08:11 5028                       /usr/lib/x86_64-linux-gnu/libm.so.6
7527ed040000-7527ed0bc000 r-xp 0000e000 08:11 5028                       /usr/lib/x86_64-linux-gnu/libm.so.6
7527ed0bc000-7527ed117000 r--p 0008a000 08:11 5028                       /usr/lib/x86_64-linux-gnu/libm.so.6
7527ed117000-7527ed118000 r--p 000e4000 08:11 5028                       /usr/lib/x86_64-linux-gnu/libm.so.6
7527ed118000-7527ed119000 rw-p 000e5000 08:11 5028                       /usr/lib/x86_64-linux-gnu/libm.so.6
7527ed119000-7527ed11a000 r--p 00000000 08:11 5041                       /usr/lib/x86_64-linux-gnu/libutil.so.1
7527ed11a000-7527ed11b000 r-xp 00001000 08:11 5041                       /usr/lib/x86_64-linux-gnu/libutil.so.1
7527ed11b000-7527ed11c000 r--p 00002000 08:11 5041                       /usr/lib/x86_64-linux-gnu/libutil.so.1
7527ed11c000-7527ed11d000 r--p 00002000 08:11 5041                       /usr/lib/x86_64-linux-gnu/libutil.so.1
7527ed11d000-7527ed11e000 rw-p 00003000 08:11 5041                       /usr/lib/x86_64-linux-gnu/libutil.so.1
7527ed11e000-7527ed11f000 r--p 00000000 08:11 5027                       /usr/lib/x86_64-linux-gnu/libdl.so.2
7527ed11f000-7527ed120000 r-xp 00001000 08:11 5027                       /usr/lib/x86_64-linux-gnu/libdl.so.2
7527ed120000-7527ed121000 r--p 00002000 08:11 5027                       /usr/lib/x86_64-linux-gnu/libdl.so.2
7527ed121000-7527ed122000 r--p 00002000 08:11 5027                       /usr/lib/x86_64-linux-gnu/libdl.so.2
7527ed122000-7527ed123000 rw-p 00003000 08:11 5027                       /usr/lib/x86_64-linux-gnu/libdl.so.2
7527ed123000-7527ed124000 r--p 00000000 08:11 5037                       /usr/lib/x86_64-linux-gnu/libpthread.so.0
7527ed124000-7527ed125000 r-xp 00001000 08:11 5037                       /usr/lib/x86_64-linux-gnu/libpthread.so.0
7527ed125000-7527ed126000 r--p 00002000 08:11 5037                       /usr/lib/x86_64-linux-gnu/libpthread.so.0
7527ed126000-7527ed127000 r--p 00002000 08:11 5037                       /usr/lib/x86_64-linux-gnu/libpthread.so.0
7527ed127000-7527ed128000 rw-p 00003000 08:11 5037                       /usr/lib/x86_64-linux-gnu/libpthread.so.0
7527ed128000-7527ed129000 r--p 00000000 08:11 6186                       /usr/lib/locale/C.utf8/LC_MEASUREMENT
7527ed129000-7527ed12b000 r--p 00000000 08:11 6967327                    /anaconda/envs/jupyter_env/lib/python3.10/lib-dynload/fcntl.cpython-310-x86_64-linux-gnu.so
7527ed12b000-7527ed12d000 r-xp 00002000 08:11 6967327                    /anaconda/envs/jupyter_env/lib/python3.10/lib-dynload/fcntl.cpython-310-x86_64-linux-gnu.so
7527ed12d000-7527ed12f000 r--p 00004000 08:11 6967327                    /anaconda/envs/jupyter_env/lib/python3.10/lib-dynload/fcntl.cpython-310-x86_64-linux-gnu.so
7527ed12f000-7527ed130000 r--p 00005000 08:11 6967327                    /anaconda/envs/jupyter_env/lib/python3.10/lib-dynload/fcntl.cpython-310-x86_64-linux-gnu.so
7527ed130000-7527ed131000 rw-p 00006000 08:11 6967327                    /anaconda/envs/jupyter_env/lib/python3.10/lib-dynload/fcntl.cpython-310-x86_64-linux-gnu.so
7527ed131000-7527ed138000 r--s 00000000 08:11 3901                       /usr/lib/x86_64-linux-gnu/gconv/gconv-modules.cache
7527ed138000-7527ed13a000 rw-p 00000000 00:00 0 
7527ed13a000-7527ed13c000 r--p 00000000 08:11 5019                       /usr/lib/x86_64-linux-gnu/ld-linux-x86-64.so.2
7527ed13c000-7527ed166000 r-xp 00002000 08:11 5019                       /usr/lib/x86_64-linux-gnu/ld-linux-x86-64.so.2
7527ed166000-7527ed171000 r--p 0002c000 08:11 5019                       /usr/lib/x86_64-linux-gnu/ld-linux-x86-64.so.2
7527ed171000-7527ed172000 r--p 00000000 08:11 6185                       /usr/lib/locale/C.utf8/LC_IDENTIFICATION
7527ed172000-7527ed174000 r--p 00037000 08:11 5019                       /usr/lib/x86_64-linux-gnu/ld-linux-x86-64.so.2
7527ed174000-7527ed176000 rw-p 00039000 08:11 5019                       /usr/lib/x86_64-linux-gnu/ld-linux-x86-64.so.2
7ffc81405000-7ffc81409000 ---p 00000000 00:00 0 
7ffc81409000-7ffc81505000 rw-p 00000000 00:00 0                          [stack]
7ffc81579000-7ffc8157d000 r--p 00000000 00:00 0                          [vvar]
7ffc8157d000-7ffc8157f000 r-xp 00000000 00:00 0                          [vdso]
ffffffffff600000-ffffffffff601000 --xp 00000000 00:00 0                  [vsyscall]


VM Arguments:
jvm_args: -Dfile.encoding=UTF8 -ea -Xmx1024m 
java_command: <unknown>
java_class_path (initial): /anaconda/envs/jupyter_env/lib/python3.10/site-packages/konlpy/java:/anaconda/envs/jupyter_env/lib/python3.10/site-packages/konlpy/java/bin:/anaconda/envs/jupyter_env/lib/python3.10/site-packages/konlpy/java/shineware-ds-1.0.jar:/anaconda/envs/jupyter_env/lib/python3.10/site-packages/konlpy/java/shineware-common-1.0.jar:/anaconda/envs/jupyter_env/lib/python3.10/site-packages/konlpy/java/scala-library-2.12.3.jar:/anaconda/envs/jupyter_env/lib/python3.10/site-packages/konlpy/java/kkma-2.0.jar:/anaconda/envs/jupyter_env/lib/python3.10/site-packages/konlpy/java/open-korean-text-2.1.0.jar:/anaconda/envs/jupyter_env/lib/python3.10/site-packages/konlpy/java/aho-corasick.jar:/anaconda/envs/jupyter_env/lib/python3.10/site-packages/konlpy/java/komoran-3.0.jar:/anaconda/envs/jupyter_env/lib/python3.10/site-packages/konlpy/java/jhannanum-0.8.4.jar:/anaconda/envs/jupyter_env/lib/python3.10/site-packages/konlpy/java/twitter-text-1.14.7.jar:/anaconda/envs/jupyter_env/lib/python3.10/site-packages/konlpy/java/snakeyaml-1.12.jar:/anaconda/envs/jupyter_env/lib/python3.10/site-packages/konlpy/java/jhannanum-0.8.4.jar:/anaconda/envs/jupyter_env/lib/python3.10/site-packages/konlpy/java/kkma-2.0.jar:/anaconda/envs/jupyter_env/lib/python3.10/site-packages/konlpy/java/aho-corasick.jar:/anaconda/envs/jupyter_env/lib/python3.10/site-packages/konlpy/java/shineware-common-1.0.jar:/anaconda/envs/jupyter_env/lib/python3.10/site-packages/konlpy/java/shineware-ds-1.0.jar:/anaconda/envs/jupyter_env/lib/python3.10/site-packages/konlpy/java/komoran-3.0.jar:/anaconda/envs/jupyter_env/lib/python3.10/site-packages/konlpy/java/snakeyaml-1.12.jar:/anaconda/envs/jupyter_env/lib/python3.10/site-packages/konlpy/java/scala-library-2.12.3.jar:/anaconda/envs/jupyter_env/lib/python3.10/site-packages/konlpy/java/open-korean-text-2.1.0.jar:/anaconda/envs/jupyter_env/lib/python3.10/site-packages/konlpy/java/twitter-text-1.14.7.jar:/anaconda/envs/jupyter_env/lib/python3.10/site-packages/k
Launcher Type: generic

[Global flags]
     intx CICompilerCount                          = 3                                         {product} {ergonomic}
     uint ConcGCThreads                            = 1                                         {product} {ergonomic}
     uint G1ConcRefinementThreads                  = 4                                         {product} {ergonomic}
   size_t G1HeapRegionSize                         = 1048576                                   {product} {ergonomic}
    uintx GCDrainStackTargetSize                   = 64                                        {product} {ergonomic}
   size_t InitialHeapSize                          = 526385152                                 {product} {ergonomic}
   size_t MarkStackSize                            = 4194304                                   {product} {ergonomic}
   size_t MaxHeapSize                              = 1073741824                                {product} {command line}
   size_t MaxNewSize                               = 643825664                                 {product} {ergonomic}
   size_t MinHeapDeltaBytes                        = 1048576                                   {product} {ergonomic}
    uintx NonNMethodCodeHeapSize                   = 5830732                                {pd product} {ergonomic}
    uintx NonProfiledCodeHeapSize                  = 122913754                              {pd product} {ergonomic}
    uintx ProfiledCodeHeapSize                     = 122913754                              {pd product} {ergonomic}
    uintx ReservedCodeCacheSize                    = 251658240                              {pd product} {ergonomic}
     bool SegmentedCodeCache                       = true                                      {product} {ergonomic}
     bool UseCompressedClassPointers               = true                                 {lp64_product} {ergonomic}
     bool UseCompressedOops                        = true                                 {lp64_product} {ergonomic}
     bool UseG1GC                                  = true                                      {product} {ergonomic}

Logging:
Log output configuration:
 #0: stdout all=warning uptime,level,tags
 #1: stderr all=off uptime,level,tags

Environment Variables:
PATH=/anaconda/envs/azureml_py38/bin/:/usr/local/sbin:/usr/local/bin:/usr/sbin:/usr/bin:/sbin:/bin:/usr/games:/usr/local/games:/snap/bin
LD_LIBRARY_PATH=/anaconda/envs/jupyter_env/lib/python3.10/site-packages/cv2/../../lib64:
SHELL=/bin/bash
LANG=C.UTF-8
TERM=xterm-color

Signal Handlers:
SIGSEGV: [libjvm.so+0xebbd40], sa_mask[0]=11111111011111111101111111111110, sa_flags=SA_RESTART|SA_SIGINFO
SIGBUS: [libjvm.so+0xebbd40], sa_mask[0]=11111111011111111101111111111110, sa_flags=SA_RESTART|SA_SIGINFO
SIGFPE: [libjvm.so+0xebbd40], sa_mask[0]=11111111011111111101111111111110, sa_flags=SA_RESTART|SA_SIGINFO
SIGPIPE: [libjvm.so+0xbfe040], sa_mask[0]=11111111011111111101111111111110, sa_flags=SA_RESTART|SA_SIGINFO
SIGXFSZ: [libjvm.so+0xbfe040], sa_mask[0]=11111111011111111101111111111110, sa_flags=SA_RESTART|SA_SIGINFO
SIGILL: [libjvm.so+0xebbd40], sa_mask[0]=11111111011111111101111111111110, sa_flags=SA_RESTART|SA_SIGINFO
SIGUSR2: [libjvm.so+0xbfdee0], sa_mask[0]=00000000000000000000000000000000, sa_flags=SA_RESTART|SA_SIGINFO
SIGHUP: [libjvm.so+0xbfe6a0], sa_mask[0]=11111111011111111101111111111110, sa_flags=SA_RESTART|SA_SIGINFO
SIGINT: SIG_IGN, sa_mask[0]=00000000000000000000000000000000, sa_flags=SA_ONSTACK
SIGTERM: [libjvm.so+0xbfe6a0], sa_mask[0]=11111111011111111101111111111110, sa_flags=SA_RESTART|SA_SIGINFO
SIGQUIT: [libjvm.so+0xbfe6a0], sa_mask[0]=11111111011111111101111111111110, sa_flags=SA_RESTART|SA_SIGINFO


---------------  S Y S T E M  ---------------

OS:DISTRIB_ID=Ubuntu
DISTRIB_RELEASE=22.04
DISTRIB_CODENAME=jammy
DISTRIB_DESCRIPTION="Ubuntu 22.04.5 LTS"
uname:Linux 6.8.0-1030-azure #35~22.04.1-Ubuntu SMP Mon May 26 18:08:30 UTC 2025 x86_64
OS uptime: 0 days 7:28 hours
libc:glibc 2.35 NPTL 2.35 
rlimit (soft/hard): STACK 8192k/infinity , CORE 0k/infinity , NPROC 128370/128370 , NOFILE 524288/524288 , AS infinity/infinity , CPU infinity/infinity , DATA infinity/infinity , FSIZE infinity/infinity , MEMLOCK 8192k/8192k
load average:1.13 1.14 1.09

/proc/meminfo:
MemTotal:       32870368 kB
MemFree:         4253796 kB
MemAvailable:   30131160 kB
Buffers:          630548 kB
Cached:         24621348 kB
SwapCached:           12 kB
Active:          3072588 kB
Inactive:       24038176 kB
Active(anon):    1869044 kB
Inactive(anon):      316 kB
Active(file):    1203544 kB
Inactive(file): 24037860 kB
Unevictable:       30888 kB
Mlocked:           27816 kB
SwapTotal:      32870364 kB
SwapFree:       32869840 kB
Zswap:                 0 kB
Zswapped:              0 kB
Dirty:              1328 kB
Writeback:             0 kB
AnonPages:       1844092 kB
Mapped:           509336 kB
Shmem:              4292 kB
KReclaimable:    1110208 kB
Slab:            1275848 kB
SReclaimable:    1110208 kB
SUnreclaim:       165640 kB
KernelStack:        4192 kB
PageTables:         9304 kB
SecPageTables:         0 kB
NFS_Unstable:          0 kB
Bounce:                0 kB
WritebackTmp:          0 kB
CommitLimit:    49305548 kB
Committed_AS:    4094732 kB
VmallocTotal:   34359738367 kB
VmallocUsed:       46904 kB
VmallocChunk:          0 kB
Percpu:             2848 kB
HardwareCorrupted:     0 kB
AnonHugePages:    653312 kB
ShmemHugePages:        0 kB
ShmemPmdMapped:        0 kB
FileHugePages:         0 kB
FilePmdMapped:         0 kB
Unaccepted:            0 kB
HugePages_Total:       0
HugePages_Free:        0
HugePages_Rsvd:        0
HugePages_Surp:        0
Hugepagesize:       2048 kB
Hugetlb:               0 kB
DirectMap4k:      128960 kB
DirectMap2M:     4065280 kB
DirectMap1G:    31457280 kB

/sys/kernel/mm/transparent_hugepage/enabled:
[always] madvise never
/sys/kernel/mm/transparent_hugepage/defrag (defrag/compaction efforts parameter):
always defer defer+madvise [madvise] never

Process Memory:
Virtual Size: 5844108K (peak: 13190332K)
Resident Set Size: 612368K (peak: 612368K) (anon: 526216K, file: 86152K, shmem: 0K)
Swapped out: 0K
C-Heap outstanding allocations: 68534K, retained: 62605K
glibc malloc tunables: (default)

/proc/sys/kernel/threads-max (system-wide limit on the number of threads):
256740
/proc/sys/vm/max_map_count (maximum number of memory map areas a process may have):
65530
/proc/sys/kernel/pid_max (system-wide limit on number of process identifiers):
4194304

container (cgroup) information:
container_type: cgroupv2
cpu_cpuset_cpus: not supported
cpu_memory_nodes: not supported
active_processor_count: 4
cpu_quota: no quota
cpu_period: 100000
cpu_shares: no shares
memory_limit_in_bytes: unlimited
memory_and_swap_limit_in_bytes: unlimited
memory_soft_limit_in_bytes: unlimited
memory_usage_in_bytes: 2264544 k
memory_max_usage_in_bytes: not supported
memory_swap_current_in_bytes: unlimited
memory_swap_max_limit_in_bytes: unlimited
maximum number of tasks: 38511
current number of tasks: 65

Hyper-V virtualization detected
Steal ticks since vm start: 0
Steal ticks percentage since vm start:  0.000

CPU:total 4 (initial active 4) (2 cores per cpu, 2 threads per core) family 6 model 106 stepping 6 microcode 0xffffffff, cmov, cx8, fxsr, mmx, sse, sse2, sse3, ssse3, sse4.1, sse4.2, popcnt, avx, avx2, aes, clmul, erms, rtm, 3dnowpref, lzcnt, ht, tsc, bmi1, bmi2, adx, evex, sha, fma
CPU Model and flags from /proc/cpuinfo:
model name	: Intel(R) Xeon(R) Platinum 8370C CPU @ 2.80GHz
flags		: fpu vme de pse tsc msr pae mce cx8 apic sep mtrr pge mca cmov pat pse36 clflush mmx fxsr sse sse2 ss ht syscall nx pdpe1gb rdtscp lm constant_tsc rep_good nopl xtopology cpuid tsc_known_freq pni pclmulqdq vmx ssse3 fma cx16 pcid sse4_1 sse4_2 movbe popcnt aes xsave avx f16c rdrand hypervisor lahf_lm abm 3dnowprefetch tpr_shadow ept vpid ept_ad fsgsbase bmi1 hle avx2 smep bmi2 erms invpcid rtm avx512f avx512dq rdseed adx smap avx512ifma clflushopt clwb avx512cd sha_ni avx512bw avx512vl xsaveopt xsavec xgetbv1 xsaves vnmi avx512vbmi umip avx512_vbmi2 gfni vaes vpclmulqdq avx512_vnni avx512_bitalg avx512_vpopcntdq rdpid fsrm arch_capabilities
Online cpus:
0-3
Offline cpus:

BIOS frequency limitation:
<Not Available>
Frequency switch latency (ns):
<Not Available>
Available cpu frequencies:
<Not Available>
Current governor:
<Not Available>
Core performance/turbo boost:
<Not Available>

Memory: 4k page, physical 32870368k(4278800k free), swap 32870364k(32869840k free)

vm_info: OpenJDK 64-Bit Server VM (11.0.27+6-post-Ubuntu-0ubuntu122.04) for linux-amd64 JRE (11.0.27+6-post-Ubuntu-0ubuntu122.04), built on Apr 21 2025 05:59:45 by "unknown" with gcc 11.4.0

END.
