#
# A fatal error has been detected by the Java Runtime Environment:
#
#  SIGSEGV (0xb) at pc=0x0000000000500f78, pid=3174, tid=136869
#
# JRE version: OpenJDK Runtime Environment (11.0.27+6) (build 11.0.27+6-post-Ubuntu-0ubuntu122.04)
# Java VM: OpenJDK 64-Bit Server VM (11.0.27+6-post-Ubuntu-0ubuntu122.04, mixed mode, sharing, tiered, compressed oops, g1 gc, linux-amd64)
# Problematic frame:
# C  [python+0x100f78]  PyObject_RichCompare+0x28
#
# No core dump will be written. Core dumps have been disabled. To enable core dumping, try "ulimit -c unlimited" before starting Java again
#
# If you would like to submit a bug report, please visit:
#   https://bugs.launchpad.net/ubuntu/+source/openjdk-lts
# The crash happened outside the Java Virtual Machine in native code.
# See problematic frame for where to report the bug.
#

---------------  S U M M A R Y ------------

Command Line: -Dfile.encoding=UTF8 -ea -Xmx1024m 

Host: Intel(R) Xeon(R) Platinum 8370C CPU @ 2.80GHz, 4 cores, 31G, Ubuntu 22.04.5 LTS
Time: Fri Jan 23 07:44:43 2026 UTC elapsed time: 24644.701608 seconds (0d 6h 50m 44s)

---------------  T H R E A D  ---------------

Current thread (0x000070e82800f000):  JavaThread "SIGTERM handler" daemon [_thread_in_native, id=136869, stack(0x000070e7daf00000,0x000070e7db000000)]

Stack: [0x000070e7daf00000,0x000070e7db000000],  sp=0x000070e7daffe640,  free space=1017k
Native frames: (J=compiled Java code, A=aot compiled Java code, j=interpreted, Vv=VM code, C=native code)
C  [python+0x100f78]  PyObject_RichCompare+0x28

Java frames: (J=compiled Java code, j=interpreted, Vv=VM code)
j  org.jpype.JPypeSignal.interruptPy(I)V+0
j  org.jpype.JPypeSignal.lambda$getSignalHandler$0(ILjava/lang/Object;Ljava/lang/reflect/Method;[Ljava/lang/Object;)Ljava/lang/Object;+7
j  org.jpype.JPypeSignal$$Lambda$11.invoke(Ljava/lang/Object;Ljava/lang/reflect/Method;[Ljava/lang/Object;)Ljava/lang/Object;+7
j  com.sun.proxy.$Proxy2.handle(Lsun/misc/Signal;)V+16
j  sun.misc.Signal$InternalMiscHandler.handle(Ljdk/internal/misc/Signal;)V+8 jdk.unsupported@11.0.27
j  jdk.internal.misc.Signal$1.run()V+8 java.base@11.0.27
j  java.lang.Thread.run()V+11 java.base@11.0.27
v  ~StubRoutines::call_stub

siginfo: si_signo: 11 (SIGSEGV), si_code: 1 (SEGV_MAPERR), si_addr: 0x0000000000000020

Register to memory mapping:

RAX=0x000000000000000e is an unknown value
RBX=0x000070e8a51000f0 points into unknown readable memory: 0x0000000000006556 | 56 65 00 00 00 00 00 00
RCX=0x0000000000000003 is an unknown value
RDX=0x0000000000000002 is an unknown value
RSP=0x000070e7daffe640 is pointing into the stack for thread: 0x000070e82800f000
RBP=0x000000000000000f is an unknown value
RSI=0x000070e8a51000f0 points into unknown readable memory: 0x0000000000006556 | 56 65 00 00 00 00 00 00
RDI=0x000070e8a51000d0 points into unknown readable memory: 0x00000000000074f3 | f3 74 00 00 00 00 00 00
R8 ={method} {0x000070e849c24028} 'interruptPy' '(I)V' in 'org/jpype/JPypeSignal'
R9 =0x0000000000000004 is an unknown value
R10=0x000070e85320f9e1 is at code_begin+897 in an Interpreter codelet
method entry point (kind = native)  [0x000070e85320f660, 0x000070e85320ffe0]  2432 bytes
R11=0x00000000c003f878 points into unknown readable memory: 0x0000005fdef03a01 | 01 3a f0 de 5f 00 00 00
R12=0x0 is NULL
R13={method} {0x000070e849c24028} 'interruptPy' '(I)V' in 'org/jpype/JPypeSignal'
R14=0x000070e7daffe740 is pointing into the stack for thread: 0x000070e82800f000
R15=0x000070e82800f000 is a thread


Registers:
RAX=0x000000000000000e, RBX=0x000070e8a51000f0, RCX=0x0000000000000003, RDX=0x0000000000000002
RSP=0x000070e7daffe640, RBP=0x000000000000000f, RSI=0x000070e8a51000f0, RDI=0x000070e8a51000d0
R8 =0x000070e849c24028, R9 =0x0000000000000004, R10=0x000070e85320f9e1, R11=0x00000000c003f878
R12=0x0000000000000000, R13=0x000070e849c24028, R14=0x000070e7daffe740, R15=0x000070e82800f000
RIP=0x0000000000500f78, EFLAGS=0x0000000000010206, CSGSFS=0x002b000000000033, ERR=0x0000000000000004
  TRAPNO=0x000000000000000e

Top of Stack: (sp=0x000070e7daffe640)
0x000070e7daffe640:   000070e82800f000 000070e7daffe680
0x000070e7daffe650:   000070e849c24028 000000000000000f
0x000070e7daffe660:   000070e8a51000d0 000070e849c24028
0x000070e7daffe670:   000070e7daffe740 0000000000500ee1 

Instructions: (pc=0x0000000000500f78)
0x0000000000500e78:   c1 0f 84 a4 fd ff ff 4c 8b 91 58 01 00 00 4d 85
0x0000000000500e88:   d2 0f 84 6b 16 f3 ff 49 8b 7a 10 45 31 c9 4c 39
0x0000000000500e98:   cf 0f 8e 84 fd ff ff 4f 39 44 ca 18 0f 84 17 fe
0x0000000000500ea8:   ff ff 49 ff c1 eb e7 48 8b 15 7a 48 24 00 48 ff
0x0000000000500eb8:   c2 e9 39 ff ff ff 41 83 cc ff e9 b4 fe ff ff e9
0x0000000000500ec8:   62 16 f3 ff 0f 1f 40 00 41 54 55 48 83 ec 08 48
0x0000000000500ed8:   39 f7 74 3c e8 6f 00 00 00 48 89 c5 48 85 c0 74
0x0000000000500ee8:   4f 48 81 78 08 00 17 75 00 0f 85 cf 16 f3 ff 45
0x0000000000500ef8:   31 e4 48 3d e0 16 75 00 41 0f 94 c4 48 ff 08 74
0x0000000000500f08:   35 48 83 c4 08 44 89 e0 5d 41 5c c3 0f 1f 40 00
0x0000000000500f18:   83 fa 02 75 11 41 bc 01 00 00 00 48 83 c4 08 44
0x0000000000500f28:   89 e0 5d 41 5c c3 83 fa 03 75 a9 45 31 e4 eb d1
0x0000000000500f38:   41 83 cc ff eb cb e9 98 16 f3 ff 66 66 2e 0f 1f
0x0000000000500f48:   84 00 00 00 00 00 66 90 41 56 41 55 41 54 55 53
0x0000000000500f58:   48 83 ec 10 4c 8b 25 95 0b 25 00 48 85 ff 0f 84
0x0000000000500f68:   c4 16 f3 ff 48 89 f3 48 85 f6 0f 84 b8 16 f3 ff
0x0000000000500f78:   41 8b 44 24 20 4c 63 ea 49 8b 54 24 10 48 89 fd
0x0000000000500f88:   ff c0 41 89 44 24 20 3b 42 40 0f 8f 28 03 00 00
0x0000000000500f98:   4c 8b 4e 08 4c 8b 47 08 4d 39 c8 0f 85 47 03 00
0x0000000000500fa8:   00 49 8b 80 c8 00 00 00 48 85 c0 0f 84 62 16 f3
0x0000000000500fb8:   ff 45 31 f6 48 3d 20 9e 50 00 0f 85 d8 00 00 00
0x0000000000500fc8:   41 f6 80 ab 00 00 00 01 0f 84 9a 03 00 00 48 8b
0x0000000000500fd8:   73 08 f6 86 ab 00 00 00 01 0f 84 89 03 00 00 48
0x0000000000500fe8:   39 dd 0f 84 e0 00 00 00 4c 8b 55 10 4d 89 d3 4c
0x0000000000500ff8:   2b 5b 10 0f 85 8f 01 00 00 4d 89 d1 49 f7 d9 4d
0x0000000000501008:   0f 48 ca 4d 85 d2 0f 84 7c 02 00 00 42 8b 44 8d
0x0000000000501018:   14 42 2b 44 8b 14 0f 84 cc 00 00 00 4d 85 d2 0f
0x0000000000501028:   88 83 02 00 00 45 89 ed 4c 63 d8 42 ff 24 ed 88
0x0000000000501038:   9c 64 00 4d 8b 99 c8 00 00 00 4d 85 db 0f 84 25
0x0000000000501048:   16 f3 ff 49 63 d5 48 89 ee 48 89 df 8b 14 95 40
0x0000000000501058:   57 74 00 41 ff d3 48 3d 30 57 74 00 75 51 48 ff
0x0000000000501068:   0d c3 46 24 00 0f 84 e9 15 f3 ff 4c 8b 45 08 41 


Stack slot to memory mapping:
stack at sp + 0 slots: 0x000070e82800f000 is a thread
stack at sp + 1 slots: 0x000070e7daffe680 is pointing into the stack for thread: 0x000070e82800f000
stack at sp + 2 slots: {method} {0x000070e849c24028} 'interruptPy' '(I)V' in 'org/jpype/JPypeSignal'
stack at sp + 3 slots: 0x000000000000000f is an unknown value
stack at sp + 4 slots: 0x000070e8a51000d0 points into unknown readable memory: 0x00000000000074f3 | f3 74 00 00 00 00 00 00
stack at sp + 5 slots: {method} {0x000070e849c24028} 'interruptPy' '(I)V' in 'org/jpype/JPypeSignal'
stack at sp + 6 slots: 0x000070e7daffe740 is pointing into the stack for thread: 0x000070e82800f000
stack at sp + 7 slots: 0x0000000000500ee1: PyObject_RichCompareBool+0x0000000000000011 in /anaconda/envs/azureml_py310_sdkv2/bin/python at 0x0000000000400000


---------------  P R O C E S S  ---------------

Threads class SMR info:
_java_thread_list=0x000070e828000e90, length=17, elements={
0x00000000066b7000, 0x0000000008a57000, 0x0000000008a59000, 0x0000000008a5f800,
0x0000000008a61800, 0x0000000008a63800, 0x0000000008a65800, 0x0000000008a67800,
0x0000000008abf800, 0x0000000008b90000, 0x000070e80405f800, 0x000070e804014000,
0x000070e800052800, 0x000070e804ccb000, 0x000070e804cc0800, 0x000070e89c08f800,
0x000070e82800f000
}

Java Threads: ( => current thread )
  0x00000000066b7000 JavaThread "main" [_thread_in_native, id=3174, stack(0x00007fff555ad000,0x00007fff556ad000)]
  0x0000000008a57000 JavaThread "Reference Handler" daemon [_thread_blocked, id=16015, stack(0x000070e8505fb000,0x000070e8506fb000)]
  0x0000000008a59000 JavaThread "Finalizer" daemon [_thread_blocked, id=16016, stack(0x000070e8504fb000,0x000070e8505fb000)]
  0x0000000008a5f800 JavaThread "Signal Dispatcher" daemon [_thread_blocked, id=16017, stack(0x000070e8503fb000,0x000070e8504fb000)]
  0x0000000008a61800 JavaThread "Service Thread" daemon [_thread_blocked, id=16018, stack(0x000070e8502fb000,0x000070e8503fb000)]
  0x0000000008a63800 JavaThread "C2 CompilerThread0" daemon [_thread_blocked, id=16019, stack(0x000070e8501fb000,0x000070e8502fb000)]
  0x0000000008a65800 JavaThread "C1 CompilerThread0" daemon [_thread_blocked, id=16020, stack(0x000070e8500fb000,0x000070e8501fb000)]
  0x0000000008a67800 JavaThread "Sweeper thread" daemon [_thread_blocked, id=16021, stack(0x000070e849700000,0x000070e849800000)]
  0x0000000008abf800 JavaThread "Common-Cleaner" daemon [_thread_blocked, id=16023, stack(0x000070e8494ff000,0x000070e8495ff000)]
  0x0000000008b90000 JavaThread "Python Reference Queue" daemon [_thread_blocked, id=16024, stack(0x000070e8493ff000,0x000070e8494ff000)]
  0x000070e80405f800 JavaThread "Thread-1" daemon [_thread_in_native, id=17201, stack(0x000070e8783ff000,0x000070e878bff000)]
  0x000070e804014000 JavaThread "Thread-2" daemon [_thread_in_native, id=23264, stack(0x000070e8783ff000,0x000070e878bff000)]
  0x000070e800052800 JavaThread "Thread-3" daemon [_thread_in_native, id=38371, stack(0x000070e7ff800000,0x000070e800000000)]
  0x000070e804ccb000 JavaThread "Thread-4" daemon [_thread_in_native, id=40585, stack(0x000070e7ff800000,0x000070e800000000)]
  0x000070e804cc0800 JavaThread "Thread-5" daemon [_thread_in_native, id=40632, stack(0x000070e7ff800000,0x000070e800000000)]
  0x000070e89c08f800 JavaThread "Thread-6" daemon [_thread_in_native, id=57534, stack(0x000070e7eb1fe000,0x000070e7eb9fe000)]
=>0x000070e82800f000 JavaThread "SIGTERM handler" daemon [_thread_in_native, id=136869, stack(0x000070e7daf00000,0x000070e7db000000)]

Other Threads:
  0x0000000008a54800 VMThread "VM Thread" [stack: 0x000070e8506fc000,0x000070e8507fc000] [id=16014]
  0x0000000008abe000 WatcherThread [stack: 0x000070e849600000,0x000070e849700000] [id=16022]
  0x0000000007f3b000 GCTaskThread "GC Thread#0" [stack: 0x000070e86ab00000,0x000070e86ac00000] [id=16009]
  0x000070e83c001800 GCTaskThread "GC Thread#1" [stack: 0x000070e8492ff000,0x000070e8493ff000] [id=16025]
  0x000070e83c003000 GCTaskThread "GC Thread#2" [stack: 0x000070e8491fe000,0x000070e8492fe000] [id=16026]
  0x000070e83c004800 GCTaskThread "GC Thread#3" [stack: 0x000070e8490fd000,0x000070e8491fd000] [id=16027]
  0x000000000835a800 ConcurrentGCThread "G1 Main Marker" [stack: 0x000070e850b00000,0x000070e850c00000] [id=16010]
  0x000000000835b800 ConcurrentGCThread "G1 Conc#0" [stack: 0x000070e8509ff000,0x000070e850aff000] [id=16011]
  0x00000000088ea000 ConcurrentGCThread "G1 Refine#0" [stack: 0x000070e8508fe000,0x000070e8509fe000] [id=16012]
  0x000070e840002800 ConcurrentGCThread "G1 Refine#1" [stack: 0x000070e848efc000,0x000070e848ffc000] [id=16356]
  0x00000000088eb000 ConcurrentGCThread "G1 Young RemSet Sampling" [stack: 0x000070e8507fd000,0x000070e8508fd000] [id=16013]

Threads with active compile tasks:

VM state:not at safepoint (normal execution)

VM Mutex/Monitor currently owned by a thread: None

Heap address: 0x00000000c0000000, size: 1024 MB, Compressed Oops mode: 32-bit
Narrow klass base: 0x0000000800000000, Narrow klass shift: 3
Compressed class space size: 1073741824 Address: 0x0000000840000000

Heap:
 garbage-first heap   total 273408K, used 214636K [0x00000000c0000000, 0x0000000100000000)
  region size 1024K, 134 young (137216K), 1 survivors (1024K)
 Metaspace       used 11800K, capacity 13446K, committed 13568K, reserved 1060864K
  class space    used 1822K, capacity 2209K, committed 2304K, reserved 1048576K
Heap Regions: E=young(eden), S=young(survivor), O=old, HS=humongous(starts), HC=humongous(continues), CS=collection set, F=free, A=archive, TAMS=top-at-mark-start (previous, next)
|   0|0x00000000c0000000, 0x00000000c00fffe8, 0x00000000c0100000| 99%| O|  |TAMS 0x00000000c0000000, 0x00000000c0000000| Untracked 
|   1|0x00000000c0100000, 0x00000000c01ffff0, 0x00000000c0200000| 99%| O|  |TAMS 0x00000000c0100000, 0x00000000c0100000| Untracked 
|   2|0x00000000c0200000, 0x00000000c02fffe0, 0x00000000c0300000| 99%| O|  |TAMS 0x00000000c0200000, 0x00000000c0200000| Untracked 
|   3|0x00000000c0300000, 0x00000000c0400000, 0x00000000c0400000|100%| O|  |TAMS 0x00000000c0300000, 0x00000000c0300000| Untracked 
|   4|0x00000000c0400000, 0x00000000c04ffff8, 0x00000000c0500000| 99%| O|  |TAMS 0x00000000c0400000, 0x00000000c0400000| Untracked 
|   5|0x00000000c0500000, 0x00000000c05ffff8, 0x00000000c0600000| 99%| O|  |TAMS 0x00000000c0500000, 0x00000000c0500000| Untracked 
|   6|0x00000000c0600000, 0x00000000c0700000, 0x00000000c0700000|100%| O|  |TAMS 0x00000000c0600000, 0x00000000c0600000| Untracked 
|   7|0x00000000c0700000, 0x00000000c0800000, 0x00000000c0800000|100%| O|  |TAMS 0x00000000c0700000, 0x00000000c0700000| Untracked 
|   8|0x00000000c0800000, 0x00000000c08fffe8, 0x00000000c0900000| 99%| O|  |TAMS 0x00000000c0800000, 0x00000000c0800000| Untracked 
|   9|0x00000000c0900000, 0x00000000c0a00000, 0x00000000c0a00000|100%|HS|  |TAMS 0x00000000c0900000, 0x00000000c0900000| Untracked 
|  10|0x00000000c0a00000, 0x00000000c0b00000, 0x00000000c0b00000|100%|HC|  |TAMS 0x00000000c0a00000, 0x00000000c0a00000| Untracked 
|  11|0x00000000c0b00000, 0x00000000c0c00000, 0x00000000c0c00000|100%| O|  |TAMS 0x00000000c0b00000, 0x00000000c0b00000| Untracked 
|  12|0x00000000c0c00000, 0x00000000c0d00000, 0x00000000c0d00000|100%| O|  |TAMS 0x00000000c0c00000, 0x00000000c0c00000| Untracked 
|  13|0x00000000c0d00000, 0x00000000c0e00000, 0x00000000c0e00000|100%|HS|  |TAMS 0x00000000c0d00000, 0x00000000c0d00000| Untracked 
|  14|0x00000000c0e00000, 0x00000000c0f00000, 0x00000000c0f00000|100%|HC|  |TAMS 0x00000000c0e00000, 0x00000000c0e00000| Untracked 
|  15|0x00000000c0f00000, 0x00000000c0fffff0, 0x00000000c1000000| 99%| O|  |TAMS 0x00000000c0f00000, 0x00000000c0f00000| Untracked 
|  16|0x00000000c1000000, 0x00000000c10ffff8, 0x00000000c1100000| 99%| O|  |TAMS 0x00000000c1000000, 0x00000000c1000000| Untracked 
|  17|0x00000000c1100000, 0x00000000c1200000, 0x00000000c1200000|100%| O|  |TAMS 0x00000000c1100000, 0x00000000c1100000| Untracked 
|  18|0x00000000c1200000, 0x00000000c12ffff0, 0x00000000c1300000| 99%| O|  |TAMS 0x00000000c1200000, 0x00000000c1200000| Untracked 
|  19|0x00000000c1300000, 0x00000000c13ffff8, 0x00000000c1400000| 99%| O|  |TAMS 0x00000000c1300000, 0x00000000c1300000| Untracked 
|  20|0x00000000c1400000, 0x00000000c1500000, 0x00000000c1500000|100%| O|  |TAMS 0x00000000c1400000, 0x00000000c1400000| Untracked 
|  21|0x00000000c1500000, 0x00000000c1600000, 0x00000000c1600000|100%| O|  |TAMS 0x00000000c1500000, 0x00000000c1500000| Untracked 
|  22|0x00000000c1600000, 0x00000000c1700000, 0x00000000c1700000|100%| O|  |TAMS 0x00000000c1600000, 0x00000000c1600000| Untracked 
|  23|0x00000000c1700000, 0x00000000c1800000, 0x00000000c1800000|100%| O|  |TAMS 0x00000000c1700000, 0x00000000c1700000| Untracked 
|  24|0x00000000c1800000, 0x00000000c1900000, 0x00000000c1900000|100%|HS|  |TAMS 0x00000000c1800000, 0x00000000c1800000| Untracked 
|  25|0x00000000c1900000, 0x00000000c1a00000, 0x00000000c1a00000|100%|HS|  |TAMS 0x00000000c1900000, 0x00000000c1900000| Untracked 
|  26|0x00000000c1a00000, 0x00000000c1affff8, 0x00000000c1b00000| 99%| O|  |TAMS 0x00000000c1a00000, 0x00000000c1a00000| Untracked 
|  27|0x00000000c1b00000, 0x00000000c1bffff0, 0x00000000c1c00000| 99%| O|  |TAMS 0x00000000c1b00000, 0x00000000c1b00000| Untracked 
|  28|0x00000000c1c00000, 0x00000000c1d00000, 0x00000000c1d00000|100%| O|  |TAMS 0x00000000c1c00000, 0x00000000c1c00000| Untracked 
|  29|0x00000000c1d00000, 0x00000000c1dffff0, 0x00000000c1e00000| 99%| O|  |TAMS 0x00000000c1d00000, 0x00000000c1d00000| Untracked 
|  30|0x00000000c1e00000, 0x00000000c1f00000, 0x00000000c1f00000|100%| O|  |TAMS 0x00000000c1e00000, 0x00000000c1e00000| Untracked 
|  31|0x00000000c1f00000, 0x00000000c1fffff0, 0x00000000c2000000| 99%| O|  |TAMS 0x00000000c1f00000, 0x00000000c1f00000| Untracked 
|  32|0x00000000c2000000, 0x00000000c20fffe8, 0x00000000c2100000| 99%| O|  |TAMS 0x00000000c2000000, 0x00000000c2000000| Untracked 
|  33|0x00000000c2100000, 0x00000000c2200000, 0x00000000c2200000|100%| O|  |TAMS 0x00000000c2100000, 0x00000000c2100000| Untracked 
|  34|0x00000000c2200000, 0x00000000c22ffff8, 0x00000000c2300000| 99%| O|  |TAMS 0x00000000c2200000, 0x00000000c2200000| Untracked 
|  35|0x00000000c2300000, 0x00000000c2400000, 0x00000000c2400000|100%| O|  |TAMS 0x00000000c2300000, 0x00000000c2300000| Untracked 
|  36|0x00000000c2400000, 0x00000000c24ffff8, 0x00000000c2500000| 99%| O|  |TAMS 0x00000000c2400000, 0x00000000c2400000| Untracked 
|  37|0x00000000c2500000, 0x00000000c25ffff0, 0x00000000c2600000| 99%| O|  |TAMS 0x00000000c2500000, 0x00000000c2500000| Untracked 
|  38|0x00000000c2600000, 0x00000000c2700000, 0x00000000c2700000|100%|HS|  |TAMS 0x00000000c2600000, 0x00000000c2600000| Untracked 
|  39|0x00000000c2700000, 0x00000000c2800000, 0x00000000c2800000|100%|HC|  |TAMS 0x00000000c2700000, 0x00000000c2700000| Untracked 
|  40|0x00000000c2800000, 0x00000000c2900000, 0x00000000c2900000|100%|HS|  |TAMS 0x00000000c2800000, 0x00000000c2800000| Untracked 
|  41|0x00000000c2900000, 0x00000000c2a00000, 0x00000000c2a00000|100%|HC|  |TAMS 0x00000000c2900000, 0x00000000c2900000| Untracked 
|  42|0x00000000c2a00000, 0x00000000c2affff8, 0x00000000c2b00000| 99%| O|  |TAMS 0x00000000c2a00000, 0x00000000c2a00000| Untracked 
|  43|0x00000000c2b00000, 0x00000000c2c00000, 0x00000000c2c00000|100%| O|  |TAMS 0x00000000c2b00000, 0x00000000c2b00000| Untracked 
|  44|0x00000000c2c00000, 0x00000000c2d00000, 0x00000000c2d00000|100%|HS|  |TAMS 0x00000000c2c00000, 0x00000000c2c00000| Untracked 
|  45|0x00000000c2d00000, 0x00000000c2e00000, 0x00000000c2e00000|100%|HC|  |TAMS 0x00000000c2d00000, 0x00000000c2d00000| Untracked 
|  46|0x00000000c2e00000, 0x00000000c2f00000, 0x00000000c2f00000|100%|HS|  |TAMS 0x00000000c2e00000, 0x00000000c2e00000| Untracked 
|  47|0x00000000c2f00000, 0x00000000c3000000, 0x00000000c3000000|100%|HC|  |TAMS 0x00000000c2f00000, 0x00000000c2f00000| Untracked 
|  48|0x00000000c3000000, 0x00000000c3100000, 0x00000000c3100000|100%|HS|  |TAMS 0x00000000c3000000, 0x00000000c3000000| Untracked 
|  49|0x00000000c3100000, 0x00000000c3200000, 0x00000000c3200000|100%| O|  |TAMS 0x00000000c3100000, 0x00000000c3100000| Untracked 
|  50|0x00000000c3200000, 0x00000000c32ffff0, 0x00000000c3300000| 99%| O|  |TAMS 0x00000000c3200000, 0x00000000c3200000| Untracked 
|  51|0x00000000c3300000, 0x00000000c33ffff0, 0x00000000c3400000| 99%| O|  |TAMS 0x00000000c3300000, 0x00000000c3300000| Untracked 
|  52|0x00000000c3400000, 0x00000000c3500000, 0x00000000c3500000|100%| O|  |TAMS 0x00000000c3400000, 0x00000000c3400000| Untracked 
|  53|0x00000000c3500000, 0x00000000c35ffff0, 0x00000000c3600000| 99%| O|  |TAMS 0x00000000c3500000, 0x00000000c3500000| Untracked 
|  54|0x00000000c3600000, 0x00000000c36ffff8, 0x00000000c3700000| 99%| O|  |TAMS 0x00000000c3600000, 0x00000000c3600000| Untracked 
|  55|0x00000000c3700000, 0x00000000c3800000, 0x00000000c3800000|100%| O|  |TAMS 0x00000000c3700000, 0x00000000c3700000| Untracked 
|  56|0x00000000c3800000, 0x00000000c38ffff8, 0x00000000c3900000| 99%| O|  |TAMS 0x00000000c3800000, 0x00000000c3800000| Untracked 
|  57|0x00000000c3900000, 0x00000000c39ffff8, 0x00000000c3a00000| 99%| O|  |TAMS 0x00000000c3900000, 0x00000000c3900000| Untracked 
|  58|0x00000000c3a00000, 0x00000000c3affff8, 0x00000000c3b00000| 99%| O|  |TAMS 0x00000000c3a00000, 0x00000000c3a00000| Untracked 
|  59|0x00000000c3b00000, 0x00000000c3bffff8, 0x00000000c3c00000| 99%| O|  |TAMS 0x00000000c3b00000, 0x00000000c3b00000| Untracked 
|  60|0x00000000c3c00000, 0x00000000c3cffff8, 0x00000000c3d00000| 99%| O|  |TAMS 0x00000000c3c00000, 0x00000000c3c00000| Untracked 
|  61|0x00000000c3d00000, 0x00000000c3dffff8, 0x00000000c3e00000| 99%| O|  |TAMS 0x00000000c3d00000, 0x00000000c3d00000| Untracked 
|  62|0x00000000c3e00000, 0x00000000c3effff0, 0x00000000c3f00000| 99%| O|  |TAMS 0x00000000c3e00000, 0x00000000c3e00000| Untracked 
|  63|0x00000000c3f00000, 0x00000000c4000000, 0x00000000c4000000|100%| O|  |TAMS 0x00000000c3f00000, 0x00000000c3f00000| Untracked 
|  64|0x00000000c4000000, 0x00000000c40fffe8, 0x00000000c4100000| 99%| O|  |TAMS 0x00000000c4000000, 0x00000000c4000000| Untracked 
|  65|0x00000000c4100000, 0x00000000c4200000, 0x00000000c4200000|100%| O|  |TAMS 0x00000000c4100000, 0x00000000c4100000| Untracked 
|  66|0x00000000c4200000, 0x00000000c42ffff8, 0x00000000c4300000| 99%| O|  |TAMS 0x00000000c4200000, 0x00000000c4200000| Untracked 
|  67|0x00000000c4300000, 0x00000000c43c87a8, 0x00000000c4400000| 78%| O|  |TAMS 0x00000000c4300000, 0x00000000c4300000| Untracked 
|  68|0x00000000c4400000, 0x00000000c4500000, 0x00000000c4500000|100%| O|  |TAMS 0x00000000c4400000, 0x00000000c4400000| Untracked 
|  69|0x00000000c4500000, 0x00000000c4542c00, 0x00000000c4600000| 26%| O|  |TAMS 0x00000000c4500000, 0x00000000c4500000| Untracked 
|  70|0x00000000c4600000, 0x00000000c46ffff8, 0x00000000c4700000| 99%| O|  |TAMS 0x00000000c4600000, 0x00000000c4600000| Untracked 
|  71|0x00000000c4700000, 0x00000000c4700000, 0x00000000c4800000|  0%| F|  |TAMS 0x00000000c4700000, 0x00000000c4700000| Untracked 
|  72|0x00000000c4800000, 0x00000000c4900000, 0x00000000c4900000|100%| O|  |TAMS 0x00000000c4800000, 0x00000000c4800000| Untracked 
|  73|0x00000000c4900000, 0x00000000c49ae9d8, 0x00000000c4a00000| 68%| O|  |TAMS 0x00000000c4900000, 0x00000000c4900000| Untracked 
|  74|0x00000000c4a00000, 0x00000000c4a00000, 0x00000000c4b00000|  0%| F|  |TAMS 0x00000000c4a00000, 0x00000000c4a00000| Untracked 
|  75|0x00000000c4b00000, 0x00000000c4b00000, 0x00000000c4c00000|  0%| F|  |TAMS 0x00000000c4b00000, 0x00000000c4b00000| Untracked 
|  76|0x00000000c4c00000, 0x00000000c4c00000, 0x00000000c4d00000|  0%| F|  |TAMS 0x00000000c4c00000, 0x00000000c4c00000| Untracked 
|  77|0x00000000c4d00000, 0x00000000c4d00000, 0x00000000c4e00000|  0%| F|  |TAMS 0x00000000c4d00000, 0x00000000c4d00000| Untracked 
|  78|0x00000000c4e00000, 0x00000000c4e00000, 0x00000000c4f00000|  0%| F|  |TAMS 0x00000000c4e00000, 0x00000000c4e00000| Untracked 
|  79|0x00000000c4f00000, 0x00000000c4f00000, 0x00000000c5000000|  0%| F|  |TAMS 0x00000000c4f00000, 0x00000000c4f00000| Untracked 
|  80|0x00000000c5000000, 0x00000000c5000000, 0x00000000c5100000|  0%| F|  |TAMS 0x00000000c5000000, 0x00000000c5000000| Untracked 
|  81|0x00000000c5100000, 0x00000000c5100000, 0x00000000c5200000|  0%| F|  |TAMS 0x00000000c5100000, 0x00000000c5100000| Untracked 
|  82|0x00000000c5200000, 0x00000000c5200000, 0x00000000c5300000|  0%| F|  |TAMS 0x00000000c5200000, 0x00000000c5200000| Untracked 
|  83|0x00000000c5300000, 0x00000000c5300000, 0x00000000c5400000|  0%| F|  |TAMS 0x00000000c5300000, 0x00000000c5300000| Untracked 
|  84|0x00000000c5400000, 0x00000000c5400000, 0x00000000c5500000|  0%| F|  |TAMS 0x00000000c5400000, 0x00000000c5400000| Untracked 
|  85|0x00000000c5500000, 0x00000000c5500000, 0x00000000c5600000|  0%| F|  |TAMS 0x00000000c5500000, 0x00000000c5500000| Untracked 
|  86|0x00000000c5600000, 0x00000000c5600000, 0x00000000c5700000|  0%| F|  |TAMS 0x00000000c5600000, 0x00000000c5600000| Untracked 
|  87|0x00000000c5700000, 0x00000000c5700000, 0x00000000c5800000|  0%| F|  |TAMS 0x00000000c5700000, 0x00000000c5700000| Untracked 
|  88|0x00000000c5800000, 0x00000000c5800000, 0x00000000c5900000|  0%| F|  |TAMS 0x00000000c5800000, 0x00000000c5800000| Untracked 
|  89|0x00000000c5900000, 0x00000000c5900000, 0x00000000c5a00000|  0%| F|  |TAMS 0x00000000c5900000, 0x00000000c5900000| Untracked 
|  90|0x00000000c5a00000, 0x00000000c5a00000, 0x00000000c5b00000|  0%| F|  |TAMS 0x00000000c5a00000, 0x00000000c5a00000| Untracked 
|  91|0x00000000c5b00000, 0x00000000c5b00000, 0x00000000c5c00000|  0%| F|  |TAMS 0x00000000c5b00000, 0x00000000c5b00000| Untracked 
|  92|0x00000000c5c00000, 0x00000000c5c00000, 0x00000000c5d00000|  0%| F|  |TAMS 0x00000000c5c00000, 0x00000000c5c00000| Untracked 
|  93|0x00000000c5d00000, 0x00000000c5d00000, 0x00000000c5e00000|  0%| F|  |TAMS 0x00000000c5d00000, 0x00000000c5d00000| Untracked 
|  94|0x00000000c5e00000, 0x00000000c5e00000, 0x00000000c5f00000|  0%| F|  |TAMS 0x00000000c5e00000, 0x00000000c5e00000| Untracked 
|  95|0x00000000c5f00000, 0x00000000c5f00000, 0x00000000c6000000|  0%| F|  |TAMS 0x00000000c5f00000, 0x00000000c5f00000| Untracked 
|  96|0x00000000c6000000, 0x00000000c6000000, 0x00000000c6100000|  0%| F|  |TAMS 0x00000000c6000000, 0x00000000c6000000| Untracked 
|  97|0x00000000c6100000, 0x00000000c6100000, 0x00000000c6200000|  0%| F|  |TAMS 0x00000000c6100000, 0x00000000c6100000| Untracked 
|  98|0x00000000c6200000, 0x00000000c6200000, 0x00000000c6300000|  0%| F|  |TAMS 0x00000000c6200000, 0x00000000c6200000| Untracked 
|  99|0x00000000c6300000, 0x00000000c6300000, 0x00000000c6400000|  0%| F|  |TAMS 0x00000000c6300000, 0x00000000c6300000| Untracked 
| 100|0x00000000c6400000, 0x00000000c6400000, 0x00000000c6500000|  0%| F|  |TAMS 0x00000000c6400000, 0x00000000c6400000| Untracked 
| 101|0x00000000c6500000, 0x00000000c6501830, 0x00000000c6600000|  0%| S|CS|TAMS 0x00000000c6500000, 0x00000000c6500000| Complete 
| 102|0x00000000c6600000, 0x00000000c6600000, 0x00000000c6700000|  0%| F|  |TAMS 0x00000000c6600000, 0x00000000c6600000| Untracked 
| 103|0x00000000c6700000, 0x00000000c6700000, 0x00000000c6800000|  0%| F|  |TAMS 0x00000000c6700000, 0x00000000c6700000| Untracked 
| 104|0x00000000c6800000, 0x00000000c6800000, 0x00000000c6900000|  0%| F|  |TAMS 0x00000000c6800000, 0x00000000c6800000| Untracked 
| 105|0x00000000c6900000, 0x00000000c6900000, 0x00000000c6a00000|  0%| F|  |TAMS 0x00000000c6900000, 0x00000000c6900000| Untracked 
| 106|0x00000000c6a00000, 0x00000000c6a00000, 0x00000000c6b00000|  0%| F|  |TAMS 0x00000000c6a00000, 0x00000000c6a00000| Untracked 
| 107|0x00000000c6b00000, 0x00000000c6b00000, 0x00000000c6c00000|  0%| F|  |TAMS 0x00000000c6b00000, 0x00000000c6b00000| Untracked 
| 108|0x00000000c6c00000, 0x00000000c6c00000, 0x00000000c6d00000|  0%| F|  |TAMS 0x00000000c6c00000, 0x00000000c6c00000| Untracked 
| 109|0x00000000c6d00000, 0x00000000c6d00000, 0x00000000c6e00000|  0%| F|  |TAMS 0x00000000c6d00000, 0x00000000c6d00000| Untracked 
| 110|0x00000000c6e00000, 0x00000000c6e00000, 0x00000000c6f00000|  0%| F|  |TAMS 0x00000000c6e00000, 0x00000000c6e00000| Untracked 
| 111|0x00000000c6f00000, 0x00000000c6f00000, 0x00000000c7000000|  0%| F|  |TAMS 0x00000000c6f00000, 0x00000000c6f00000| Untracked 
| 112|0x00000000c7000000, 0x00000000c7000000, 0x00000000c7100000|  0%| F|  |TAMS 0x00000000c7000000, 0x00000000c7000000| Untracked 
| 113|0x00000000c7100000, 0x00000000c7100000, 0x00000000c7200000|  0%| F|  |TAMS 0x00000000c7100000, 0x00000000c7100000| Untracked 
| 114|0x00000000c7200000, 0x00000000c7200000, 0x00000000c7300000|  0%| F|  |TAMS 0x00000000c7200000, 0x00000000c7200000| Untracked 
| 115|0x00000000c7300000, 0x00000000c7300000, 0x00000000c7400000|  0%| F|  |TAMS 0x00000000c7300000, 0x00000000c7300000| Untracked 
| 116|0x00000000c7400000, 0x00000000c7400000, 0x00000000c7500000|  0%| F|  |TAMS 0x00000000c7400000, 0x00000000c7400000| Untracked 
| 117|0x00000000c7500000, 0x00000000c7500000, 0x00000000c7600000|  0%| F|  |TAMS 0x00000000c7500000, 0x00000000c7500000| Untracked 
| 118|0x00000000c7600000, 0x00000000c7600000, 0x00000000c7700000|  0%| F|  |TAMS 0x00000000c7600000, 0x00000000c7600000| Untracked 
| 119|0x00000000c7700000, 0x00000000c7700000, 0x00000000c7800000|  0%| F|  |TAMS 0x00000000c7700000, 0x00000000c7700000| Untracked 
| 120|0x00000000c7800000, 0x00000000c7800000, 0x00000000c7900000|  0%| F|  |TAMS 0x00000000c7800000, 0x00000000c7800000| Untracked 
| 121|0x00000000c7900000, 0x00000000c7900000, 0x00000000c7a00000|  0%| F|  |TAMS 0x00000000c7900000, 0x00000000c7900000| Untracked 
| 122|0x00000000c7a00000, 0x00000000c7a00000, 0x00000000c7b00000|  0%| F|  |TAMS 0x00000000c7a00000, 0x00000000c7a00000| Untracked 
| 123|0x00000000c7b00000, 0x00000000c7b00000, 0x00000000c7c00000|  0%| F|  |TAMS 0x00000000c7b00000, 0x00000000c7b00000| Untracked 
| 124|0x00000000c7c00000, 0x00000000c7c00000, 0x00000000c7d00000|  0%| F|  |TAMS 0x00000000c7c00000, 0x00000000c7c00000| Untracked 
| 125|0x00000000c7d00000, 0x00000000c7d00000, 0x00000000c7e00000|  0%| F|  |TAMS 0x00000000c7d00000, 0x00000000c7d00000| Untracked 
| 126|0x00000000c7e00000, 0x00000000c7f00000, 0x00000000c7f00000|100%| E|  |TAMS 0x00000000c7e00000, 0x00000000c7e00000| Complete 
| 127|0x00000000c7f00000, 0x00000000c8000000, 0x00000000c8000000|100%| E|CS|TAMS 0x00000000c7f00000, 0x00000000c7f00000| Complete 
| 128|0x00000000c8000000, 0x00000000c8100000, 0x00000000c8100000|100%| E|CS|TAMS 0x00000000c8000000, 0x00000000c8000000| Complete 
| 129|0x00000000c8100000, 0x00000000c81ffff8, 0x00000000c8200000| 99%| O|  |TAMS 0x00000000c8100000, 0x00000000c8100000| Untracked 
| 130|0x00000000c8200000, 0x00000000c82ffff0, 0x00000000c8300000| 99%| O|  |TAMS 0x00000000c8200000, 0x00000000c8200000| Untracked 
| 131|0x00000000c8300000, 0x00000000c83ffff8, 0x00000000c8400000| 99%| O|  |TAMS 0x00000000c8300000, 0x00000000c8300000| Untracked 
| 132|0x00000000c8400000, 0x00000000c84fffe8, 0x00000000c8500000| 99%| O|  |TAMS 0x00000000c8400000, 0x00000000c8400000| Untracked 
| 133|0x00000000c8500000, 0x00000000c8542968, 0x00000000c8600000| 26%| O|  |TAMS 0x00000000c8500000, 0x00000000c8500000| Untracked 
| 134|0x00000000c8600000, 0x00000000c86e94c0, 0x00000000c8700000| 91%| O|  |TAMS 0x00000000c8600000, 0x00000000c8600000| Untracked 
| 135|0x00000000c8700000, 0x00000000c8800000, 0x00000000c8800000|100%| E|CS|TAMS 0x00000000c8700000, 0x00000000c8700000| Complete 
| 136|0x00000000c8800000, 0x00000000c8900000, 0x00000000c8900000|100%| E|CS|TAMS 0x00000000c8800000, 0x00000000c8800000| Complete 
| 137|0x00000000c8900000, 0x00000000c8a00000, 0x00000000c8a00000|100%| E|CS|TAMS 0x00000000c8900000, 0x00000000c8900000| Complete 
| 138|0x00000000c8a00000, 0x00000000c8b00000, 0x00000000c8b00000|100%| E|CS|TAMS 0x00000000c8a00000, 0x00000000c8a00000| Complete 
| 139|0x00000000c8b00000, 0x00000000c8c00000, 0x00000000c8c00000|100%| E|CS|TAMS 0x00000000c8b00000, 0x00000000c8b00000| Complete 
| 140|0x00000000c8c00000, 0x00000000c8d00000, 0x00000000c8d00000|100%| E|CS|TAMS 0x00000000c8c00000, 0x00000000c8c00000| Complete 
| 141|0x00000000c8d00000, 0x00000000c8e00000, 0x00000000c8e00000|100%| E|CS|TAMS 0x00000000c8d00000, 0x00000000c8d00000| Complete 
| 142|0x00000000c8e00000, 0x00000000c8f00000, 0x00000000c8f00000|100%| E|CS|TAMS 0x00000000c8e00000, 0x00000000c8e00000| Complete 
| 143|0x00000000c8f00000, 0x00000000c9000000, 0x00000000c9000000|100%| E|CS|TAMS 0x00000000c8f00000, 0x00000000c8f00000| Complete 
| 144|0x00000000c9000000, 0x00000000c9100000, 0x00000000c9100000|100%| E|CS|TAMS 0x00000000c9000000, 0x00000000c9000000| Complete 
| 145|0x00000000c9100000, 0x00000000c9200000, 0x00000000c9200000|100%| E|CS|TAMS 0x00000000c9100000, 0x00000000c9100000| Complete 
| 146|0x00000000c9200000, 0x00000000c9300000, 0x00000000c9300000|100%| E|CS|TAMS 0x00000000c9200000, 0x00000000c9200000| Complete 
| 147|0x00000000c9300000, 0x00000000c9400000, 0x00000000c9400000|100%| E|CS|TAMS 0x00000000c9300000, 0x00000000c9300000| Complete 
| 148|0x00000000c9400000, 0x00000000c9500000, 0x00000000c9500000|100%| E|CS|TAMS 0x00000000c9400000, 0x00000000c9400000| Complete 
| 149|0x00000000c9500000, 0x00000000c9600000, 0x00000000c9600000|100%| E|CS|TAMS 0x00000000c9500000, 0x00000000c9500000| Complete 
| 150|0x00000000c9600000, 0x00000000c9700000, 0x00000000c9700000|100%| E|CS|TAMS 0x00000000c9600000, 0x00000000c9600000| Complete 
| 151|0x00000000c9700000, 0x00000000c9800000, 0x00000000c9800000|100%| E|CS|TAMS 0x00000000c9700000, 0x00000000c9700000| Complete 
| 152|0x00000000c9800000, 0x00000000c9900000, 0x00000000c9900000|100%| E|CS|TAMS 0x00000000c9800000, 0x00000000c9800000| Complete 
| 153|0x00000000c9900000, 0x00000000c9a00000, 0x00000000c9a00000|100%| E|CS|TAMS 0x00000000c9900000, 0x00000000c9900000| Complete 
| 154|0x00000000c9a00000, 0x00000000c9b00000, 0x00000000c9b00000|100%| E|CS|TAMS 0x00000000c9a00000, 0x00000000c9a00000| Complete 
| 155|0x00000000c9b00000, 0x00000000c9c00000, 0x00000000c9c00000|100%| E|CS|TAMS 0x00000000c9b00000, 0x00000000c9b00000| Complete 
| 156|0x00000000c9c00000, 0x00000000c9d00000, 0x00000000c9d00000|100%| E|CS|TAMS 0x00000000c9c00000, 0x00000000c9c00000| Complete 
| 157|0x00000000c9d00000, 0x00000000c9e00000, 0x00000000c9e00000|100%| E|CS|TAMS 0x00000000c9d00000, 0x00000000c9d00000| Complete 
| 158|0x00000000c9e00000, 0x00000000c9f00000, 0x00000000c9f00000|100%| E|CS|TAMS 0x00000000c9e00000, 0x00000000c9e00000| Complete 
| 159|0x00000000c9f00000, 0x00000000ca000000, 0x00000000ca000000|100%| E|CS|TAMS 0x00000000c9f00000, 0x00000000c9f00000| Complete 
| 160|0x00000000ca000000, 0x00000000ca100000, 0x00000000ca100000|100%| E|CS|TAMS 0x00000000ca000000, 0x00000000ca000000| Complete 
| 161|0x00000000ca100000, 0x00000000ca200000, 0x00000000ca200000|100%| E|CS|TAMS 0x00000000ca100000, 0x00000000ca100000| Complete 
| 162|0x00000000ca200000, 0x00000000ca300000, 0x00000000ca300000|100%| E|CS|TAMS 0x00000000ca200000, 0x00000000ca200000| Complete 
| 163|0x00000000ca300000, 0x00000000ca400000, 0x00000000ca400000|100%| E|CS|TAMS 0x00000000ca300000, 0x00000000ca300000| Complete 
| 164|0x00000000ca400000, 0x00000000ca500000, 0x00000000ca500000|100%| E|CS|TAMS 0x00000000ca400000, 0x00000000ca400000| Complete 
| 165|0x00000000ca500000, 0x00000000ca600000, 0x00000000ca600000|100%| E|CS|TAMS 0x00000000ca500000, 0x00000000ca500000| Complete 
| 166|0x00000000ca600000, 0x00000000ca700000, 0x00000000ca700000|100%| E|CS|TAMS 0x00000000ca600000, 0x00000000ca600000| Complete 
| 167|0x00000000ca700000, 0x00000000ca800000, 0x00000000ca800000|100%| E|CS|TAMS 0x00000000ca700000, 0x00000000ca700000| Complete 
| 168|0x00000000ca800000, 0x00000000ca900000, 0x00000000ca900000|100%| E|CS|TAMS 0x00000000ca800000, 0x00000000ca800000| Complete 
| 169|0x00000000ca900000, 0x00000000caa00000, 0x00000000caa00000|100%| E|CS|TAMS 0x00000000ca900000, 0x00000000ca900000| Complete 
| 170|0x00000000caa00000, 0x00000000cab00000, 0x00000000cab00000|100%| E|CS|TAMS 0x00000000caa00000, 0x00000000caa00000| Complete 
| 171|0x00000000cab00000, 0x00000000cac00000, 0x00000000cac00000|100%| E|CS|TAMS 0x00000000cab00000, 0x00000000cab00000| Complete 
| 172|0x00000000cac00000, 0x00000000cad00000, 0x00000000cad00000|100%| E|CS|TAMS 0x00000000cac00000, 0x00000000cac00000| Complete 
| 173|0x00000000cad00000, 0x00000000cae00000, 0x00000000cae00000|100%| E|CS|TAMS 0x00000000cad00000, 0x00000000cad00000| Complete 
| 174|0x00000000cae00000, 0x00000000caf00000, 0x00000000caf00000|100%| E|CS|TAMS 0x00000000cae00000, 0x00000000cae00000| Complete 
| 175|0x00000000caf00000, 0x00000000cb000000, 0x00000000cb000000|100%| E|CS|TAMS 0x00000000caf00000, 0x00000000caf00000| Complete 
| 176|0x00000000cb000000, 0x00000000cb100000, 0x00000000cb100000|100%| E|CS|TAMS 0x00000000cb000000, 0x00000000cb000000| Complete 
| 177|0x00000000cb100000, 0x00000000cb200000, 0x00000000cb200000|100%| E|CS|TAMS 0x00000000cb100000, 0x00000000cb100000| Complete 
| 178|0x00000000cb200000, 0x00000000cb300000, 0x00000000cb300000|100%| E|CS|TAMS 0x00000000cb200000, 0x00000000cb200000| Complete 
| 179|0x00000000cb300000, 0x00000000cb400000, 0x00000000cb400000|100%| E|CS|TAMS 0x00000000cb300000, 0x00000000cb300000| Complete 
| 180|0x00000000cb400000, 0x00000000cb500000, 0x00000000cb500000|100%| E|CS|TAMS 0x00000000cb400000, 0x00000000cb400000| Complete 
| 181|0x00000000cb500000, 0x00000000cb600000, 0x00000000cb600000|100%| E|CS|TAMS 0x00000000cb500000, 0x00000000cb500000| Complete 
| 182|0x00000000cb600000, 0x00000000cb700000, 0x00000000cb700000|100%| E|CS|TAMS 0x00000000cb600000, 0x00000000cb600000| Complete 
| 183|0x00000000cb700000, 0x00000000cb800000, 0x00000000cb800000|100%| E|CS|TAMS 0x00000000cb700000, 0x00000000cb700000| Complete 
| 184|0x00000000cb800000, 0x00000000cb900000, 0x00000000cb900000|100%| E|CS|TAMS 0x00000000cb800000, 0x00000000cb800000| Complete 
| 185|0x00000000cb900000, 0x00000000cba00000, 0x00000000cba00000|100%| E|CS|TAMS 0x00000000cb900000, 0x00000000cb900000| Complete 
| 186|0x00000000cba00000, 0x00000000cbb00000, 0x00000000cbb00000|100%| E|CS|TAMS 0x00000000cba00000, 0x00000000cba00000| Complete 
| 187|0x00000000cbb00000, 0x00000000cbc00000, 0x00000000cbc00000|100%| E|CS|TAMS 0x00000000cbb00000, 0x00000000cbb00000| Complete 
| 188|0x00000000cbc00000, 0x00000000cbd00000, 0x00000000cbd00000|100%| E|CS|TAMS 0x00000000cbc00000, 0x00000000cbc00000| Complete 
| 189|0x00000000cbd00000, 0x00000000cbe00000, 0x00000000cbe00000|100%| E|CS|TAMS 0x00000000cbd00000, 0x00000000cbd00000| Complete 
| 190|0x00000000cbe00000, 0x00000000cbf00000, 0x00000000cbf00000|100%| E|CS|TAMS 0x00000000cbe00000, 0x00000000cbe00000| Complete 
| 191|0x00000000cbf00000, 0x00000000cc000000, 0x00000000cc000000|100%| E|CS|TAMS 0x00000000cbf00000, 0x00000000cbf00000| Complete 
| 192|0x00000000cc000000, 0x00000000cc100000, 0x00000000cc100000|100%| E|CS|TAMS 0x00000000cc000000, 0x00000000cc000000| Complete 
| 193|0x00000000cc100000, 0x00000000cc200000, 0x00000000cc200000|100%| E|CS|TAMS 0x00000000cc100000, 0x00000000cc100000| Complete 
| 194|0x00000000cc200000, 0x00000000cc300000, 0x00000000cc300000|100%| E|CS|TAMS 0x00000000cc200000, 0x00000000cc200000| Complete 
| 195|0x00000000cc300000, 0x00000000cc400000, 0x00000000cc400000|100%| E|CS|TAMS 0x00000000cc300000, 0x00000000cc300000| Complete 
| 196|0x00000000cc400000, 0x00000000cc500000, 0x00000000cc500000|100%| E|CS|TAMS 0x00000000cc400000, 0x00000000cc400000| Complete 
| 197|0x00000000cc500000, 0x00000000cc600000, 0x00000000cc600000|100%| E|CS|TAMS 0x00000000cc500000, 0x00000000cc500000| Complete 
| 198|0x00000000cc600000, 0x00000000cc700000, 0x00000000cc700000|100%| E|CS|TAMS 0x00000000cc600000, 0x00000000cc600000| Complete 
| 199|0x00000000cc700000, 0x00000000cc800000, 0x00000000cc800000|100%| E|CS|TAMS 0x00000000cc700000, 0x00000000cc700000| Complete 
| 200|0x00000000cc800000, 0x00000000cc900000, 0x00000000cc900000|100%| E|CS|TAMS 0x00000000cc800000, 0x00000000cc800000| Complete 
| 201|0x00000000cc900000, 0x00000000cca00000, 0x00000000cca00000|100%| E|CS|TAMS 0x00000000cc900000, 0x00000000cc900000| Complete 
| 202|0x00000000cca00000, 0x00000000ccb00000, 0x00000000ccb00000|100%| E|CS|TAMS 0x00000000cca00000, 0x00000000cca00000| Complete 
| 203|0x00000000ccb00000, 0x00000000ccc00000, 0x00000000ccc00000|100%| E|CS|TAMS 0x00000000ccb00000, 0x00000000ccb00000| Complete 
| 204|0x00000000ccc00000, 0x00000000ccd00000, 0x00000000ccd00000|100%| E|CS|TAMS 0x00000000ccc00000, 0x00000000ccc00000| Complete 
| 205|0x00000000ccd00000, 0x00000000cce00000, 0x00000000cce00000|100%| E|CS|TAMS 0x00000000ccd00000, 0x00000000ccd00000| Complete 
| 206|0x00000000cce00000, 0x00000000ccf00000, 0x00000000ccf00000|100%| E|CS|TAMS 0x00000000cce00000, 0x00000000cce00000| Complete 
| 207|0x00000000ccf00000, 0x00000000cd000000, 0x00000000cd000000|100%| E|CS|TAMS 0x00000000ccf00000, 0x00000000ccf00000| Complete 
| 208|0x00000000cd000000, 0x00000000cd100000, 0x00000000cd100000|100%| E|CS|TAMS 0x00000000cd000000, 0x00000000cd000000| Complete 
| 209|0x00000000cd100000, 0x00000000cd200000, 0x00000000cd200000|100%| E|CS|TAMS 0x00000000cd100000, 0x00000000cd100000| Complete 
| 210|0x00000000cd200000, 0x00000000cd300000, 0x00000000cd300000|100%| E|CS|TAMS 0x00000000cd200000, 0x00000000cd200000| Complete 
| 211|0x00000000cd300000, 0x00000000cd400000, 0x00000000cd400000|100%| E|CS|TAMS 0x00000000cd300000, 0x00000000cd300000| Complete 
| 212|0x00000000cd400000, 0x00000000cd500000, 0x00000000cd500000|100%| E|CS|TAMS 0x00000000cd400000, 0x00000000cd400000| Complete 
| 213|0x00000000cd500000, 0x00000000cd600000, 0x00000000cd600000|100%| E|CS|TAMS 0x00000000cd500000, 0x00000000cd500000| Complete 
| 214|0x00000000cd600000, 0x00000000cd700000, 0x00000000cd700000|100%| E|CS|TAMS 0x00000000cd600000, 0x00000000cd600000| Complete 
| 215|0x00000000cd700000, 0x00000000cd800000, 0x00000000cd800000|100%| E|CS|TAMS 0x00000000cd700000, 0x00000000cd700000| Complete 
| 216|0x00000000cd800000, 0x00000000cd900000, 0x00000000cd900000|100%| E|CS|TAMS 0x00000000cd800000, 0x00000000cd800000| Complete 
| 217|0x00000000cd900000, 0x00000000cda00000, 0x00000000cda00000|100%| E|CS|TAMS 0x00000000cd900000, 0x00000000cd900000| Complete 
| 218|0x00000000cda00000, 0x00000000cdb00000, 0x00000000cdb00000|100%| E|CS|TAMS 0x00000000cda00000, 0x00000000cda00000| Complete 
| 219|0x00000000cdb00000, 0x00000000cdc00000, 0x00000000cdc00000|100%| E|CS|TAMS 0x00000000cdb00000, 0x00000000cdb00000| Complete 
| 220|0x00000000cdc00000, 0x00000000cdd00000, 0x00000000cdd00000|100%| E|CS|TAMS 0x00000000cdc00000, 0x00000000cdc00000| Complete 
| 221|0x00000000cdd00000, 0x00000000cde00000, 0x00000000cde00000|100%| E|CS|TAMS 0x00000000cdd00000, 0x00000000cdd00000| Complete 
| 222|0x00000000cde00000, 0x00000000cdf00000, 0x00000000cdf00000|100%| E|CS|TAMS 0x00000000cde00000, 0x00000000cde00000| Complete 
| 223|0x00000000cdf00000, 0x00000000ce000000, 0x00000000ce000000|100%| E|CS|TAMS 0x00000000cdf00000, 0x00000000cdf00000| Complete 
| 224|0x00000000ce000000, 0x00000000ce100000, 0x00000000ce100000|100%| E|CS|TAMS 0x00000000ce000000, 0x00000000ce000000| Complete 
| 225|0x00000000ce100000, 0x00000000ce200000, 0x00000000ce200000|100%| E|CS|TAMS 0x00000000ce100000, 0x00000000ce100000| Complete 
| 226|0x00000000ce200000, 0x00000000ce300000, 0x00000000ce300000|100%| E|CS|TAMS 0x00000000ce200000, 0x00000000ce200000| Complete 
| 227|0x00000000ce300000, 0x00000000ce400000, 0x00000000ce400000|100%| E|CS|TAMS 0x00000000ce300000, 0x00000000ce300000| Complete 
| 228|0x00000000ce400000, 0x00000000ce500000, 0x00000000ce500000|100%| E|CS|TAMS 0x00000000ce400000, 0x00000000ce400000| Complete 
| 229|0x00000000ce500000, 0x00000000ce600000, 0x00000000ce600000|100%| E|CS|TAMS 0x00000000ce500000, 0x00000000ce500000| Complete 
| 230|0x00000000ce600000, 0x00000000ce700000, 0x00000000ce700000|100%| E|CS|TAMS 0x00000000ce600000, 0x00000000ce600000| Complete 
| 231|0x00000000ce700000, 0x00000000ce800000, 0x00000000ce800000|100%| E|CS|TAMS 0x00000000ce700000, 0x00000000ce700000| Complete 
| 232|0x00000000ce800000, 0x00000000ce900000, 0x00000000ce900000|100%| E|CS|TAMS 0x00000000ce800000, 0x00000000ce800000| Complete 
| 233|0x00000000ce900000, 0x00000000cea00000, 0x00000000cea00000|100%| E|CS|TAMS 0x00000000ce900000, 0x00000000ce900000| Complete 
| 234|0x00000000cea00000, 0x00000000ceb00000, 0x00000000ceb00000|100%| E|CS|TAMS 0x00000000cea00000, 0x00000000cea00000| Complete 
| 235|0x00000000ceb00000, 0x00000000cec00000, 0x00000000cec00000|100%| E|CS|TAMS 0x00000000ceb00000, 0x00000000ceb00000| Complete 
| 236|0x00000000cec00000, 0x00000000ced00000, 0x00000000ced00000|100%| E|CS|TAMS 0x00000000cec00000, 0x00000000cec00000| Complete 
| 237|0x00000000ced00000, 0x00000000cee00000, 0x00000000cee00000|100%| E|CS|TAMS 0x00000000ced00000, 0x00000000ced00000| Complete 
| 238|0x00000000cee00000, 0x00000000cef00000, 0x00000000cef00000|100%| E|CS|TAMS 0x00000000cee00000, 0x00000000cee00000| Complete 
| 239|0x00000000cef00000, 0x00000000cf000000, 0x00000000cf000000|100%| E|CS|TAMS 0x00000000cef00000, 0x00000000cef00000| Complete 
| 240|0x00000000cf000000, 0x00000000cf100000, 0x00000000cf100000|100%| E|CS|TAMS 0x00000000cf000000, 0x00000000cf000000| Complete 
| 241|0x00000000cf100000, 0x00000000cf200000, 0x00000000cf200000|100%| E|CS|TAMS 0x00000000cf100000, 0x00000000cf100000| Complete 
| 242|0x00000000cf200000, 0x00000000cf300000, 0x00000000cf300000|100%| E|CS|TAMS 0x00000000cf200000, 0x00000000cf200000| Complete 
| 243|0x00000000cf300000, 0x00000000cf400000, 0x00000000cf400000|100%| E|CS|TAMS 0x00000000cf300000, 0x00000000cf300000| Complete 
| 244|0x00000000cf400000, 0x00000000cf500000, 0x00000000cf500000|100%| E|CS|TAMS 0x00000000cf400000, 0x00000000cf400000| Complete 
| 245|0x00000000cf500000, 0x00000000cf600000, 0x00000000cf600000|100%| E|CS|TAMS 0x00000000cf500000, 0x00000000cf500000| Complete 
| 246|0x00000000cf600000, 0x00000000cf700000, 0x00000000cf700000|100%| E|CS|TAMS 0x00000000cf600000, 0x00000000cf600000| Complete 
| 247|0x00000000cf700000, 0x00000000cf800000, 0x00000000cf800000|100%| E|CS|TAMS 0x00000000cf700000, 0x00000000cf700000| Complete 
| 248|0x00000000cf800000, 0x00000000cf900000, 0x00000000cf900000|100%| E|CS|TAMS 0x00000000cf800000, 0x00000000cf800000| Complete 
| 249|0x00000000cf900000, 0x00000000cfa00000, 0x00000000cfa00000|100%| E|CS|TAMS 0x00000000cf900000, 0x00000000cf900000| Complete 
| 250|0x00000000cfa00000, 0x00000000cfb00000, 0x00000000cfb00000|100%| E|CS|TAMS 0x00000000cfa00000, 0x00000000cfa00000| Complete 
| 251|0x00000000cfb00000, 0x00000000cfc00000, 0x00000000cfc00000|100%| E|CS|TAMS 0x00000000cfb00000, 0x00000000cfb00000| Complete 
| 252|0x00000000cfc00000, 0x00000000cfd00000, 0x00000000cfd00000|100%| E|CS|TAMS 0x00000000cfc00000, 0x00000000cfc00000| Complete 
| 253|0x00000000cfd00000, 0x00000000cfe00000, 0x00000000cfe00000|100%| E|CS|TAMS 0x00000000cfd00000, 0x00000000cfd00000| Complete 
| 254|0x00000000cfe00000, 0x00000000cff00000, 0x00000000cff00000|100%| E|CS|TAMS 0x00000000cfe00000, 0x00000000cfe00000| Complete 
| 255|0x00000000cff00000, 0x00000000d0000000, 0x00000000d0000000|100%| E|CS|TAMS 0x00000000cff00000, 0x00000000cff00000| Complete 
| 256|0x00000000d0000000, 0x00000000d0100000, 0x00000000d0100000|100%| E|CS|TAMS 0x00000000d0000000, 0x00000000d0000000| Complete 
| 257|0x00000000d0100000, 0x00000000d0200000, 0x00000000d0200000|100%| E|CS|TAMS 0x00000000d0100000, 0x00000000d0100000| Complete 
| 258|0x00000000d0200000, 0x00000000d0300000, 0x00000000d0300000|100%| E|CS|TAMS 0x00000000d0200000, 0x00000000d0200000| Complete 
| 259|0x00000000d0300000, 0x00000000d0400000, 0x00000000d0400000|100%| E|CS|TAMS 0x00000000d0300000, 0x00000000d0300000| Complete 
| 260|0x00000000d0400000, 0x00000000d0500000, 0x00000000d0500000|100%| E|CS|TAMS 0x00000000d0400000, 0x00000000d0400000| Complete 
| 261|0x00000000d0500000, 0x00000000d0600000, 0x00000000d0600000|100%| E|CS|TAMS 0x00000000d0500000, 0x00000000d0500000| Complete 
| 262|0x00000000d0600000, 0x00000000d0700000, 0x00000000d0700000|100%| E|CS|TAMS 0x00000000d0600000, 0x00000000d0600000| Complete 
| 263|0x00000000d0700000, 0x00000000d0800000, 0x00000000d0800000|100%| E|CS|TAMS 0x00000000d0700000, 0x00000000d0700000| Complete 
| 264|0x00000000d0800000, 0x00000000d0900000, 0x00000000d0900000|100%| E|CS|TAMS 0x00000000d0800000, 0x00000000d0800000| Complete 
|1016|0x00000000ff800000, 0x00000000ff848000, 0x00000000ff900000| 28%|OA|  |TAMS 0x00000000ff848000, 0x00000000ff848000| Untracked 
|1020|0x00000000ffc00000, 0x00000000ffc6c000, 0x00000000ffd00000| 42%|CA|  |TAMS 0x00000000ffc6c000, 0x00000000ffc6c000| Untracked 

Card table byte_map: [0x000070e852e00000,0x000070e853000000] _byte_map_base: 0x000070e852800000

Marking Bits (Prev, Next): (CMBitMap*) 0x0000000008356000, (CMBitMap*) 0x0000000008355fc8
 Prev Bits: [0x000070e850c00000, 0x000070e851c00000)
 Next Bits: [0x000070e851c00000, 0x000070e852c00000)

Polling page: 0x000070e8a5494000

Metaspace:

Usage:
  Non-class:     10.97 MB capacity,     9.74 MB ( 89%) used,     1.17 MB ( 11%) free+waste,    57.88 KB ( <1%) overhead. 
      Class:      2.16 MB capacity,     1.78 MB ( 83%) used,   355.31 KB ( 16%) free+waste,    30.75 KB (  1%) overhead. 
       Both:     13.13 MB capacity,    11.52 MB ( 88%) used,     1.52 MB ( 12%) free+waste,    88.62 KB ( <1%) overhead. 

Virtual space:
  Non-class space:       12.00 MB reserved,      11.00 MB ( 92%) committed 
      Class space:        1.00 GB reserved,       2.25 MB ( <1%) committed 
             Both:        1.01 GB reserved,      13.25 MB (  1%) committed 

Chunk freelists:
   Non-Class:  27.00 KB
       Class:  0 bytes
        Both:  27.00 KB

MaxMetaspaceSize: unlimited
CompressedClassSpaceSize: 1.00 GB
Initial GC threshold: 20.80 MB
Current GC threshold: 20.80 MB
CDS: on

CodeHeap 'non-profiled nmethods': size=120032Kb used=3203Kb max_used=3203Kb free=116828Kb
 bounds [0x000070e85acc8000, 0x000070e85aff8000, 0x000070e862200000]
CodeHeap 'profiled nmethods': size=120032Kb used=7854Kb max_used=7854Kb free=112177Kb
 bounds [0x000070e853790000, 0x000070e853f40000, 0x000070e85acc8000]
CodeHeap 'non-nmethods': size=5696Kb used=1163Kb max_used=1237Kb free=4532Kb
 bounds [0x000070e853200000, 0x000070e853470000, 0x000070e853790000]
 total_blobs=4626 nmethods=4224 adapters=314
 compilation: enabled
              stopped_count=0, restarted_count=0
 full_count=0

Compilation events (20 events):
Event: 5207.221 Thread 0x0000000008a63800 4221       4       java.util.regex.Pattern$Slice::match (79 bytes)
Event: 5207.230 Thread 0x0000000008a63800 nmethod 4221 0x000070e85afe6790 code [0x000070e85afe6940, 0x000070e85afe6de8]
Event: 5207.295 Thread 0x0000000008a65800 4222       3       java.util.regex.IntHashSet::add (111 bytes)
Event: 5207.295 Thread 0x0000000008a65800 nmethod 4222 0x000070e853f34d10 code [0x000070e853f34f00, 0x000070e853f35280]
Event: 5207.354 Thread 0x0000000008a63800 4223       4       java.lang.Boolean::<init> (10 bytes)
Event: 5207.354 Thread 0x0000000008a63800 nmethod 4223 0x000070e85afe7110 code [0x000070e85afe72a0, 0x000070e85afe7318]
Event: 5441.907 Thread 0x0000000008a65800 4224       3       java.util.TimSort::mergeHi (732 bytes)
Event: 5441.908 Thread 0x0000000008a65800 nmethod 4224 0x000070e853f35490 code [0x000070e853f35820, 0x000070e853f37df0]
Event: 5475.492 Thread 0x0000000008a63800 4225       4       scala.collection.immutable.Vector::dropRight (38 bytes)
Event: 5475.496 Thread 0x0000000008a63800 nmethod 4225 0x000070e85afe7410 code [0x000070e85afe75e0, 0x000070e85afe7a50]
Event: 5665.739 Thread 0x0000000008a65800 4226       3       scala.collection.immutable.ListMap$Node::getInternal (44 bytes)
Event: 5665.739 Thread 0x0000000008a65800 nmethod 4226 0x000070e853f38590 code [0x000070e853f387c0, 0x000070e853f39020]
Event: 5665.964 Thread 0x0000000008a63800 4227       4       scala.collection.immutable.Vector::cleanRightEdge (449 bytes)
Event: 5665.970 Thread 0x0000000008a63800 nmethod 4227 0x000070e85afe7d90 code [0x000070e85afe7f20, 0x000070e85afe8218]
Event: 5743.023 Thread 0x0000000008a63800 4228       4       scala.collection.IterableLike::zipWithIndex (38 bytes)
Event: 5743.028 Thread 0x0000000008a63800 nmethod 4228 0x000070e85afe8310 code [0x000070e85afe8520, 0x000070e85afe89d8]
Event: 15111.183 Thread 0x0000000008a65800 4229 % !   3       org.jpype.ref.JPypeReferenceQueue$Worker::run @ 0 (120 bytes)
Event: 15111.184 Thread 0x0000000008a65800 nmethod 4229% 0x000070e853f39290 code [0x000070e853f39500, 0x000070e853f3a090]
Event: 15367.292 Thread 0x0000000008a65800 4230   !   3       org.jpype.ref.JPypeReferenceQueue$Worker::run (120 bytes)
Event: 15367.292 Thread 0x0000000008a65800 nmethod 4230 0x000070e853f3a690 code [0x000070e853f3a900, 0x000070e853f3b450]

GC Heap History (20 events):
Event: 5441.726 GC heap before
{Heap before GC invocations=58 (full 8):
 garbage-first heap   total 273408K, used 238168K [0x00000000c0000000, 0x0000000100000000)
  region size 1024K, 156 young (159744K), 1 survivors (1024K)
 Metaspace       used 11795K, capacity 13446K, committed 13568K, reserved 1060864K
  class space    used 1822K, capacity 2209K, committed 2304K, reserved 1048576K
}
Event: 5441.726 GC heap after
{Heap after GC invocations=59 (full 8):
 garbage-first heap   total 273408K, used 79454K [0x00000000c0000000, 0x0000000100000000)
  region size 1024K, 1 young (1024K), 1 survivors (1024K)
 Metaspace       used 11795K, capacity 13446K, committed 13568K, reserved 1060864K
  class space    used 1822K, capacity 2209K, committed 2304K, reserved 1048576K
}
Event: 5475.260 GC heap before
{Heap before GC invocations=59 (full 8):
 garbage-first heap   total 273408K, used 239198K [0x00000000c0000000, 0x0000000100000000)
  region size 1024K, 157 young (160768K), 1 survivors (1024K)
 Metaspace       used 11795K, capacity 13446K, committed 13568K, reserved 1060864K
  class space    used 1822K, capacity 2209K, committed 2304K, reserved 1048576K
}
Event: 5475.261 GC heap after
{Heap after GC invocations=60 (full 8):
 garbage-first heap   total 273408K, used 79461K [0x00000000c0000000, 0x0000000100000000)
  region size 1024K, 1 young (1024K), 1 survivors (1024K)
 Metaspace       used 11795K, capacity 13446K, committed 13568K, reserved 1060864K
  class space    used 1822K, capacity 2209K, committed 2304K, reserved 1048576K
}
Event: 5665.744 GC heap before
{Heap before GC invocations=60 (full 8):
 garbage-first heap   total 273408K, used 239205K [0x00000000c0000000, 0x0000000100000000)
  region size 1024K, 157 young (160768K), 1 survivors (1024K)
 Metaspace       used 11795K, capacity 13446K, committed 13568K, reserved 1060864K
  class space    used 1822K, capacity 2209K, committed 2304K, reserved 1048576K
}
Event: 5665.745 GC heap after
{Heap after GC invocations=61 (full 8):
 garbage-first heap   total 273408K, used 79469K [0x00000000c0000000, 0x0000000100000000)
  region size 1024K, 1 young (1024K), 1 survivors (1024K)
 Metaspace       used 11795K, capacity 13446K, committed 13568K, reserved 1060864K
  class space    used 1822K, capacity 2209K, committed 2304K, reserved 1048576K
}
Event: 5666.107 GC heap before
{Heap before GC invocations=61 (full 8):
 garbage-first heap   total 273408K, used 239213K [0x00000000c0000000, 0x0000000100000000)
  region size 1024K, 157 young (160768K), 1 survivors (1024K)
 Metaspace       used 11795K, capacity 13446K, committed 13568K, reserved 1060864K
  class space    used 1822K, capacity 2209K, committed 2304K, reserved 1048576K
}
Event: 5666.108 GC heap after
{Heap after GC invocations=62 (full 8):
 garbage-first heap   total 273408K, used 79457K [0x00000000c0000000, 0x0000000100000000)
  region size 1024K, 1 young (1024K), 1 survivors (1024K)
 Metaspace       used 11795K, capacity 13446K, committed 13568K, reserved 1060864K
  class space    used 1822K, capacity 2209K, committed 2304K, reserved 1048576K
}
Event: 5675.798 GC heap before
{Heap before GC invocations=62 (full 8):
 garbage-first heap   total 273408K, used 240225K [0x00000000c0000000, 0x0000000100000000)
  region size 1024K, 158 young (161792K), 1 survivors (1024K)
 Metaspace       used 11795K, capacity 13446K, committed 13568K, reserved 1060864K
  class space    used 1822K, capacity 2209K, committed 2304K, reserved 1048576K
}
Event: 5675.799 GC heap after
{Heap after GC invocations=63 (full 8):
 garbage-first heap   total 273408K, used 79469K [0x00000000c0000000, 0x0000000100000000)
  region size 1024K, 1 young (1024K), 1 survivors (1024K)
 Metaspace       used 11795K, capacity 13446K, committed 13568K, reserved 1060864K
  class space    used 1822K, capacity 2209K, committed 2304K, reserved 1048576K
}
Event: 5742.747 GC heap before
{Heap before GC invocations=63 (full 8):
 garbage-first heap   total 273408K, used 240237K [0x00000000c0000000, 0x0000000100000000)
  region size 1024K, 158 young (161792K), 1 survivors (1024K)
 Metaspace       used 11795K, capacity 13446K, committed 13568K, reserved 1060864K
  class space    used 1822K, capacity 2209K, committed 2304K, reserved 1048576K
}
Event: 5742.748 GC heap after
{Heap after GC invocations=64 (full 8):
 garbage-first heap   total 273408K, used 79465K [0x00000000c0000000, 0x0000000100000000)
  region size 1024K, 1 young (1024K), 1 survivors (1024K)
 Metaspace       used 11795K, capacity 13446K, committed 13568K, reserved 1060864K
  class space    used 1822K, capacity 2209K, committed 2304K, reserved 1048576K
}
Event: 5796.842 GC heap before
{Heap before GC invocations=64 (full 8):
 garbage-first heap   total 273408K, used 240233K [0x00000000c0000000, 0x0000000100000000)
  region size 1024K, 158 young (161792K), 1 survivors (1024K)
 Metaspace       used 11795K, capacity 13446K, committed 13568K, reserved 1060864K
  class space    used 1822K, capacity 2209K, committed 2304K, reserved 1048576K
}
Event: 5796.843 GC heap after
{Heap after GC invocations=65 (full 8):
 garbage-first heap   total 273408K, used 79470K [0x00000000c0000000, 0x0000000100000000)
  region size 1024K, 1 young (1024K), 1 survivors (1024K)
 Metaspace       used 11795K, capacity 13446K, committed 13568K, reserved 1060864K
  class space    used 1822K, capacity 2209K, committed 2304K, reserved 1048576K
}
Event: 5797.191 GC heap before
{Heap before GC invocations=65 (full 8):
 garbage-first heap   total 273408K, used 240238K [0x00000000c0000000, 0x0000000100000000)
  region size 1024K, 158 young (161792K), 1 survivors (1024K)
 Metaspace       used 11795K, capacity 13446K, committed 13568K, reserved 1060864K
  class space    used 1822K, capacity 2209K, committed 2304K, reserved 1048576K
}
Event: 5797.192 GC heap after
{Heap after GC invocations=66 (full 8):
 garbage-first heap   total 273408K, used 79470K [0x00000000c0000000, 0x0000000100000000)
  region size 1024K, 1 young (1024K), 1 survivors (1024K)
 Metaspace       used 11795K, capacity 13446K, committed 13568K, reserved 1060864K
  class space    used 1822K, capacity 2209K, committed 2304K, reserved 1048576K
}
Event: 6058.395 GC heap before
{Heap before GC invocations=66 (full 8):
 garbage-first heap   total 273408K, used 240238K [0x00000000c0000000, 0x0000000100000000)
  region size 1024K, 158 young (161792K), 1 survivors (1024K)
 Metaspace       used 11795K, capacity 13446K, committed 13568K, reserved 1060864K
  class space    used 1822K, capacity 2209K, committed 2304K, reserved 1048576K
}
Event: 6058.396 GC heap after
{Heap after GC invocations=67 (full 8):
 garbage-first heap   total 273408K, used 79470K [0x00000000c0000000, 0x0000000100000000)
  region size 1024K, 1 young (1024K), 1 survivors (1024K)
 Metaspace       used 11795K, capacity 13446K, committed 13568K, reserved 1060864K
  class space    used 1822K, capacity 2209K, committed 2304K, reserved 1048576K
}
Event: 6071.272 GC heap before
{Heap before GC invocations=67 (full 8):
 garbage-first heap   total 273408K, used 240238K [0x00000000c0000000, 0x0000000100000000)
  region size 1024K, 158 young (161792K), 1 survivors (1024K)
 Metaspace       used 11795K, capacity 13446K, committed 13568K, reserved 1060864K
  class space    used 1822K, capacity 2209K, committed 2304K, reserved 1048576K
}
Event: 6071.273 GC heap after
{Heap after GC invocations=68 (full 8):
 garbage-first heap   total 273408K, used 79468K [0x00000000c0000000, 0x0000000100000000)
  region size 1024K, 1 young (1024K), 1 survivors (1024K)
 Metaspace       used 11795K, capacity 13446K, committed 13568K, reserved 1060864K
  class space    used 1822K, capacity 2209K, committed 2304K, reserved 1048576K
}

Deoptimization events (20 events):
Event: 4371.570 Thread 0x00000000066b7000 DEOPT PACKING pc=0x000070e85aeb7f90 sp=0x00007fff556a7820
Event: 4371.570 Thread 0x00000000066b7000 DEOPT UNPACKING pc=0x000070e8532082a5 sp=0x00007fff556a7680 mode 2
Event: 4371.635 Thread 0x00000000066b7000 DEOPT PACKING pc=0x000070e853ddf407 sp=0x00007fff556a71a0
Event: 4371.635 Thread 0x00000000066b7000 DEOPT UNPACKING pc=0x000070e8532499fa sp=0x00007fff556a6648 mode 0
Event: 4601.438 Thread 0x00000000066b7000 Uncommon trap: trap_request=0xffffffde fr.pc=0x000070e85aeb4e80 relative=0x00000000000005c0
Event: 4601.438 Thread 0x00000000066b7000 Uncommon trap: reason=class_check action=maybe_recompile pc=0x000070e85aeb4e80 method=org.openkoreantext.processor.util.CharArrayMap.getHashCode(Ljava/lang/CharSequence;)I @ 15 c2
Event: 4601.438 Thread 0x00000000066b7000 DEOPT PACKING pc=0x000070e85aeb4e80 sp=0x00007fff556a7790
Event: 4601.438 Thread 0x00000000066b7000 DEOPT UNPACKING pc=0x000070e8532082a5 sp=0x00007fff556a7668 mode 2
Event: 4601.723 Thread 0x00000000066b7000 DEOPT PACKING pc=0x000070e853f253f9 sp=0x00007fff556a7700
Event: 4601.723 Thread 0x00000000066b7000 DEOPT UNPACKING pc=0x000070e8532499fa sp=0x00007fff556a6b58 mode 0
Event: 4745.435 Thread 0x00000000066b7000 Uncommon trap: trap_request=0xffffffde fr.pc=0x000070e85aeae4f4 relative=0x00000000000005b4
Event: 4745.435 Thread 0x00000000066b7000 Uncommon trap: reason=class_check action=maybe_recompile pc=0x000070e85aeae4f4 method=org.openkoreantext.processor.util.CharArrayMap.getHashCode(Ljava/lang/CharSequence;)I @ 15 c2
Event: 4745.435 Thread 0x00000000066b7000 DEOPT PACKING pc=0x000070e85aeae4f4 sp=0x00007fff556a7730
Event: 4745.435 Thread 0x00000000066b7000 DEOPT UNPACKING pc=0x000070e8532082a5 sp=0x00007fff556a7668 mode 2
Event: 4969.905 Thread 0x00000000066b7000 DEOPT PACKING pc=0x000070e853f25d02 sp=0x00007fff556a7420
Event: 4969.905 Thread 0x00000000066b7000 DEOPT UNPACKING pc=0x000070e8532499fa sp=0x00007fff556a6878 mode 0
Event: 4969.925 Thread 0x00000000066b7000 Uncommon trap: trap_request=0xffffffde fr.pc=0x000070e85aea284c relative=0x000000000000020c
Event: 4969.925 Thread 0x00000000066b7000 Uncommon trap: reason=class_check action=maybe_recompile pc=0x000070e85aea284c method=org.openkoreantext.processor.util.CharArrayMap.getHashCode(Ljava/lang/CharSequence;)I @ 15 c2
Event: 4969.925 Thread 0x00000000066b7000 DEOPT PACKING pc=0x000070e85aea284c sp=0x00007fff556a76c0
Event: 4969.925 Thread 0x00000000066b7000 DEOPT UNPACKING pc=0x000070e8532082a5 sp=0x00007fff556a7670 mode 2

Classes redefined (0 events):
No events

Internal exceptions (19 events):
Event: 0.163 Thread 0x00000000066b7000 Exception <a 'java/lang/NoSuchMethodError'{0x00000000df311de0}: 'int java.lang.invoke.DirectMethodHandle$Holder.invokeStaticInit(java.lang.Object, java.lang.Object)'> (0x00000000df311de0) thrown at [./src/hotspot/share/interpreter/linkResolver.cpp, line 772]
Event: 0.164 Thread 0x00000000066b7000 Exception <a 'java/lang/NoSuchMethodError'{0x00000000df317dd8}: 'java.lang.Object java.lang.invoke.DirectMethodHandle$Holder.invokeStaticInit(java.lang.Object, int)'> (0x00000000df317dd8) thrown at [./src/hotspot/share/interpreter/linkResolver.cpp, line 772]
Event: 0.179 Thread 0x00000000066b7000 Exception <a 'java/lang/NoSuchMethodError'{0x00000000df387ea0}: 'java.lang.Object java.lang.invoke.DirectMethodHandle$Holder.invokeStatic(java.lang.Object, int, java.lang.Object, java.lang.Object, java.lang.Object)'> (0x00000000df387ea0) thrown at [./src/hotspot/share/interpreter/linkResolver.cpp, line 772]
Event: 59.633 Thread 0x00000000066b7000 Exception <a 'java/lang/NoSuchMethodError'{0x00000000c18e4db8}: 'java.lang.Object java.lang.invoke.DirectMethodHandle$Holder.invokeStaticInit(java.lang.Object, java.lang.Object, java.lang.Object)'> (0x00000000c18e4db8) thrown at [./src/hotspot/share/interpreter/linkResolver.cpp, line 772]
Event: 59.639 Thread 0x00000000066b7000 Exception <a 'java/lang/NoSuchMethodError'{0x00000000c172d208}: 'java.lang.Object java.lang.invoke.DirectMethodHandle$Holder.invokeStaticInit(java.lang.Object, java.lang.Object, java.lang.Object, java.lang.Object)'> (0x00000000c172d208) thrown at [./src/hotspot/share/interpreter/linkResolver.cpp, line 772]
Event: 60.670 Thread 0x00000000066b7000 Exception <a 'java/lang/NoSuchMethodError'{0x00000000c170df40}: 'java.lang.Object java.lang.invoke.DirectMethodHandle$Holder.invokeStatic(java.lang.Object, java.lang.Object, int, java.lang.Object)'> (0x00000000c170df40) thrown at [./src/hotspot/share/interpreter/linkResolver.cpp, line 772]
Event: 60.671 Thread 0x00000000066b7000 Exception <a 'java/lang/NoSuchMethodError'{0x00000000c1717360}: 'java.lang.Object java.lang.invoke.Invokers$Holder.linkToTargetMethod(java.lang.Object, int, java.lang.Object)'> (0x00000000c1717360) thrown at [./src/hotspot/share/interpreter/linkResolver.cpp, line 772]
Event: 60.677 Thread 0x00000000066b7000 Exception <a 'java/lang/NoSuchMethodError'{0x00000000c1743848}: 'java.lang.Object java.lang.invoke.DirectMethodHandle$Holder.invokeStatic(java.lang.Object, int, java.lang.Object)'> (0x00000000c1743848) thrown at [./src/hotspot/share/interpreter/linkResolver.cpp, line 772]
Event: 60.681 Thread 0x00000000066b7000 Exception <a 'java/lang/NoSuchMethodError'{0x00000000c175b458}: 'java.lang.Object java.lang.invoke.DirectMethodHandle$Holder.invokeStatic(java.lang.Object, int, int, java.lang.Object)'> (0x00000000c175b458) thrown at [./src/hotspot/share/interpreter/linkResolver.cpp, line 772]
Event: 62.201 Thread 0x00000000066b7000 Exception <a 'java/lang/NoSuchMethodError'{0x00000000cfc112c0}: 'int java.lang.invoke.DirectMethodHandle$Holder.invokeSpecialIFC(java.lang.Object, java.lang.Object, int)'> (0x00000000cfc112c0) thrown at [./src/hotspot/share/interpreter/linkResolver.cpp, line 772]
Event: 62.247 Thread 0x00000000066b7000 Exception <a 'java/lang/NoSuchMethodError'{0x00000000cfb9cf60}: 'java.lang.Object java.lang.invoke.Invokers$Holder.linkToTargetMethod(java.lang.Object, int, java.lang.Object, java.lang.Object)'> (0x00000000cfb9cf60) thrown at [./src/hotspot/share/interpreter/linkResolver.cpp, line 772]
Event: 62.264 Thread 0x00000000066b7000 Exception <a 'java/lang/NoSuchMethodError'{0x00000000cfbf9970}: 'java.lang.Object java.lang.invoke.DirectMethodHandle$Holder.invokeStatic(java.lang.Object, java.lang.Object, java.lang.Object, java.lang.Object, java.lang.Object, int)'> (0x00000000cfbf9970) thrown at [./src/hotspot/share/interpreter/linkResolver.cpp, line 772]
Event: 62.264 Thread 0x00000000066b7000 Exception <a 'java/lang/NoSuchMethodError'{0x00000000cfbfd8a0}: 'java.lang.Object java.lang.invoke.DirectMethodHandle$Holder.invokeSpecial(java.lang.Object, java.lang.Object, java.lang.Object, java.lang.Object, java.lang.Object, java.lang.Object, int)'> (0x00000000cfbfd8a0) thrown at [./src/hotspot/share/interpreter/linkResolver.cpp, line 772]
Event: 62.299 Thread 0x00000000066b7000 Exception <a 'java/lang/NoSuchMethodError'{0x00000000cfab84d8}: 'java.lang.Object java.lang.invoke.DirectMethodHandle$Holder.invokeStatic(java.lang.Object, java.lang.Object, java.lang.Object, java.lang.Object, int, java.lang.Object)'> (0x00000000cfab84d8) thrown at [./src/hotspot/share/interpreter/linkResolver.cpp, line 772]
Event: 62.299 Thread 0x00000000066b7000 Exception <a 'java/lang/NoSuchMethodError'{0x00000000cfabbf98}: 'java.lang.Object java.lang.invoke.DirectMethodHandle$Holder.invokeSpecial(java.lang.Object, java.lang.Object, java.lang.Object, java.lang.Object, java.lang.Object, int, java.lang.Object)'> (0x00000000cfabbf98) thrown at [./src/hotspot/share/interpreter/linkResolver.cpp, line 772]
Event: 62.299 Thread 0x00000000066b7000 Exception <a 'java/lang/NoSuchMethodError'{0x00000000cfabf308}: 'java.lang.Object java.lang.invoke.Invokers$Holder.linkToTargetMethod(java.lang.Object, java.lang.Object, java.lang.Object, int, java.lang.Object, java.lang.Object)'> (0x00000000cfabf308) thrown at [./src/hotspot/share/interpreter/linkResolver.cpp, line 772]
Event: 62.319 Thread 0x00000000066b7000 Exception <a 'java/lang/NoSuchMethodError'{0x00000000cfaff318}: 'java.lang.Object java.lang.invoke.DirectMethodHandle$Holder.invokeStaticInit(java.lang.Object, java.lang.Object, java.lang.Object, java.lang.Object, java.lang.Object)'> (0x00000000cfaff318) thrown at [./src/hotspot/share/interpreter/linkResolver.cpp, line 772]
Event: 62.320 Thread 0x00000000066b7000 Exception <a 'java/lang/NoSuchMethodError'{0x00000000cf90dac8}: 'java.lang.Object java.lang.invoke.Invokers$Holder.invoker(java.lang.Object, java.lang.Object, java.lang.Object)'> (0x00000000cf90dac8) thrown at [./src/hotspot/share/interpreter/linkResolver.cpp, line 772]
Event: 62.322 Thread 0x00000000066b7000 Exception <a 'java/lang/NoSuchMethodError'{0x00000000cf91d520}: 'void java.lang.invoke.DelegatingMethodHandle$Holder.delegate(java.lang.Object, java.lang.Object, int, java.lang.Object)'> (0x00000000cf91d520) thrown at [./src/hotspot/share/interpreter/linkResolver.cpp, line 772]

Events (20 events):
Event: 5666.107 Executing VM operation: G1CollectForAllocation
Event: 5666.108 Executing VM operation: G1CollectForAllocation done
Event: 5675.798 Executing VM operation: G1CollectForAllocation
Event: 5675.799 Executing VM operation: G1CollectForAllocation done
Event: 5742.747 Executing VM operation: G1CollectForAllocation
Event: 5742.748 Executing VM operation: G1CollectForAllocation done
Event: 5796.842 Executing VM operation: G1CollectForAllocation
Event: 5796.843 Executing VM operation: G1CollectForAllocation done
Event: 5797.191 Executing VM operation: G1CollectForAllocation
Event: 5797.192 Executing VM operation: G1CollectForAllocation done
Event: 6058.395 Executing VM operation: G1CollectForAllocation
Event: 6058.396 Executing VM operation: G1CollectForAllocation done
Event: 6071.272 Executing VM operation: G1CollectForAllocation
Event: 6071.273 Executing VM operation: G1CollectForAllocation done
Event: 7599.743 Protecting memory [0x000070e7eb1fe000,0x000070e7eb202000] with protection modes 0
Event: 7599.743 Thread 0x000070e89c08f800 Thread added: 0x000070e89c08f800
Event: 24644.652 loading class jdk/internal/misc/Signal$1
Event: 24644.652 loading class jdk/internal/misc/Signal$1 done
Event: 24644.678 Thread 0x000070e82800f000 Thread added: 0x000070e82800f000
Event: 24644.678 Protecting memory [0x000070e7daf00000,0x000070e7daf04000] with protection modes 0


Dynamic libraries:
00400000-0041f000 r--p 00000000 08:11 6009701                            /anaconda/envs/azureml_py310_sdkv2/bin/python3.10
0041f000-0061d000 r-xp 0001f000 08:11 6009701                            /anaconda/envs/azureml_py310_sdkv2/bin/python3.10
0061d000-0071f000 r--p 0021d000 08:11 6009701                            /anaconda/envs/azureml_py310_sdkv2/bin/python3.10
0071f000-00720000 r--p 0031f000 08:11 6009701                            /anaconda/envs/azureml_py310_sdkv2/bin/python3.10
00720000-00752000 rw-p 00320000 08:11 6009701                            /anaconda/envs/azureml_py310_sdkv2/bin/python3.10
00752000-00758000 rw-p 00000000 00:00 0 
0661a000-0a579000 rw-p 00000000 00:00 0                                  [heap]
c0000000-d0900000 rw-p 00000000 00:00 0 
d0900000-ff800000 ---p 00000000 00:00 0 
ff800000-ff848000 rw-p 00b14000 08:11 1032193                            /usr/lib/jvm/java-11-openjdk-amd64/lib/server/classes.jsa
ff848000-ff900000 rw-p 00000000 00:00 0 
ff900000-ffc00000 ---p 00000000 00:00 0 
ffc00000-ffc6c000 rw-p 00aa8000 08:11 1032193                            /usr/lib/jvm/java-11-openjdk-amd64/lib/server/classes.jsa
ffc6c000-ffd00000 rw-p 00000000 00:00 0 
ffd00000-100000000 ---p 00000000 00:00 0 
800000000-800002000 rwxp 00001000 08:11 1032193                          /usr/lib/jvm/java-11-openjdk-amd64/lib/server/classes.jsa
800002000-8003ce000 rw-p 00003000 08:11 1032193                          /usr/lib/jvm/java-11-openjdk-amd64/lib/server/classes.jsa
8003ce000-800aa6000 r--p 003cf000 08:11 1032193                          /usr/lib/jvm/java-11-openjdk-amd64/lib/server/classes.jsa
800aa6000-800aa7000 rw-p 00aa7000 08:11 1032193                          /usr/lib/jvm/java-11-openjdk-amd64/lib/server/classes.jsa
840000000-840240000 rw-p 00000000 00:00 0 
840240000-880000000 ---p 00000000 00:00 0 
70e7b51fd000-70e7b51fe000 ---p 00000000 00:00 0 
70e7b51fe000-70e7b59fe000 rw-p 00000000 00:00 0 
70e7b6a00000-70e7bea00000 rw-p 00000000 00:00 0 
70e7bea00000-70e7bea3b000 r-xp 00000000 08:11 7010676                    /anaconda/envs/azureml_py310_sdkv2/lib/python3.10/site-packages/numpy.libs/libquadmath-96973f99-934c22de.so.0.0.0
70e7bea3b000-70e7bec3a000 ---p 0003b000 08:11 7010676                    /anaconda/envs/azureml_py310_sdkv2/lib/python3.10/site-packages/numpy.libs/libquadmath-96973f99-934c22de.so.0.0.0
70e7bec3a000-70e7bec3b000 r--p 0003a000 08:11 7010676                    /anaconda/envs/azureml_py310_sdkv2/lib/python3.10/site-packages/numpy.libs/libquadmath-96973f99-934c22de.so.0.0.0
70e7bec3b000-70e7bec3e000 rw-p 0003b000 08:11 7010676                    /anaconda/envs/azureml_py310_sdkv2/lib/python3.10/site-packages/numpy.libs/libquadmath-96973f99-934c22de.so.0.0.0
70e7bee00000-70e7bf076000 r-xp 00000000 08:11 7010674                    /anaconda/envs/azureml_py310_sdkv2/lib/python3.10/site-packages/numpy.libs/libgfortran-040039e1-0352e75f.so.5.0.0
70e7bf076000-70e7bf275000 ---p 00276000 08:11 7010674                    /anaconda/envs/azureml_py310_sdkv2/lib/python3.10/site-packages/numpy.libs/libgfortran-040039e1-0352e75f.so.5.0.0
70e7bf275000-70e7bf276000 r--p 00275000 08:11 7010674                    /anaconda/envs/azureml_py310_sdkv2/lib/python3.10/site-packages/numpy.libs/libgfortran-040039e1-0352e75f.so.5.0.0
70e7bf276000-70e7bf278000 rw-p 00276000 08:11 7010674                    /anaconda/envs/azureml_py310_sdkv2/lib/python3.10/site-packages/numpy.libs/libgfortran-040039e1-0352e75f.so.5.0.0
70e7bf278000-70e7bf2b1000 rw-p 0027b000 08:11 7010674                    /anaconda/envs/azureml_py310_sdkv2/lib/python3.10/site-packages/numpy.libs/libgfortran-040039e1-0352e75f.so.5.0.0
70e7bf400000-70e7bf4cf000 r--p 00000000 08:11 7010675                    /anaconda/envs/azureml_py310_sdkv2/lib/python3.10/site-packages/numpy.libs/libscipy_openblas64_-56d6093b.so
70e7bf4cf000-70e7c07ca000 r-xp 000cf000 08:11 7010675                    /anaconda/envs/azureml_py310_sdkv2/lib/python3.10/site-packages/numpy.libs/libscipy_openblas64_-56d6093b.so
70e7c07ca000-70e7c09b2000 r--p 013ca000 08:11 7010675                    /anaconda/envs/azureml_py310_sdkv2/lib/python3.10/site-packages/numpy.libs/libscipy_openblas64_-56d6093b.so
70e7c09b2000-70e7c09b3000 ---p 015b2000 08:11 7010675                    /anaconda/envs/azureml_py310_sdkv2/lib/python3.10/site-packages/numpy.libs/libscipy_openblas64_-56d6093b.so
70e7c09b3000-70e7c09bb000 r--p 015b2000 08:11 7010675                    /anaconda/envs/azureml_py310_sdkv2/lib/python3.10/site-packages/numpy.libs/libscipy_openblas64_-56d6093b.so
70e7c09bb000-70e7c09ca000 rw-p 015ba000 08:11 7010675                    /anaconda/envs/azureml_py310_sdkv2/lib/python3.10/site-packages/numpy.libs/libscipy_openblas64_-56d6093b.so
70e7c09ca000-70e7c09d3000 rw-p 00000000 00:00 0 
70e7c09d3000-70e7c09d7000 ---p 015d3000 08:11 7010675                    /anaconda/envs/azureml_py310_sdkv2/lib/python3.10/site-packages/numpy.libs/libscipy_openblas64_-56d6093b.so
70e7c09d7000-70e7c0b0e000 rw-p 016a6000 08:11 7010675                    /anaconda/envs/azureml_py310_sdkv2/lib/python3.10/site-packages/numpy.libs/libscipy_openblas64_-56d6093b.so
70e7c0c00000-70e7c0c28000 r--p 00000000 08:11 7010296                    /anaconda/envs/azureml_py310_sdkv2/lib/python3.10/site-packages/numpy/_core/_multiarray_umath.cpython-310-x86_64-linux-gnu.so
70e7c0c28000-70e7c13c3000 r-xp 00028000 08:11 7010296                    /anaconda/envs/azureml_py310_sdkv2/lib/python3.10/site-packages/numpy/_core/_multiarray_umath.cpython-310-x86_64-linux-gnu.so
70e7c13c3000-70e7c1554000 r--p 007c3000 08:11 7010296                    /anaconda/envs/azureml_py310_sdkv2/lib/python3.10/site-packages/numpy/_core/_multiarray_umath.cpython-310-x86_64-linux-gnu.so
70e7c1554000-70e7c1555000 ---p 00954000 08:11 7010296                    /anaconda/envs/azureml_py310_sdkv2/lib/python3.10/site-packages/numpy/_core/_multiarray_umath.cpython-310-x86_64-linux-gnu.so
70e7c1555000-70e7c1558000 r--p 00954000 08:11 7010296                    /anaconda/envs/azureml_py310_sdkv2/lib/python3.10/site-packages/numpy/_core/_multiarray_umath.cpython-310-x86_64-linux-gnu.so
70e7c1558000-70e7c157a000 rw-p 00957000 08:11 7010296                    /anaconda/envs/azureml_py310_sdkv2/lib/python3.10/site-packages/numpy/_core/_multiarray_umath.cpython-310-x86_64-linux-gnu.so
70e7c157a000-70e7c1592000 rw-p 00000000 00:00 0 
70e7c1592000-70e7c159c000 rw-p 009ee000 08:11 7010296                    /anaconda/envs/azureml_py310_sdkv2/lib/python3.10/site-packages/numpy/_core/_multiarray_umath.cpython-310-x86_64-linux-gnu.so
70e7c1600000-70e7d9600000 rw-p 00000000 00:00 0 
70e7d9600000-70e7d9640000 r-xp 00000000 08:11 7011373                    /anaconda/envs/azureml_py310_sdkv2/lib/python3.10/site-packages/opencv_python.libs/libquadmath-2284e583.so.0.0.0
70e7d9640000-70e7d983f000 ---p 00040000 08:11 7011373                    /anaconda/envs/azureml_py310_sdkv2/lib/python3.10/site-packages/opencv_python.libs/libquadmath-2284e583.so.0.0.0
70e7d983f000-70e7d9840000 r--p 0003f000 08:11 7011373                    /anaconda/envs/azureml_py310_sdkv2/lib/python3.10/site-packages/opencv_python.libs/libquadmath-2284e583.so.0.0.0
70e7d9840000-70e7d9841000 rw-p 00040000 08:11 7011373                    /anaconda/envs/azureml_py310_sdkv2/lib/python3.10/site-packages/opencv_python.libs/libquadmath-2284e583.so.0.0.0
70e7d9841000-70e7d9842000 rw-p 00042000 08:11 7011373                    /anaconda/envs/azureml_py310_sdkv2/lib/python3.10/site-packages/opencv_python.libs/libquadmath-2284e583.so.0.0.0
70e7d9a00000-70e7d9c7c000 r-xp 00000000 08:11 7011369                    /anaconda/envs/azureml_py310_sdkv2/lib/python3.10/site-packages/opencv_python.libs/libgfortran-83c28eba.so.5.0.0
70e7d9c7c000-70e7d9e7c000 ---p 0027c000 08:11 7011369                    /anaconda/envs/azureml_py310_sdkv2/lib/python3.10/site-packages/opencv_python.libs/libgfortran-83c28eba.so.5.0.0
70e7d9e7c000-70e7d9e7e000 r--p 0027c000 08:11 7011369                    /anaconda/envs/azureml_py310_sdkv2/lib/python3.10/site-packages/opencv_python.libs/libgfortran-83c28eba.so.5.0.0
70e7d9e7e000-70e7d9e7f000 rw-p 0027e000 08:11 7011369                    /anaconda/envs/azureml_py310_sdkv2/lib/python3.10/site-packages/opencv_python.libs/libgfortran-83c28eba.so.5.0.0
70e7d9e7f000-70e7d9e94000 rw-p 00282000 08:11 7011369                    /anaconda/envs/azureml_py310_sdkv2/lib/python3.10/site-packages/opencv_python.libs/libgfortran-83c28eba.so.5.0.0
70e7da000000-70e7da078000 r-xp 00000000 08:11 7011371                    /anaconda/envs/azureml_py310_sdkv2/lib/python3.10/site-packages/opencv_python.libs/libpcre2-16-bca4e6b3.so.0.7.1
70e7da078000-70e7da277000 ---p 00078000 08:11 7011371                    /anaconda/envs/azureml_py310_sdkv2/lib/python3.10/site-packages/opencv_python.libs/libpcre2-16-bca4e6b3.so.0.7.1
70e7da277000-70e7da278000 r--p 00077000 08:11 7011371                    /anaconda/envs/azureml_py310_sdkv2/lib/python3.10/site-packages/opencv_python.libs/libpcre2-16-bca4e6b3.so.0.7.1
70e7da278000-70e7da279000 rw-p 00078000 08:11 7011371                    /anaconda/envs/azureml_py310_sdkv2/lib/python3.10/site-packages/opencv_python.libs/libpcre2-16-bca4e6b3.so.0.7.1
70e7da279000-70e7da27a000 rw-p 0007a000 08:11 7011371                    /anaconda/envs/azureml_py310_sdkv2/lib/python3.10/site-packages/opencv_python.libs/libpcre2-16-bca4e6b3.so.0.7.1
70e7da400000-70e7da407000 r-xp 00000000 08:11 7011388                    /anaconda/envs/azureml_py310_sdkv2/lib/python3.10/site-packages/opencv_python.libs/libxcb-xfixes-6de855b8.so.0.0.0
70e7da407000-70e7da606000 ---p 00007000 08:11 7011388                    /anaconda/envs/azureml_py310_sdkv2/lib/python3.10/site-packages/opencv_python.libs/libxcb-xfixes-6de855b8.so.0.0.0
70e7da606000-70e7da607000 r--p 00006000 08:11 7011388                    /anaconda/envs/azureml_py310_sdkv2/lib/python3.10/site-packages/opencv_python.libs/libxcb-xfixes-6de855b8.so.0.0.0
70e7da607000-70e7da608000 rw-p 00007000 08:11 7011388                    /anaconda/envs/azureml_py310_sdkv2/lib/python3.10/site-packages/opencv_python.libs/libxcb-xfixes-6de855b8.so.0.0.0
70e7da608000-70e7da60c000 rw-p 0000b000 08:11 7011388                    /anaconda/envs/azureml_py310_sdkv2/lib/python3.10/site-packages/opencv_python.libs/libxcb-xfixes-6de855b8.so.0.0.0
70e7da800000-70e7da803000 r-xp 00000000 08:11 7011384                    /anaconda/envs/azureml_py310_sdkv2/lib/python3.10/site-packages/opencv_python.libs/libxcb-shape-7716c890.so.0.0.0
70e7da803000-70e7daa02000 ---p 00003000 08:11 7011384                    /anaconda/envs/azureml_py310_sdkv2/lib/python3.10/site-packages/opencv_python.libs/libxcb-shape-7716c890.so.0.0.0
70e7daa02000-70e7daa03000 r--p 00002000 08:11 7011384                    /anaconda/envs/azureml_py310_sdkv2/lib/python3.10/site-packages/opencv_python.libs/libxcb-shape-7716c890.so.0.0.0
70e7daa03000-70e7daa04000 rw-p 00003000 08:11 7011384                    /anaconda/envs/azureml_py310_sdkv2/lib/python3.10/site-packages/opencv_python.libs/libxcb-shape-7716c890.so.0.0.0
70e7daa04000-70e7daa06000 rw-p 00005000 08:11 7011384                    /anaconda/envs/azureml_py310_sdkv2/lib/python3.10/site-packages/opencv_python.libs/libxcb-shape-7716c890.so.0.0.0
70e7dac00000-70e7dac02000 r-xp 00000000 08:11 7011385                    /anaconda/envs/azureml_py310_sdkv2/lib/python3.10/site-packages/opencv_python.libs/libxcb-shm-0be6dfbf.so.0.0.0
70e7dac02000-70e7dae02000 ---p 00002000 08:11 7011385                    /anaconda/envs/azureml_py310_sdkv2/lib/python3.10/site-packages/opencv_python.libs/libxcb-shm-0be6dfbf.so.0.0.0
70e7dae02000-70e7dae03000 r--p 00002000 08:11 7011385                    /anaconda/envs/azureml_py310_sdkv2/lib/python3.10/site-packages/opencv_python.libs/libxcb-shm-0be6dfbf.so.0.0.0
70e7dae03000-70e7dae04000 rw-p 00003000 08:11 7011385                    /anaconda/envs/azureml_py310_sdkv2/lib/python3.10/site-packages/opencv_python.libs/libxcb-shm-0be6dfbf.so.0.0.0
70e7dae04000-70e7dae06000 rw-p 00005000 08:11 7011385                    /anaconda/envs/azureml_py310_sdkv2/lib/python3.10/site-packages/opencv_python.libs/libxcb-shm-0be6dfbf.so.0.0.0
70e7daf00000-70e7daf04000 ---p 00000000 00:00 0 
70e7daf04000-70e7db000000 rw-p 00000000 00:00 0 
70e7db000000-70e7db07d000 r--p 00000000 08:11 7011363                    /anaconda/envs/azureml_py310_sdkv2/lib/python3.10/site-packages/opencv_python.libs/libavfilter-93b41299.so.11.4.100
70e7db07d000-70e7db416000 r-xp 0007d000 08:11 7011363                    /anaconda/envs/azureml_py310_sdkv2/lib/python3.10/site-packages/opencv_python.libs/libavfilter-93b41299.so.11.4.100
70e7db416000-70e7db4a1000 r--p 00416000 08:11 7011363                    /anaconda/envs/azureml_py310_sdkv2/lib/python3.10/site-packages/opencv_python.libs/libavfilter-93b41299.so.11.4.100
70e7db4a1000-70e7db519000 r--p 004a0000 08:11 7011363                    /anaconda/envs/azureml_py310_sdkv2/lib/python3.10/site-packages/opencv_python.libs/libavfilter-93b41299.so.11.4.100
70e7db519000-70e7db51a000 rw-p 00518000 08:11 7011363                    /anaconda/envs/azureml_py310_sdkv2/lib/python3.10/site-packages/opencv_python.libs/libavfilter-93b41299.so.11.4.100
70e7db51a000-70e7db51e000 rw-p 00000000 00:00 0 
70e7db51e000-70e7db523000 rw-p 0051a000 08:11 7011363                    /anaconda/envs/azureml_py310_sdkv2/lib/python3.10/site-packages/opencv_python.libs/libavfilter-93b41299.so.11.4.100
70e7db600000-70e7db614000 r-xp 00000000 08:11 7011368                    /anaconda/envs/azureml_py310_sdkv2/lib/python3.10/site-packages/opencv_python.libs/libdrm-b0291a67.so.2.4.0
70e7db614000-70e7db813000 ---p 00014000 08:11 7011368                    /anaconda/envs/azureml_py310_sdkv2/lib/python3.10/site-packages/opencv_python.libs/libdrm-b0291a67.so.2.4.0
70e7db813000-70e7db814000 r--p 00013000 08:11 7011368                    /anaconda/envs/azureml_py310_sdkv2/lib/python3.10/site-packages/opencv_python.libs/libdrm-b0291a67.so.2.4.0
70e7db814000-70e7db815000 rw-p 00000000 00:00 0 
70e7db815000-70e7db817000 rw-p 00016000 08:11 7011368                    /anaconda/envs/azureml_py310_sdkv2/lib/python3.10/site-packages/opencv_python.libs/libdrm-b0291a67.so.2.4.0
70e7db900000-70e7dba00000 rw-p 00000000 00:00 0 
70e7dba00000-70e7dbcb6000 r-xp 00000000 08:11 7011367                    /anaconda/envs/azureml_py310_sdkv2/lib/python3.10/site-packages/opencv_python.libs/libcrypto-bdaed0ea.so.1.1.1k
70e7dbcb6000-70e7dbeb6000 ---p 002b6000 08:11 7011367                    /anaconda/envs/azureml_py310_sdkv2/lib/python3.10/site-packages/opencv_python.libs/libcrypto-bdaed0ea.so.1.1.1k
70e7dbeb6000-70e7dbee2000 r--p 002b6000 08:11 7011367                    /anaconda/envs/azureml_py310_sdkv2/lib/python3.10/site-packages/opencv_python.libs/libcrypto-bdaed0ea.so.1.1.1k
70e7dbee2000-70e7dbee6000 rw-p 002e2000 08:11 7011367                    /anaconda/envs/azureml_py310_sdkv2/lib/python3.10/site-packages/opencv_python.libs/libcrypto-bdaed0ea.so.1.1.1k
70e7dbee6000-70e7dbeeb000 rw-p 00000000 00:00 0 
70e7dbeeb000-70e7dbf0b000 rw-p 002f2000 08:11 7011367                    /anaconda/envs/azureml_py310_sdkv2/lib/python3.10/site-packages/opencv_python.libs/libcrypto-bdaed0ea.so.1.1.1k
70e7dc000000-70e7dc087000 r-xp 00000000 08:11 7011374                    /anaconda/envs/azureml_py310_sdkv2/lib/python3.10/site-packages/opencv_python.libs/libssl-60250281.so.1.1.1k
70e7dc087000-70e7dc287000 ---p 00087000 08:11 7011374                    /anaconda/envs/azureml_py310_sdkv2/lib/python3.10/site-packages/opencv_python.libs/libssl-60250281.so.1.1.1k
70e7dc287000-70e7dc290000 r--p 00087000 08:11 7011374                    /anaconda/envs/azureml_py310_sdkv2/lib/python3.10/site-packages/opencv_python.libs/libssl-60250281.so.1.1.1k
70e7dc290000-70e7dc294000 rw-p 00090000 08:11 7011374                    /anaconda/envs/azureml_py310_sdkv2/lib/python3.10/site-packages/opencv_python.libs/libssl-60250281.so.1.1.1k
70e7dc294000-70e7dc295000 rw-p 00000000 00:00 0 
70e7dc295000-70e7dc2a0000 rw-p 00098000 08:11 7011374                    /anaconda/envs/azureml_py310_sdkv2/lib/python3.10/site-packages/opencv_python.libs/libssl-60250281.so.1.1.1k
70e7dc300000-70e7dc400000 rw-p 00000000 00:00 0 
70e7dc400000-70e7dc407000 r--p 00000000 08:11 7011377                    /anaconda/envs/azureml_py310_sdkv2/lib/python3.10/site-packages/opencv_python.libs/libvpx-ab02766e.so.11.0.1
70e7dc407000-70e7dc6fe000 r-xp 00007000 08:11 7011377                    /anaconda/envs/azureml_py310_sdkv2/lib/python3.10/site-packages/opencv_python.libs/libvpx-ab02766e.so.11.0.1
70e7dc6fe000-70e7dc74d000 r--p 002fe000 08:11 7011377                    /anaconda/envs/azureml_py310_sdkv2/lib/python3.10/site-packages/opencv_python.libs/libvpx-ab02766e.so.11.0.1
70e7dc74d000-70e7dc750000 r--p 0034d000 08:11 7011377                    /anaconda/envs/azureml_py310_sdkv2/lib/python3.10/site-packages/opencv_python.libs/libvpx-ab02766e.so.11.0.1
70e7dc750000-70e7dc751000 rw-p 00350000 08:11 7011377                    /anaconda/envs/azureml_py310_sdkv2/lib/python3.10/site-packages/opencv_python.libs/libvpx-ab02766e.so.11.0.1
70e7dc751000-70e7dc758000 rw-p 00000000 00:00 0 
70e7dc758000-70e7dc759000 rw-p 00385000 08:11 7011377                    /anaconda/envs/azureml_py310_sdkv2/lib/python3.10/site-packages/opencv_python.libs/libvpx-ab02766e.so.11.0.1
70e7dc800000-70e7dc817000 r--p 00000000 08:11 7011360                    /anaconda/envs/azureml_py310_sdkv2/lib/python3.10/site-packages/opencv_python.libs/libaom-512edd8c.so.3.13.1
70e7dc817000-70e7dce39000 r-xp 00017000 08:11 7011360                    /anaconda/envs/azureml_py310_sdkv2/lib/python3.10/site-packages/opencv_python.libs/libaom-512edd8c.so.3.13.1
70e7dce39000-70e7dcf31000 r--p 00639000 08:11 7011360                    /anaconda/envs/azureml_py310_sdkv2/lib/python3.10/site-packages/opencv_python.libs/libaom-512edd8c.so.3.13.1
70e7dcf31000-70e7dcf42000 r--p 00730000 08:11 7011360                    /anaconda/envs/azureml_py310_sdkv2/lib/python3.10/site-packages/opencv_python.libs/libaom-512edd8c.so.3.13.1
70e7dcf42000-70e7dcf46000 rw-p 00741000 08:11 7011360                    /anaconda/envs/azureml_py310_sdkv2/lib/python3.10/site-packages/opencv_python.libs/libaom-512edd8c.so.3.13.1
70e7dcf46000-70e7dcf93000 rw-p 00000000 00:00 0 
70e7dcf93000-70e7dcf94000 rw-p 007b8000 08:11 7011360                    /anaconda/envs/azureml_py310_sdkv2/lib/python3.10/site-packages/opencv_python.libs/libaom-512edd8c.so.3.13.1
70e7dcfd8000-70e7dcff6000 r--p 00000000 08:11 6009674                    /anaconda/envs/azureml_py310_sdkv2/lib/libX11.so.6.4.0
70e7dcff6000-70e7dd083000 r-xp 0001e000 08:11 6009674                    /anaconda/envs/azureml_py310_sdkv2/lib/libX11.so.6.4.0
70e7dd083000-70e7dd119000 r--p 000ab000 08:11 6009674                    /anaconda/envs/azureml_py310_sdkv2/lib/libX11.so.6.4.0
70e7dd119000-70e7dd11c000 r--p 00140000 08:11 6009674                    /anaconda/envs/azureml_py310_sdkv2/lib/libX11.so.6.4.0
70e7dd11c000-70e7dd120000 rw-p 00143000 08:11 6009674                    /anaconda/envs/azureml_py310_sdkv2/lib/libX11.so.6.4.0
70e7dd120000-70e7dd24b000 r--p 00000000 08:11 7011370                    /anaconda/envs/azureml_py310_sdkv2/lib/python3.10/site-packages/opencv_python.libs/libopenblasp-r0-59ffcd50.3.15.so
70e7dd24b000-70e7dd26a000 r-xp 0012b000 08:11 7011370                    /anaconda/envs/azureml_py310_sdkv2/lib/python3.10/site-packages/opencv_python.libs/libopenblasp-r0-59ffcd50.3.15.so
70e7dd26a000-70e7dd270000 ---p 0014a000 08:11 7011370                    /anaconda/envs/azureml_py310_sdkv2/lib/python3.10/site-packages/opencv_python.libs/libopenblasp-r0-59ffcd50.3.15.so
70e7dd270000-70e7df328000 r-xp 00150000 08:11 7011370                    /anaconda/envs/azureml_py310_sdkv2/lib/python3.10/site-packages/opencv_python.libs/libopenblasp-r0-59ffcd50.3.15.so
70e7df328000-70e7df51b000 r--p 02208000 08:11 7011370                    /anaconda/envs/azureml_py310_sdkv2/lib/python3.10/site-packages/opencv_python.libs/libopenblasp-r0-59ffcd50.3.15.so
70e7df51b000-70e7df529000 r--p 023fb000 08:11 7011370                    /anaconda/envs/azureml_py310_sdkv2/lib/python3.10/site-packages/opencv_python.libs/libopenblasp-r0-59ffcd50.3.15.so
70e7df529000-70e7df53d000 rw-p 02409000 08:11 7011370                    /anaconda/envs/azureml_py310_sdkv2/lib/python3.10/site-packages/opencv_python.libs/libopenblasp-r0-59ffcd50.3.15.so
70e7df53d000-70e7df54e000 rw-p 00000000 00:00 0 
70e7df54e000-70e7df5fc000 rw-p 02437000 08:11 7011370                    /anaconda/envs/azureml_py310_sdkv2/lib/python3.10/site-packages/opencv_python.libs/libopenblasp-r0-59ffcd50.3.15.so
70e7df600000-70e7df6ae000 r--p 00000000 08:11 7011353                    /anaconda/envs/azureml_py310_sdkv2/lib/python3.10/site-packages/opencv_python.libs/libQt5Core-195a14c9.so.5.15.18
70e7df6ae000-70e7df9c9000 r-xp 000ae000 08:11 7011353                    /anaconda/envs/azureml_py310_sdkv2/lib/python3.10/site-packages/opencv_python.libs/libQt5Core-195a14c9.so.5.15.18
70e7df9c9000-70e7dfc01000 r--p 003c9000 08:11 7011353                    /anaconda/envs/azureml_py310_sdkv2/lib/python3.10/site-packages/opencv_python.libs/libQt5Core-195a14c9.so.5.15.18
70e7dfc01000-70e7dfc0f000 r--p 00601000 08:11 7011353                    /anaconda/envs/azureml_py310_sdkv2/lib/python3.10/site-packages/opencv_python.libs/libQt5Core-195a14c9.so.5.15.18
70e7dfc0f000-70e7dfc10000 rw-p 0060f000 08:11 7011353                    /anaconda/envs/azureml_py310_sdkv2/lib/python3.10/site-packages/opencv_python.libs/libQt5Core-195a14c9.so.5.15.18
70e7dfc10000-70e7dfc14000 rw-p 00000000 00:00 0 
70e7dfc14000-70e7dfcd4000 rw-p 00611000 08:11 7011353                    /anaconda/envs/azureml_py310_sdkv2/lib/python3.10/site-packages/opencv_python.libs/libQt5Core-195a14c9.so.5.15.18
70e7dfd00000-70e7dfe00000 rw-p 00000000 00:00 0 
70e7dfe00000-70e7dff03000 r--p 00000000 08:11 7011354                    /anaconda/envs/azureml_py310_sdkv2/lib/python3.10/site-packages/opencv_python.libs/libQt5Gui-26aef175.so.5.15.18
70e7dff03000-70e7e048b000 r-xp 00103000 08:11 7011354                    /anaconda/envs/azureml_py310_sdkv2/lib/python3.10/site-packages/opencv_python.libs/libQt5Gui-26aef175.so.5.15.18
70e7e048b000-70e7e05ab000 r--p 0068b000 08:11 7011354                    /anaconda/envs/azureml_py310_sdkv2/lib/python3.10/site-packages/opencv_python.libs/libQt5Gui-26aef175.so.5.15.18
70e7e05ab000-70e7e05bc000 r--p 007ab000 08:11 7011354                    /anaconda/envs/azureml_py310_sdkv2/lib/python3.10/site-packages/opencv_python.libs/libQt5Gui-26aef175.so.5.15.18
70e7e05bc000-70e7e05c1000 rw-p 007bc000 08:11 7011354                    /anaconda/envs/azureml_py310_sdkv2/lib/python3.10/site-packages/opencv_python.libs/libQt5Gui-26aef175.so.5.15.18
70e7e05c1000-70e7e05cc000 rw-p 00000000 00:00 0 
70e7e05cc000-70e7e0777000 rw-p 007c2000 08:11 7011354                    /anaconda/envs/azureml_py310_sdkv2/lib/python3.10/site-packages/opencv_python.libs/libQt5Gui-26aef175.so.5.15.18
70e7e0800000-70e7e0980000 r--p 00000000 08:11 7011356                    /anaconda/envs/azureml_py310_sdkv2/lib/python3.10/site-packages/opencv_python.libs/libQt5Widgets-da081f00.so.5.15.18
70e7e0980000-70e7e0d25000 r-xp 00180000 08:11 7011356                    /anaconda/envs/azureml_py310_sdkv2/lib/python3.10/site-packages/opencv_python.libs/libQt5Widgets-da081f00.so.5.15.18
70e7e0d25000-70e7e0e8e000 r--p 00525000 08:11 7011356                    /anaconda/envs/azureml_py310_sdkv2/lib/python3.10/site-packages/opencv_python.libs/libQt5Widgets-da081f00.so.5.15.18
70e7e0e8e000-70e7e0ebb000 r--p 0068e000 08:11 7011356                    /anaconda/envs/azureml_py310_sdkv2/lib/python3.10/site-packages/opencv_python.libs/libQt5Widgets-da081f00.so.5.15.18
70e7e0ebb000-70e7e0ec0000 rw-p 006bb000 08:11 7011356                    /anaconda/envs/azureml_py310_sdkv2/lib/python3.10/site-packages/opencv_python.libs/libQt5Widgets-da081f00.so.5.15.18
70e7e0ec0000-70e7e10b3000 rw-p 006c1000 08:11 7011356                    /anaconda/envs/azureml_py310_sdkv2/lib/python3.10/site-packages/opencv_python.libs/libQt5Widgets-da081f00.so.5.15.18
70e7e10c6000-70e7e10e3000 r--p 00000000 08:11 4820                       /usr/lib/x86_64-linux-gnu/libglib-2.0.so.0.7200.4
70e7e10e3000-70e7e1172000 r-xp 0001d000 08:11 4820                       /usr/lib/x86_64-linux-gnu/libglib-2.0.so.0.7200.4
70e7e1172000-70e7e11fc000 r--p 000ac000 08:11 4820                       /usr/lib/x86_64-linux-gnu/libglib-2.0.so.0.7200.4
70e7e11fc000-70e7e11fd000 ---p 00136000 08:11 4820                       /usr/lib/x86_64-linux-gnu/libglib-2.0.so.0.7200.4
70e7e11fd000-70e7e11fe000 r--p 00136000 08:11 4820                       /usr/lib/x86_64-linux-gnu/libglib-2.0.so.0.7200.4
70e7e11fe000-70e7e11ff000 rw-p 00137000 08:11 4820                       /usr/lib/x86_64-linux-gnu/libglib-2.0.so.0.7200.4
70e7e11ff000-70e7e1200000 rw-p 00000000 00:00 0 
70e7e1200000-70e7e1217000 r--p 00000000 08:11 7011366                    /anaconda/envs/azureml_py310_sdkv2/lib/python3.10/site-packages/opencv_python.libs/libavutil-ec54c519.so.60.8.100
70e7e1217000-70e7e12cd000 r-xp 00017000 08:11 7011366                    /anaconda/envs/azureml_py310_sdkv2/lib/python3.10/site-packages/opencv_python.libs/libavutil-ec54c519.so.60.8.100
70e7e12cd000-70e7e12eb000 r--p 000cd000 08:11 7011366                    /anaconda/envs/azureml_py310_sdkv2/lib/python3.10/site-packages/opencv_python.libs/libavutil-ec54c519.so.60.8.100
70e7e12eb000-70e7e1301000 r--p 000eb000 08:11 7011366                    /anaconda/envs/azureml_py310_sdkv2/lib/python3.10/site-packages/opencv_python.libs/libavutil-ec54c519.so.60.8.100
70e7e1301000-70e7e1302000 rw-p 00101000 08:11 7011366                    /anaconda/envs/azureml_py310_sdkv2/lib/python3.10/site-packages/opencv_python.libs/libavutil-ec54c519.so.60.8.100
70e7e1302000-70e7e2311000 rw-p 00000000 00:00 0 
70e7e2311000-70e7e231a000 rw-p 00102000 08:11 7011366                    /anaconda/envs/azureml_py310_sdkv2/lib/python3.10/site-packages/opencv_python.libs/libavutil-ec54c519.so.60.8.100
70e7e2400000-70e7e243d000 r--p 00000000 08:11 7011364                    /anaconda/envs/azureml_py310_sdkv2/lib/python3.10/site-packages/opencv_python.libs/libavformat-8c8a026e.so.62.3.100
70e7e243d000-70e7e260d000 r-xp 0003d000 08:11 7011364                    /anaconda/envs/azureml_py310_sdkv2/lib/python3.10/site-packages/opencv_python.libs/libavformat-8c8a026e.so.62.3.100
70e7e260d000-70e7e2692000 r--p 0020d000 08:11 7011364                    /anaconda/envs/azureml_py310_sdkv2/lib/python3.10/site-packages/opencv_python.libs/libavformat-8c8a026e.so.62.3.100
70e7e2692000-70e7e26c7000 r--p 00291000 08:11 7011364                    /anaconda/envs/azureml_py310_sdkv2/lib/python3.10/site-packages/opencv_python.libs/libavformat-8c8a026e.so.62.3.100
70e7e26c7000-70e7e26d1000 rw-p 002c6000 08:11 7011364                    /anaconda/envs/azureml_py310_sdkv2/lib/python3.10/site-packages/opencv_python.libs/libavformat-8c8a026e.so.62.3.100
70e7e278a000-70e7e278c000 r--p 00000000 08:11 3975                       /usr/lib/x86_64-linux-gnu/libpcre.so.3.13.3
70e7e278c000-70e7e27e1000 r-xp 00002000 08:11 3975                       /usr/lib/x86_64-linux-gnu/libpcre.so.3.13.3
70e7e27e1000-70e7e27fe000 r--p 00057000 08:11 3975                       /usr/lib/x86_64-linux-gnu/libpcre.so.3.13.3
70e7e27fe000-70e7e27ff000 r--p 00073000 08:11 3975                       /usr/lib/x86_64-linux-gnu/libpcre.so.3.13.3
70e7e27ff000-70e7e2800000 rw-p 00074000 08:11 3975                       /usr/lib/x86_64-linux-gnu/libpcre.so.3.13.3
70e7e2800000-70e7e2873000 r--p 00000000 08:11 7011361                    /anaconda/envs/azureml_py310_sdkv2/lib/python3.10/site-packages/opencv_python.libs/libavcodec-156beeea.so.62.11.100
70e7e2873000-70e7e3625000 r-xp 00073000 08:11 7011361                    /anaconda/envs/azureml_py310_sdkv2/lib/python3.10/site-packages/opencv_python.libs/libavcodec-156beeea.so.62.11.100
70e7e3625000-70e7e394d000 r--p 00e25000 08:11 7011361                    /anaconda/envs/azureml_py310_sdkv2/lib/python3.10/site-packages/opencv_python.libs/libavcodec-156beeea.so.62.11.100
70e7e394d000-70e7e39ac000 r--p 0114c000 08:11 7011361                    /anaconda/envs/azureml_py310_sdkv2/lib/python3.10/site-packages/opencv_python.libs/libavcodec-156beeea.so.62.11.100
70e7e39ac000-70e7e39ae000 rw-p 011ab000 08:11 7011361                    /anaconda/envs/azureml_py310_sdkv2/lib/python3.10/site-packages/opencv_python.libs/libavcodec-156beeea.so.62.11.100
70e7e39ae000-70e7e3fc9000 rw-p 00000000 00:00 0 
70e7e3fc9000-70e7e3fcf000 rw-p 011ae000 08:11 7011361                    /anaconda/envs/azureml_py310_sdkv2/lib/python3.10/site-packages/opencv_python.libs/libavcodec-156beeea.so.62.11.100
70e7e4000000-70e7e41f7000 r--p 00000000 08:11 7011223                    /anaconda/envs/azureml_py310_sdkv2/lib/python3.10/site-packages/cv2/cv2.abi3.so
70e7e41f7000-70e7e77c2000 r-xp 001f7000 08:11 7011223                    /anaconda/envs/azureml_py310_sdkv2/lib/python3.10/site-packages/cv2/cv2.abi3.so
70e7e77c2000-70e7e816a000 r--p 037c2000 08:11 7011223                    /anaconda/envs/azureml_py310_sdkv2/lib/python3.10/site-packages/cv2/cv2.abi3.so
70e7e816a000-70e7e8203000 r--p 0416a000 08:11 7011223                    /anaconda/envs/azureml_py310_sdkv2/lib/python3.10/site-packages/cv2/cv2.abi3.so
70e7e8203000-70e7e8269000 rw-p 04203000 08:11 7011223                    /anaconda/envs/azureml_py310_sdkv2/lib/python3.10/site-packages/cv2/cv2.abi3.so
70e7e8269000-70e7e837d000 rw-p 00000000 00:00 0 
70e7e837d000-70e7e8393000 rw-p 0426a000 08:11 7011223                    /anaconda/envs/azureml_py310_sdkv2/lib/python3.10/site-packages/cv2/cv2.abi3.so
70e7e83fb000-70e7e8efb000 rw-p 00000000 00:00 0 
70e7e8f31000-70e7e8f34000 r--p 00000000 08:11 76042                      /usr/lib/x86_64-linux-gnu/libGLX.so.0.0.0
70e7e8f34000-70e7e8f4f000 r-xp 00003000 08:11 76042                      /usr/lib/x86_64-linux-gnu/libGLX.so.0.0.0
70e7e8f4f000-70e7e8f52000 r--p 0001e000 08:11 76042                      /usr/lib/x86_64-linux-gnu/libGLX.so.0.0.0
70e7e8f52000-70e7e8f53000 ---p 00021000 08:11 76042                      /usr/lib/x86_64-linux-gnu/libGLX.so.0.0.0
70e7e8f53000-70e7e8f54000 r--p 00021000 08:11 76042                      /usr/lib/x86_64-linux-gnu/libGLX.so.0.0.0
70e7e8f54000-70e7e8f55000 rw-p 00022000 08:11 76042                      /usr/lib/x86_64-linux-gnu/libGLX.so.0.0.0
70e7e8f55000-70e7e8f65000 rw-p 00000000 00:00 0 
70e7e8f65000-70e7e8fa5000 r--p 00000000 08:11 76029                      /usr/lib/x86_64-linux-gnu/libGLdispatch.so.0.0.0
70e7e8fa5000-70e7e8fe4000 r-xp 00040000 08:11 76029                      /usr/lib/x86_64-linux-gnu/libGLdispatch.so.0.0.0
70e7e8fe4000-70e7e8ff7000 r--p 0007f000 08:11 76029                      /usr/lib/x86_64-linux-gnu/libGLdispatch.so.0.0.0
70e7e8ff7000-70e7e8ff8000 ---p 00092000 08:11 76029                      /usr/lib/x86_64-linux-gnu/libGLdispatch.so.0.0.0
70e7e8ff8000-70e7e9014000 r--p 00092000 08:11 76029                      /usr/lib/x86_64-linux-gnu/libGLdispatch.so.0.0.0
70e7e9014000-70e7e9015000 rw-p 000ae000 08:11 76029                      /usr/lib/x86_64-linux-gnu/libGLdispatch.so.0.0.0
70e7e9015000-70e7e901d000 rw-p 00000000 00:00 0 
70e7e901d000-70e7e9060000 r--p 00000000 08:11 76055                      /usr/lib/x86_64-linux-gnu/libGL.so.1.7.0
70e7e9060000-70e7e907f000 r-xp 00043000 08:11 76055                      /usr/lib/x86_64-linux-gnu/libGL.so.1.7.0
70e7e907f000-70e7e9094000 r--p 00062000 08:11 76055                      /usr/lib/x86_64-linux-gnu/libGL.so.1.7.0
70e7e9094000-70e7e90a2000 r--p 00076000 08:11 76055                      /usr/lib/x86_64-linux-gnu/libGL.so.1.7.0
70e7e90a2000-70e7e90a3000 rw-p 00084000 08:11 76055                      /usr/lib/x86_64-linux-gnu/libGL.so.1.7.0
70e7e90a3000-70e7e90a4000 rw-p 00000000 00:00 0 
70e7e90a4000-70e7e90b5000 r--p 00000000 08:11 7011355                    /anaconda/envs/azureml_py310_sdkv2/lib/python3.10/site-packages/opencv_python.libs/libQt5Test-0e30c269.so.5.15.18
70e7e90b5000-70e7e90e3000 r-xp 00011000 08:11 7011355                    /anaconda/envs/azureml_py310_sdkv2/lib/python3.10/site-packages/opencv_python.libs/libQt5Test-0e30c269.so.5.15.18
70e7e90e3000-70e7e90f4000 r--p 0003f000 08:11 7011355                    /anaconda/envs/azureml_py310_sdkv2/lib/python3.10/site-packages/opencv_python.libs/libQt5Test-0e30c269.so.5.15.18
70e7e90f4000-70e7e90f6000 r--p 0004f000 08:11 7011355                    /anaconda/envs/azureml_py310_sdkv2/lib/python3.10/site-packages/opencv_python.libs/libQt5Test-0e30c269.so.5.15.18
70e7e90f6000-70e7e90f7000 rw-p 00051000 08:11 7011355                    /anaconda/envs/azureml_py310_sdkv2/lib/python3.10/site-packages/opencv_python.libs/libQt5Test-0e30c269.so.5.15.18
70e7e90f7000-70e7e90fb000 rw-p 00000000 00:00 0 
70e7e90fb000-70e7e9114000 rw-p 00053000 08:11 7011355                    /anaconda/envs/azureml_py310_sdkv2/lib/python3.10/site-packages/opencv_python.libs/libQt5Test-0e30c269.so.5.15.18
70e7e9114000-70e7e9117000 r--p 00000000 08:11 7011376                    /anaconda/envs/azureml_py310_sdkv2/lib/python3.10/site-packages/opencv_python.libs/libswscale-09114b18.so.9.1.100
70e7e9117000-70e7e929d000 r-xp 00003000 08:11 7011376                    /anaconda/envs/azureml_py310_sdkv2/lib/python3.10/site-packages/opencv_python.libs/libswscale-09114b18.so.9.1.100
70e7e929d000-70e7e92b3000 r--p 00189000 08:11 7011376                    /anaconda/envs/azureml_py310_sdkv2/lib/python3.10/site-packages/opencv_python.libs/libswscale-09114b18.so.9.1.100
70e7e92b3000-70e7e92b5000 r--p 0019e000 08:11 7011376                    /anaconda/envs/azureml_py310_sdkv2/lib/python3.10/site-packages/opencv_python.libs/libswscale-09114b18.so.9.1.100
70e7e92b5000-70e7e92b6000 rw-p 001a0000 08:11 7011376                    /anaconda/envs/azureml_py310_sdkv2/lib/python3.10/site-packages/opencv_python.libs/libswscale-09114b18.so.9.1.100
70e7e92b6000-70e7e92fa000 rw-p 00000000 00:00 0 
70e7e92fa000-70e7e92fc000 rw-p 001a1000 08:11 7011376                    /anaconda/envs/azureml_py310_sdkv2/lib/python3.10/site-packages/opencv_python.libs/libswscale-09114b18.so.9.1.100
70e7e92fc000-70e7e9cfc000 rw-p 00000000 00:00 0 
70e7e9cfd000-70e7eb1fd000 rw-p 00000000 00:00 0 
70e7eb1fd000-70e7eb1fe000 ---p 00000000 00:00 0 
70e7eb1fe000-70e7eb202000 ---p 00000000 00:00 0 
70e7eb202000-70e7eb9fe000 rw-p 00000000 00:00 0 
70e7eb9fe000-70e7eb9ff000 ---p 00000000 00:00 0 
70e7eb9ff000-70e7ec1ff000 rw-p 00000000 00:00 0 
70e7ec1ff000-70e7ec200000 ---p 00000000 00:00 0 
70e7ec200000-70e7eca00000 rw-p 00000000 00:00 0 
70e7eca00000-70e7eea00000 rw-p 00000000 00:00 0 
70e7eea08000-70e7eea23000 r--p 00000000 08:11 7011365                    /anaconda/envs/azureml_py310_sdkv2/lib/python3.10/site-packages/opencv_python.libs/libavif-cbf1e83c.so.16.3.0
70e7eea23000-70e7eeabd000 r-xp 0001b000 08:11 7011365                    /anaconda/envs/azureml_py310_sdkv2/lib/python3.10/site-packages/opencv_python.libs/libavif-cbf1e83c.so.16.3.0
70e7eeabd000-70e7eeadd000 r--p 000b5000 08:11 7011365                    /anaconda/envs/azureml_py310_sdkv2/lib/python3.10/site-packages/opencv_python.libs/libavif-cbf1e83c.so.16.3.0
70e7eeadd000-70e7eeae1000 r--p 000d4000 08:11 7011365                    /anaconda/envs/azureml_py310_sdkv2/lib/python3.10/site-packages/opencv_python.libs/libavif-cbf1e83c.so.16.3.0
70e7eeae1000-70e7eeae3000 rw-p 000d8000 08:11 7011365                    /anaconda/envs/azureml_py310_sdkv2/lib/python3.10/site-packages/opencv_python.libs/libavif-cbf1e83c.so.16.3.0
70e7eeae3000-70e7eeaf3000 rw-p 000f8000 08:11 7011365                    /anaconda/envs/azureml_py310_sdkv2/lib/python3.10/site-packages/opencv_python.libs/libavif-cbf1e83c.so.16.3.0
70e7eeaf3000-70e7efff3000 rw-p 00000000 00:00 0 
70e7efff3000-70e7f0000000 r--p 00000000 08:11 7004685                    /anaconda/envs/azureml_py310_sdkv2/lib/python3.10/site-packages/pillow.libs/libfreetype-083ff72c.so.6.20.2
70e7f0000000-70e7f00c7000 r-xp 0000d000 08:11 7004685                    /anaconda/envs/azureml_py310_sdkv2/lib/python3.10/site-packages/pillow.libs/libfreetype-083ff72c.so.6.20.2
70e7f00c7000-70e7f00f3000 r--p 000d4000 08:11 7004685                    /anaconda/envs/azureml_py310_sdkv2/lib/python3.10/site-packages/pillow.libs/libfreetype-083ff72c.so.6.20.2
70e7f00f3000-70e7f00fa000 r--p 00100000 08:11 7004685                    /anaconda/envs/azureml_py310_sdkv2/lib/python3.10/site-packages/pillow.libs/libfreetype-083ff72c.so.6.20.2
70e7f00fa000-70e7f00fc000 rw-p 00107000 08:11 7004685                    /anaconda/envs/azureml_py310_sdkv2/lib/python3.10/site-packages/pillow.libs/libfreetype-083ff72c.so.6.20.2
70e7f00fc000-70e7f0100000 rw-p 0015a000 08:11 7004685                    /anaconda/envs/azureml_py310_sdkv2/lib/python3.10/site-packages/pillow.libs/libfreetype-083ff72c.so.6.20.2
70e7f0100000-70e7f0800000 rw-p 00000000 00:00 0 
70e7f0800000-70e7f0839000 r-xp 00000000 08:11 7004558                    /anaconda/envs/azureml_py310_sdkv2/lib/python3.10/site-packages/kiwisolver/_cext.cpython-310-x86_64-linux-gnu.so
70e7f0839000-70e7f0a38000 ---p 00039000 08:11 7004558                    /anaconda/envs/azureml_py310_sdkv2/lib/python3.10/site-packages/kiwisolver/_cext.cpython-310-x86_64-linux-gnu.so
70e7f0a38000-70e7f0a39000 r--p 00038000 08:11 7004558                    /anaconda/envs/azureml_py310_sdkv2/lib/python3.10/site-packages/kiwisolver/_cext.cpython-310-x86_64-linux-gnu.so
70e7f0a39000-70e7f0a3a000 rw-p 00039000 08:11 7004558                    /anaconda/envs/azureml_py310_sdkv2/lib/python3.10/site-packages/kiwisolver/_cext.cpython-310-x86_64-linux-gnu.so
70e7f0a3a000-70e7f0a3b000 rw-p 00000000 00:00 0 
70e7f0a45000-70e7f0a54000 r--p 00000000 08:11 7005087                    /anaconda/envs/azureml_py310_sdkv2/lib/python3.10/site-packages/matplotlib/backends/_backend_agg.cpython-310-x86_64-linux-gnu.so
70e7f0a54000-70e7f0ac2000 r-xp 0000f000 08:11 7005087                    /anaconda/envs/azureml_py310_sdkv2/lib/python3.10/site-packages/matplotlib/backends/_backend_agg.cpython-310-x86_64-linux-gnu.so
70e7f0ac2000-70e7f0ad5000 r--p 0007d000 08:11 7005087                    /anaconda/envs/azureml_py310_sdkv2/lib/python3.10/site-packages/matplotlib/backends/_backend_agg.cpython-310-x86_64-linux-gnu.so
70e7f0ad5000-70e7f0ad6000 ---p 00090000 08:11 7005087                    /anaconda/envs/azureml_py310_sdkv2/lib/python3.10/site-packages/matplotlib/backends/_backend_agg.cpython-310-x86_64-linux-gnu.so
70e7f0ad6000-70e7f0ad7000 r--p 00090000 08:11 7005087                    /anaconda/envs/azureml_py310_sdkv2/lib/python3.10/site-packages/matplotlib/backends/_backend_agg.cpython-310-x86_64-linux-gnu.so
70e7f0ad7000-70e7f0ad8000 rw-p 00091000 08:11 7005087                    /anaconda/envs/azureml_py310_sdkv2/lib/python3.10/site-packages/matplotlib/backends/_backend_agg.cpython-310-x86_64-linux-gnu.so
70e7f0ad8000-70e7f0bd9000 rw-p 00000000 00:00 0 
70e7f0bd9000-70e7f0bf2000 r--p 00000000 08:11 7004936                    /anaconda/envs/azureml_py310_sdkv2/lib/python3.10/site-packages/matplotlib/ft2font.cpython-310-x86_64-linux-gnu.so
70e7f0bf2000-70e7f0cbc000 r-xp 00019000 08:11 7004936                    /anaconda/envs/azureml_py310_sdkv2/lib/python3.10/site-packages/matplotlib/ft2font.cpython-310-x86_64-linux-gnu.so
70e7f0cbc000-70e7f0cf8000 r--p 000e3000 08:11 7004936                    /anaconda/envs/azureml_py310_sdkv2/lib/python3.10/site-packages/matplotlib/ft2font.cpython-310-x86_64-linux-gnu.so
70e7f0cf8000-70e7f0cff000 r--p 0011e000 08:11 7004936                    /anaconda/envs/azureml_py310_sdkv2/lib/python3.10/site-packages/matplotlib/ft2font.cpython-310-x86_64-linux-gnu.so
70e7f0cff000-70e7f0d00000 rw-p 00125000 08:11 7004936                    /anaconda/envs/azureml_py310_sdkv2/lib/python3.10/site-packages/matplotlib/ft2font.cpython-310-x86_64-linux-gnu.so
70e7f0d00000-70e7f0e00000 rw-p 00000000 00:00 0 
70e7f0e00000-70e7f6e00000 rw-p 00000000 00:00 0 
70e7f6e20000-70e7f6e2c000 r--p 00000000 08:11 7004686                    /anaconda/envs/azureml_py310_sdkv2/lib/python3.10/site-packages/pillow.libs/libharfbuzz-fe5b8f8d.so.0.61121.0
70e7f6e2c000-70e7f6ea9000 r-xp 0000c000 08:11 7004686                    /anaconda/envs/azureml_py310_sdkv2/lib/python3.10/site-packages/pillow.libs/libharfbuzz-fe5b8f8d.so.0.61121.0
70e7f6ea9000-70e7f6ef2000 r--p 00089000 08:11 7004686                    /anaconda/envs/azureml_py310_sdkv2/lib/python3.10/site-packages/pillow.libs/libharfbuzz-fe5b8f8d.so.0.61121.0
70e7f6ef2000-70e7f6ef3000 r--p 000d1000 08:11 7004686                    /anaconda/envs/azureml_py310_sdkv2/lib/python3.10/site-packages/pillow.libs/libharfbuzz-fe5b8f8d.so.0.61121.0
70e7f6ef3000-70e7f6ef5000 rw-p 000d2000 08:11 7004686                    /anaconda/envs/azureml_py310_sdkv2/lib/python3.10/site-packages/pillow.libs/libharfbuzz-fe5b8f8d.so.0.61121.0
70e7f6ef5000-70e7f6efe000 rw-p 000d5000 08:11 7004686                    /anaconda/envs/azureml_py310_sdkv2/lib/python3.10/site-packages/pillow.libs/libharfbuzz-fe5b8f8d.so.0.61121.0
70e7f6efe000-70e7f6ffe000 rw-p 00000000 00:00 0 
70e7f6fff000-70e7f77ff000 rw-p 00000000 00:00 0 
70e7f77ff000-70e7f7800000 ---p 00000000 00:00 0 
70e7f7800000-70e7f8000000 rw-p 00000000 00:00 0 
70e7f8000000-70e7f83ac000 rw-p 00000000 00:00 0 
70e7f83ac000-70e7fc000000 ---p 00000000 00:00 0 
70e7fc01a000-70e7fc028000 r--p 00000000 08:11 6516640                    /anaconda/envs/azureml_py310_sdkv2/lib/libxcb.so.1.1.0
70e7fc028000-70e7fc03c000 r-xp 0000e000 08:11 6516640                    /anaconda/envs/azureml_py310_sdkv2/lib/libxcb.so.1.1.0
70e7fc03c000-70e7fc045000 r--p 00022000 08:11 6516640                    /anaconda/envs/azureml_py310_sdkv2/lib/libxcb.so.1.1.0
70e7fc045000-70e7fc046000 r--p 0002a000 08:11 6516640                    /anaconda/envs/azureml_py310_sdkv2/lib/libxcb.so.1.1.0
70e7fc046000-70e7fc047000 rw-p 0002b000 08:11 6516640                    /anaconda/envs/azureml_py310_sdkv2/lib/libxcb.so.1.1.0
70e7fc047000-70e7fc04c000 r--p 00000000 08:11 7009552                    /anaconda/envs/azureml_py310_sdkv2/lib/python3.10/site-packages/wordcloud/query_integral_image.cpython-310-x86_64-linux-gnu.so
70e7fc04c000-70e7fc06d000 r-xp 00005000 08:11 7009552                    /anaconda/envs/azureml_py310_sdkv2/lib/python3.10/site-packages/wordcloud/query_integral_image.cpython-310-x86_64-linux-gnu.so
70e7fc06d000-70e7fc073000 r--p 00026000 08:11 7009552                    /anaconda/envs/azureml_py310_sdkv2/lib/python3.10/site-packages/wordcloud/query_integral_image.cpython-310-x86_64-linux-gnu.so
70e7fc073000-70e7fc074000 r--p 0002c000 08:11 7009552                    /anaconda/envs/azureml_py310_sdkv2/lib/python3.10/site-packages/wordcloud/query_integral_image.cpython-310-x86_64-linux-gnu.so
70e7fc074000-70e7fc076000 rw-p 0002d000 08:11 7009552                    /anaconda/envs/azureml_py310_sdkv2/lib/python3.10/site-packages/wordcloud/query_integral_image.cpython-310-x86_64-linux-gnu.so
70e7fc076000-70e7fc078000 r--p 00000000 08:11 4815                       /usr/lib/x86_64-linux-gnu/libfribidi.so.0.4.0
70e7fc078000-70e7fc07b000 r-xp 00002000 08:11 4815                       /usr/lib/x86_64-linux-gnu/libfribidi.so.0.4.0
70e7fc07b000-70e7fc090000 r--p 00005000 08:11 4815                       /usr/lib/x86_64-linux-gnu/libfribidi.so.0.4.0
70e7fc090000-70e7fc091000 r--p 00019000 08:11 4815                       /usr/lib/x86_64-linux-gnu/libfribidi.so.0.4.0
70e7fc091000-70e7fc092000 rw-p 0001a000 08:11 4815                       /usr/lib/x86_64-linux-gnu/libfribidi.so.0.4.0
70e7fc092000-70e7fc192000 rw-p 00000000 00:00 0 
70e7fc192000-70e7fc1a1000 r--p 00000000 08:11 7005025                    /anaconda/envs/azureml_py310_sdkv2/lib/python3.10/site-packages/matplotlib/_image.cpython-310-x86_64-linux-gnu.so
70e7fc1a1000-70e7fc1ed000 r-xp 0000f000 08:11 7005025                    /anaconda/envs/azureml_py310_sdkv2/lib/python3.10/site-packages/matplotlib/_image.cpython-310-x86_64-linux-gnu.so
70e7fc1ed000-70e7fc1fd000 r--p 0005b000 08:11 7005025                    /anaconda/envs/azureml_py310_sdkv2/lib/python3.10/site-packages/matplotlib/_image.cpython-310-x86_64-linux-gnu.so
70e7fc1fd000-70e7fc1fe000 r--p 0006a000 08:11 7005025                    /anaconda/envs/azureml_py310_sdkv2/lib/python3.10/site-packages/matplotlib/_image.cpython-310-x86_64-linux-gnu.so
70e7fc1fe000-70e7fc1ff000 rw-p 0006b000 08:11 7005025                    /anaconda/envs/azureml_py310_sdkv2/lib/python3.10/site-packages/matplotlib/_image.cpython-310-x86_64-linux-gnu.so
70e7fc1ff000-70e7fc200000 rw-p 00000000 00:00 0 
70e7fc200000-70e7fc203000 r-xp 00000000 08:11 7004681                    /anaconda/envs/azureml_py310_sdkv2/lib/python3.10/site-packages/pillow.libs/libXau-154567c4.so.6.0.0
70e7fc203000-70e7fc402000 ---p 00003000 08:11 7004681                    /anaconda/envs/azureml_py310_sdkv2/lib/python3.10/site-packages/pillow.libs/libXau-154567c4.so.6.0.0
70e7fc402000-70e7fc403000 r--p 00002000 08:11 7004681                    /anaconda/envs/azureml_py310_sdkv2/lib/python3.10/site-packages/pillow.libs/libXau-154567c4.so.6.0.0
70e7fc403000-70e7fc404000 rw-p 00000000 00:00 0 
70e7fc404000-70e7fc405000 rw-p 00005000 08:11 7004681                    /anaconda/envs/azureml_py310_sdkv2/lib/python3.10/site-packages/pillow.libs/libXau-154567c4.so.6.0.0
70e7fc410000-70e7fc411000 r--p 00000000 08:11 7004683                    /anaconda/envs/azureml_py310_sdkv2/lib/python3.10/site-packages/pillow.libs/libbrotlicommon-c55a5f7a.so.1.1.0
70e7fc411000-70e7fc412000 r-xp 00001000 08:11 7004683                    /anaconda/envs/azureml_py310_sdkv2/lib/python3.10/site-packages/pillow.libs/libbrotlicommon-c55a5f7a.so.1.1.0
70e7fc412000-70e7fc431000 r--p 00002000 08:11 7004683                    /anaconda/envs/azureml_py310_sdkv2/lib/python3.10/site-packages/pillow.libs/libbrotlicommon-c55a5f7a.so.1.1.0
70e7fc431000-70e7fc432000 r--p 00021000 08:11 7004683                    /anaconda/envs/azureml_py310_sdkv2/lib/python3.10/site-packages/pillow.libs/libbrotlicommon-c55a5f7a.so.1.1.0
70e7fc432000-70e7fc434000 rw-p 00022000 08:11 7004683                    /anaconda/envs/azureml_py310_sdkv2/lib/python3.10/site-packages/pillow.libs/libbrotlicommon-c55a5f7a.so.1.1.0
70e7fc434000-70e7fc534000 rw-p 00000000 00:00 0 
70e7fc534000-70e7fc53a000 r--p 00000000 08:11 7004687                    /anaconda/envs/azureml_py310_sdkv2/lib/python3.10/site-packages/pillow.libs/libjpeg-8a13c6e0.so.62.4.0
70e7fc53a000-70e7fc5d1000 r-xp 00006000 08:11 7004687                    /anaconda/envs/azureml_py310_sdkv2/lib/python3.10/site-packages/pillow.libs/libjpeg-8a13c6e0.so.62.4.0
70e7fc5d1000-70e7fc5fa000 r--p 0009d000 08:11 7004687                    /anaconda/envs/azureml_py310_sdkv2/lib/python3.10/site-packages/pillow.libs/libjpeg-8a13c6e0.so.62.4.0
70e7fc5fa000-70e7fc5fb000 r--p 000c6000 08:11 7004687                    /anaconda/envs/azureml_py310_sdkv2/lib/python3.10/site-packages/pillow.libs/libjpeg-8a13c6e0.so.62.4.0
70e7fc5fb000-70e7fc600000 rw-p 000c7000 08:11 7004687                    /anaconda/envs/azureml_py310_sdkv2/lib/python3.10/site-packages/pillow.libs/libjpeg-8a13c6e0.so.62.4.0
70e7fc600000-70e7fc63b000 r-xp 00000000 08:11 8001786                    /anaconda/envs/azureml_py310_sdkv2/lib/python3.10/site-packages/~umpy.libs/libquadmath-96973f99.so.0.0.0 (deleted)
70e7fc63b000-70e7fc83a000 ---p 0003b000 08:11 8001786                    /anaconda/envs/azureml_py310_sdkv2/lib/python3.10/site-packages/~umpy.libs/libquadmath-96973f99.so.0.0.0 (deleted)
70e7fc83a000-70e7fc83b000 r--p 0003a000 08:11 8001786                    /anaconda/envs/azureml_py310_sdkv2/lib/python3.10/site-packages/~umpy.libs/libquadmath-96973f99.so.0.0.0 (deleted)
70e7fc83b000-70e7fc83d000 rw-p 0003b000 08:11 8001786                    /anaconda/envs/azureml_py310_sdkv2/lib/python3.10/site-packages/~umpy.libs/libquadmath-96973f99.so.0.0.0 (deleted)
70e7fc84b000-70e7fc850000 r--p 00000000 08:11 7004691                    /anaconda/envs/azureml_py310_sdkv2/lib/python3.10/site-packages/pillow.libs/libpng16-d00bd151.so.16.49.0
70e7fc850000-70e7fc882000 r-xp 00005000 08:11 7004691                    /anaconda/envs/azureml_py310_sdkv2/lib/python3.10/site-packages/pillow.libs/libpng16-d00bd151.so.16.49.0
70e7fc882000-70e7fc88c000 r--p 00037000 08:11 7004691                    /anaconda/envs/azureml_py310_sdkv2/lib/python3.10/site-packages/pillow.libs/libpng16-d00bd151.so.16.49.0
70e7fc88c000-70e7fc88d000 r--p 00040000 08:11 7004691                    /anaconda/envs/azureml_py310_sdkv2/lib/python3.10/site-packages/pillow.libs/libpng16-d00bd151.so.16.49.0
70e7fc88d000-70e7fc890000 rw-p 00041000 08:11 7004691                    /anaconda/envs/azureml_py310_sdkv2/lib/python3.10/site-packages/pillow.libs/libpng16-d00bd151.so.16.49.0
70e7fc890000-70e7fc898000 r--p 00000000 08:11 7004693                    /anaconda/envs/azureml_py310_sdkv2/lib/python3.10/site-packages/pillow.libs/libtiff-13a02c81.so.6.1.0
70e7fc898000-70e7fc90b000 r-xp 00008000 08:11 7004693                    /anaconda/envs/azureml_py310_sdkv2/lib/python3.10/site-packages/pillow.libs/libtiff-13a02c81.so.6.1.0
70e7fc90b000-70e7fc93d000 r--p 0007b000 08:11 7004693                    /anaconda/envs/azureml_py310_sdkv2/lib/python3.10/site-packages/pillow.libs/libtiff-13a02c81.so.6.1.0
70e7fc93d000-70e7fc941000 r--p 000ad000 08:11 7004693                    /anaconda/envs/azureml_py310_sdkv2/lib/python3.10/site-packages/pillow.libs/libtiff-13a02c81.so.6.1.0
70e7fc941000-70e7fc942000 rw-p 000b1000 08:11 7004693                    /anaconda/envs/azureml_py310_sdkv2/lib/python3.10/site-packages/pillow.libs/libtiff-13a02c81.so.6.1.0
70e7fc942000-70e7fc946000 rw-p 000b3000 08:11 7004693                    /anaconda/envs/azureml_py310_sdkv2/lib/python3.10/site-packages/pillow.libs/libtiff-13a02c81.so.6.1.0
70e7fc946000-70e7fc95a000 r--p 00000000 08:11 7004659                    /anaconda/envs/azureml_py310_sdkv2/lib/python3.10/site-packages/PIL/_imaging.cpython-310-x86_64-linux-gnu.so
70e7fc95a000-70e7fc9e0000 r-xp 00014000 08:11 7004659                    /anaconda/envs/azureml_py310_sdkv2/lib/python3.10/site-packages/PIL/_imaging.cpython-310-x86_64-linux-gnu.so
70e7fc9e0000-70e7fc9f1000 r--p 0009a000 08:11 7004659                    /anaconda/envs/azureml_py310_sdkv2/lib/python3.10/site-packages/PIL/_imaging.cpython-310-x86_64-linux-gnu.so
70e7fc9f1000-70e7fc9f5000 r--p 000ab000 08:11 7004659                    /anaconda/envs/azureml_py310_sdkv2/lib/python3.10/site-packages/PIL/_imaging.cpython-310-x86_64-linux-gnu.so
70e7fc9f5000-70e7fc9f9000 rw-p 000af000 08:11 7004659                    /anaconda/envs/azureml_py310_sdkv2/lib/python3.10/site-packages/PIL/_imaging.cpython-310-x86_64-linux-gnu.so
70e7fc9f9000-70e7fca00000 rw-p 0032a000 08:11 7004659                    /anaconda/envs/azureml_py310_sdkv2/lib/python3.10/site-packages/PIL/_imaging.cpython-310-x86_64-linux-gnu.so
70e7fca00000-70e7fcc76000 r-xp 00000000 08:11 8001788                    /anaconda/envs/azureml_py310_sdkv2/lib/python3.10/site-packages/~umpy.libs/libgfortran-040039e1.so.5.0.0 (deleted)
70e7fcc76000-70e7fce75000 ---p 00276000 08:11 8001788                    /anaconda/envs/azureml_py310_sdkv2/lib/python3.10/site-packages/~umpy.libs/libgfortran-040039e1.so.5.0.0 (deleted)
70e7fce75000-70e7fce76000 r--p 00275000 08:11 8001788                    /anaconda/envs/azureml_py310_sdkv2/lib/python3.10/site-packages/~umpy.libs/libgfortran-040039e1.so.5.0.0 (deleted)
70e7fce76000-70e7fce78000 rw-p 00276000 08:11 8001788                    /anaconda/envs/azureml_py310_sdkv2/lib/python3.10/site-packages/~umpy.libs/libgfortran-040039e1.so.5.0.0 (deleted)
70e7fce78000-70e7fce8d000 rw-p 0027b000 08:11 8001788                    /anaconda/envs/azureml_py310_sdkv2/lib/python3.10/site-packages/~umpy.libs/libgfortran-040039e1.so.5.0.0 (deleted)
70e7fcea1000-70e7fceb0000 r--p 00000000 08:11 7004967                    /anaconda/envs/azureml_py310_sdkv2/lib/python3.10/site-packages/matplotlib/_path.cpython-310-x86_64-linux-gnu.so
70e7fceb0000-70e7fceed000 r-xp 0000f000 08:11 7004967                    /anaconda/envs/azureml_py310_sdkv2/lib/python3.10/site-packages/matplotlib/_path.cpython-310-x86_64-linux-gnu.so
70e7fceed000-70e7fcefc000 r--p 0004c000 08:11 7004967                    /anaconda/envs/azureml_py310_sdkv2/lib/python3.10/site-packages/matplotlib/_path.cpython-310-x86_64-linux-gnu.so
70e7fcefc000-70e7fcefd000 ---p 0005b000 08:11 7004967                    /anaconda/envs/azureml_py310_sdkv2/lib/python3.10/site-packages/matplotlib/_path.cpython-310-x86_64-linux-gnu.so
70e7fcefd000-70e7fcefe000 r--p 0005b000 08:11 7004967                    /anaconda/envs/azureml_py310_sdkv2/lib/python3.10/site-packages/matplotlib/_path.cpython-310-x86_64-linux-gnu.so
70e7fcefe000-70e7fceff000 rw-p 0005c000 08:11 7004967                    /anaconda/envs/azureml_py310_sdkv2/lib/python3.10/site-packages/matplotlib/_path.cpython-310-x86_64-linux-gnu.so
70e7fceff000-70e7fd000000 rw-p 00000000 00:00 0 
70e7fd000000-70e7fed99000 r-xp 00000000 08:11 8001787                    /anaconda/envs/azureml_py310_sdkv2/lib/python3.10/site-packages/~umpy.libs/libopenblas64_p-r0-742d56dc.3.20.so (deleted)
70e7fed99000-70e7fef98000 ---p 01d99000 08:11 8001787                    /anaconda/envs/azureml_py310_sdkv2/lib/python3.10/site-packages/~umpy.libs/libopenblas64_p-r0-742d56dc.3.20.so (deleted)
70e7fef98000-70e7fef9e000 r--p 01d98000 08:11 8001787                    /anaconda/envs/azureml_py310_sdkv2/lib/python3.10/site-packages/~umpy.libs/libopenblas64_p-r0-742d56dc.3.20.so (deleted)
70e7fef9e000-70e7fefb7000 rw-p 01d9e000 08:11 8001787                    /anaconda/envs/azureml_py310_sdkv2/lib/python3.10/site-packages/~umpy.libs/libopenblas64_p-r0-742d56dc.3.20.so (deleted)
70e7fefb7000-70e7fefc4000 rw-p 00000000 00:00 0 
70e7fefc4000-70e7ff066000 rw-p 01eb9000 08:11 8001787                    /anaconda/envs/azureml_py310_sdkv2/lib/python3.10/site-packages/~umpy.libs/libopenblas64_p-r0-742d56dc.3.20.so (deleted)
70e7ff071000-70e7ff079000 r--p 00000000 08:11 7004690                    /anaconda/envs/azureml_py310_sdkv2/lib/python3.10/site-packages/pillow.libs/libopenjp2-56811f71.so.2.5.3
70e7ff079000-70e7ff0e8000 r-xp 00008000 08:11 7004690                    /anaconda/envs/azureml_py310_sdkv2/lib/python3.10/site-packages/pillow.libs/libopenjp2-56811f71.so.2.5.3
70e7ff0e8000-70e7ff0fb000 r--p 00077000 08:11 7004690                    /anaconda/envs/azureml_py310_sdkv2/lib/python3.10/site-packages/pillow.libs/libopenjp2-56811f71.so.2.5.3
70e7ff0fb000-70e7ff0fc000 r--p 0008a000 08:11 7004690                    /anaconda/envs/azureml_py310_sdkv2/lib/python3.10/site-packages/pillow.libs/libopenjp2-56811f71.so.2.5.3
70e7ff0fc000-70e7ff0fd000 rw-p 0008b000 08:11 7004690                    /anaconda/envs/azureml_py310_sdkv2/lib/python3.10/site-packages/pillow.libs/libopenjp2-56811f71.so.2.5.3
70e7ff0fd000-70e7ff100000 rw-p 0008d000 08:11 7004690                    /anaconda/envs/azureml_py310_sdkv2/lib/python3.10/site-packages/pillow.libs/libopenjp2-56811f71.so.2.5.3
70e7ff100000-70e7ff200000 rw-p 00000000 00:00 0 
70e7ff200000-70e7ff228000 r--p 00000000 08:11 8014470                    /anaconda/envs/azureml_py310_sdkv2/lib/python3.10/site-packages/~umpy/core/_multiarray_umath.cpython-310-x86_64-linux-gnu.so (deleted)
70e7ff228000-70e7ff622000 r-xp 00028000 08:11 8014470                    /anaconda/envs/azureml_py310_sdkv2/lib/python3.10/site-packages/~umpy/core/_multiarray_umath.cpython-310-x86_64-linux-gnu.so (deleted)
70e7ff622000-70e7ff72a000 r--p 00422000 08:11 8014470                    /anaconda/envs/azureml_py310_sdkv2/lib/python3.10/site-packages/~umpy/core/_multiarray_umath.cpython-310-x86_64-linux-gnu.so (deleted)
70e7ff72a000-70e7ff72b000 ---p 0052a000 08:11 8014470                    /anaconda/envs/azureml_py310_sdkv2/lib/python3.10/site-packages/~umpy/core/_multiarray_umath.cpython-310-x86_64-linux-gnu.so (deleted)
70e7ff72b000-70e7ff72d000 r--p 0052a000 08:11 8014470                    /anaconda/envs/azureml_py310_sdkv2/lib/python3.10/site-packages/~umpy/core/_multiarray_umath.cpython-310-x86_64-linux-gnu.so (deleted)
70e7ff72d000-70e7ff74f000 rw-p 0052c000 08:11 8014470                    /anaconda/envs/azureml_py310_sdkv2/lib/python3.10/site-packages/~umpy/core/_multiarray_umath.cpython-310-x86_64-linux-gnu.so (deleted)
70e7ff74f000-70e7ff770000 rw-p 00000000 00:00 0 
70e7ff770000-70e7ff777000 rw-p 005a9000 08:11 8014470                    /anaconda/envs/azureml_py310_sdkv2/lib/python3.10/site-packages/~umpy/core/_multiarray_umath.cpython-310-x86_64-linux-gnu.so (deleted)
70e7ff77f000-70e7ff783000 r--p 00000000 08:11 7004689                    /anaconda/envs/azureml_py310_sdkv2/lib/python3.10/site-packages/pillow.libs/liblzma-64b7ab39.so.5.8.1
70e7ff783000-70e7ff7b0000 r-xp 00004000 08:11 7004689                    /anaconda/envs/azureml_py310_sdkv2/lib/python3.10/site-packages/pillow.libs/liblzma-64b7ab39.so.5.8.1
70e7ff7b0000-70e7ff7bd000 r--p 00031000 08:11 7004689                    /anaconda/envs/azureml_py310_sdkv2/lib/python3.10/site-packages/pillow.libs/liblzma-64b7ab39.so.5.8.1
70e7ff7bd000-70e7ff7be000 r--p 0003e000 08:11 7004689                    /anaconda/envs/azureml_py310_sdkv2/lib/python3.10/site-packages/pillow.libs/liblzma-64b7ab39.so.5.8.1
70e7ff7be000-70e7ff7c1000 rw-p 0003f000 08:11 7004689                    /anaconda/envs/azureml_py310_sdkv2/lib/python3.10/site-packages/pillow.libs/liblzma-64b7ab39.so.5.8.1
70e7ff7c1000-70e7ff7cd000 r--p 00000000 08:11 7004697                    /anaconda/envs/azureml_py310_sdkv2/lib/python3.10/site-packages/pillow.libs/libxcb-64009ff3.so.1.1.0
70e7ff7cd000-70e7ff7e8000 r-xp 0000c000 08:11 7004697                    /anaconda/envs/azureml_py310_sdkv2/lib/python3.10/site-packages/pillow.libs/libxcb-64009ff3.so.1.1.0
70e7ff7e8000-70e7ff7f2000 r--p 00027000 08:11 7004697                    /anaconda/envs/azureml_py310_sdkv2/lib/python3.10/site-packages/pillow.libs/libxcb-64009ff3.so.1.1.0
70e7ff7f2000-70e7ff7f3000 r--p 00030000 08:11 7004697                    /anaconda/envs/azureml_py310_sdkv2/lib/python3.10/site-packages/pillow.libs/libxcb-64009ff3.so.1.1.0
70e7ff7f3000-70e7ff7f4000 rw-p 00031000 08:11 7004697                    /anaconda/envs/azureml_py310_sdkv2/lib/python3.10/site-packages/pillow.libs/libxcb-64009ff3.so.1.1.0
70e7ff7f4000-70e7ff7ff000 rw-p 00033000 08:11 7004697                    /anaconda/envs/azureml_py310_sdkv2/lib/python3.10/site-packages/pillow.libs/libxcb-64009ff3.so.1.1.0
70e7ff7ff000-70e7ff800000 ---p 00000000 00:00 0 
70e7ff800000-70e7ff804000 ---p 00000000 00:00 0 
70e7ff804000-70e800000000 rw-p 00000000 00:00 0 
70e800000000-70e800178000 rw-p 00000000 00:00 0 
70e800178000-70e804000000 ---p 00000000 00:00 0 
70e804000000-70e8052eb000 rw-p 00000000 00:00 0 
70e8052eb000-70e808000000 ---p 00000000 00:00 0 
70e808000000-70e808ffe000 rw-p 00000000 00:00 0 
70e808ffe000-70e80c000000 ---p 00000000 00:00 0 
70e80c000000-70e80c15c000 rw-p 00000000 00:00 0 
70e80c15c000-70e810000000 ---p 00000000 00:00 0 
70e810000000-70e810146000 rw-p 00000000 00:00 0 
70e810146000-70e814000000 ---p 00000000 00:00 0 
70e814000000-70e814150000 rw-p 00000000 00:00 0 
70e814150000-70e818000000 ---p 00000000 00:00 0 
70e818000000-70e818314000 rw-p 00000000 00:00 0 
70e818314000-70e81c000000 ---p 00000000 00:00 0 
70e81c000000-70e81c143000 rw-p 00000000 00:00 0 
70e81c143000-70e820000000 ---p 00000000 00:00 0 
70e820000000-70e822a38000 rw-p 00000000 00:00 0 
70e822a38000-70e824000000 ---p 00000000 00:00 0 
70e824000000-70e8249fc000 rw-p 00000000 00:00 0 
70e8249fc000-70e828000000 ---p 00000000 00:00 0 
70e828000000-70e828136000 rw-p 00000000 00:00 0 
70e828136000-70e82c000000 ---p 00000000 00:00 0 
70e82c000000-70e82c12b000 rw-p 00000000 00:00 0 
70e82c12b000-70e830000000 ---p 00000000 00:00 0 
70e830000000-70e830117000 rw-p 00000000 00:00 0 
70e830117000-70e834000000 ---p 00000000 00:00 0 
70e834000000-70e83411f000 rw-p 00000000 00:00 0 
70e83411f000-70e838000000 ---p 00000000 00:00 0 
70e838000000-70e83812f000 rw-p 00000000 00:00 0 
70e83812f000-70e83c000000 ---p 00000000 00:00 0 
70e83c000000-70e83cd0e000 rw-p 00000000 00:00 0 
70e83cd0e000-70e840000000 ---p 00000000 00:00 0 
70e840000000-70e84034b000 rw-p 00000000 00:00 0 
70e84034b000-70e844000000 ---p 00000000 00:00 0 
70e844000000-70e84411a000 rw-p 00000000 00:00 0 
70e84411a000-70e848000000 ---p 00000000 00:00 0 
70e848000000-70e848b00000 rw-p 00000000 00:00 0 
70e848b00000-70e848c00000 ---p 00000000 00:00 0 
70e848c00000-70e848e00000 rw-p 00000000 00:00 0 
70e848e18000-70e848e28000 r--p 00000000 08:11 8013955                    /anaconda/envs/azureml_py310_sdkv2/lib/python3.10/site-packages/~umpy/random/_generator.cpython-310-x86_64-linux-gnu.so (deleted)
70e848e28000-70e848e9e000 r-xp 00010000 08:11 8013955                    /anaconda/envs/azureml_py310_sdkv2/lib/python3.10/site-packages/~umpy/random/_generator.cpython-310-x86_64-linux-gnu.so (deleted)
70e848e9e000-70e848ed0000 r--p 00086000 08:11 8013955                    /anaconda/envs/azureml_py310_sdkv2/lib/python3.10/site-packages/~umpy/random/_generator.cpython-310-x86_64-linux-gnu.so (deleted)
70e848ed0000-70e848ed1000 ---p 000b8000 08:11 8013955                    /anaconda/envs/azureml_py310_sdkv2/lib/python3.10/site-packages/~umpy/random/_generator.cpython-310-x86_64-linux-gnu.so (deleted)
70e848ed1000-70e848ed2000 r--p 000b8000 08:11 8013955                    /anaconda/envs/azureml_py310_sdkv2/lib/python3.10/site-packages/~umpy/random/_generator.cpython-310-x86_64-linux-gnu.so (deleted)
70e848ed2000-70e848ef9000 rw-p 000b9000 08:11 8013955                    /anaconda/envs/azureml_py310_sdkv2/lib/python3.10/site-packages/~umpy/random/_generator.cpython-310-x86_64-linux-gnu.so (deleted)
70e848ef9000-70e848efb000 rw-p 00000000 00:00 0 
70e848efb000-70e848efc000 ---p 00000000 00:00 0 
70e848efc000-70e848ffc000 rw-p 00000000 00:00 0 
70e848ffc000-70e8490fc000 rw-p 00000000 00:00 0 
70e8490fc000-70e8490fd000 ---p 00000000 00:00 0 
70e8490fd000-70e8491fd000 rw-p 00000000 00:00 0 
70e8491fd000-70e8491fe000 ---p 00000000 00:00 0 
70e8491fe000-70e8492fe000 rw-p 00000000 00:00 0 
70e8492fe000-70e8492ff000 ---p 00000000 00:00 0 
70e8492ff000-70e8493ff000 rw-p 00000000 00:00 0 
70e8493ff000-70e849403000 ---p 00000000 00:00 0 
70e849403000-70e8494ff000 rw-p 00000000 00:00 0 
70e8494ff000-70e849503000 ---p 00000000 00:00 0 
70e849503000-70e8495ff000 rw-p 00000000 00:00 0 
70e8495ff000-70e849600000 ---p 00000000 00:00 0 
70e849600000-70e849700000 rw-p 00000000 00:00 0 
70e849700000-70e849704000 ---p 00000000 00:00 0 
70e849704000-70e849800000 rw-p 00000000 00:00 0 
70e849800000-70e84c000000 rw-p 00000000 00:00 0 
70e84c000000-70e84c118000 rw-p 00000000 00:00 0 
70e84c118000-70e850000000 ---p 00000000 00:00 0 
70e850007000-70e850009000 r--p 00000000 08:11 4936039                    /anaconda/envs/azureml_py310_sdkv2/lib/libXdmcp.so.6.0.0
70e850009000-70e85000b000 r-xp 00002000 08:11 4936039                    /anaconda/envs/azureml_py310_sdkv2/lib/libXdmcp.so.6.0.0
70e85000b000-70e85000d000 r--p 00004000 08:11 4936039                    /anaconda/envs/azureml_py310_sdkv2/lib/libXdmcp.so.6.0.0
70e85000d000-70e85000e000 r--p 00005000 08:11 4936039                    /anaconda/envs/azureml_py310_sdkv2/lib/libXdmcp.so.6.0.0
70e85000e000-70e85000f000 rw-p 00006000 08:11 4936039                    /anaconda/envs/azureml_py310_sdkv2/lib/libXdmcp.so.6.0.0
70e85001f000-70e850020000 r--p 00000000 08:11 7004684                    /anaconda/envs/azureml_py310_sdkv2/lib/python3.10/site-packages/pillow.libs/libbrotlidec-2ced2f3a.so.1.1.0
70e850020000-70e850029000 r-xp 00001000 08:11 7004684                    /anaconda/envs/azureml_py310_sdkv2/lib/python3.10/site-packages/pillow.libs/libbrotlidec-2ced2f3a.so.1.1.0
70e850029000-70e85002c000 r--p 0000a000 08:11 7004684                    /anaconda/envs/azureml_py310_sdkv2/lib/python3.10/site-packages/pillow.libs/libbrotlidec-2ced2f3a.so.1.1.0
70e85002c000-70e85002d000 r--p 0000c000 08:11 7004684                    /anaconda/envs/azureml_py310_sdkv2/lib/python3.10/site-packages/pillow.libs/libbrotlidec-2ced2f3a.so.1.1.0
70e85002d000-70e850030000 rw-p 0000d000 08:11 7004684                    /anaconda/envs/azureml_py310_sdkv2/lib/python3.10/site-packages/pillow.libs/libbrotlidec-2ced2f3a.so.1.1.0
70e850030000-70e85003d000 r--p 00000000 08:11 7004932                    /anaconda/envs/azureml_py310_sdkv2/lib/python3.10/site-packages/matplotlib/_c_internal_utils.cpython-310-x86_64-linux-gnu.so
70e85003d000-70e850054000 r-xp 0000d000 08:11 7004932                    /anaconda/envs/azureml_py310_sdkv2/lib/python3.10/site-packages/matplotlib/_c_internal_utils.cpython-310-x86_64-linux-gnu.so
70e850054000-70e85005c000 r--p 00024000 08:11 7004932                    /anaconda/envs/azureml_py310_sdkv2/lib/python3.10/site-packages/matplotlib/_c_internal_utils.cpython-310-x86_64-linux-gnu.so
70e85005c000-70e85005d000 ---p 0002c000 08:11 7004932                    /anaconda/envs/azureml_py310_sdkv2/lib/python3.10/site-packages/matplotlib/_c_internal_utils.cpython-310-x86_64-linux-gnu.so
70e85005d000-70e85005e000 r--p 0002c000 08:11 7004932                    /anaconda/envs/azureml_py310_sdkv2/lib/python3.10/site-packages/matplotlib/_c_internal_utils.cpython-310-x86_64-linux-gnu.so
70e85005e000-70e85005f000 rw-p 0002d000 08:11 7004932                    /anaconda/envs/azureml_py310_sdkv2/lib/python3.10/site-packages/matplotlib/_c_internal_utils.cpython-310-x86_64-linux-gnu.so
70e85005f000-70e850067000 r--p 00000000 08:11 8013954                    /anaconda/envs/azureml_py310_sdkv2/lib/python3.10/site-packages/~umpy/random/_bounded_integers.cpython-310-x86_64-linux-gnu.so (deleted)
70e850067000-70e8500ad000 r-xp 00008000 08:11 8013954                    /anaconda/envs/azureml_py310_sdkv2/lib/python3.10/site-packages/~umpy/random/_bounded_integers.cpython-310-x86_64-linux-gnu.so (deleted)
70e8500ad000-70e8500b7000 r--p 0004e000 08:11 8013954                    /anaconda/envs/azureml_py310_sdkv2/lib/python3.10/site-packages/~umpy/random/_bounded_integers.cpython-310-x86_64-linux-gnu.so (deleted)
70e8500b7000-70e8500b8000 r--p 00057000 08:11 8013954                    /anaconda/envs/azureml_py310_sdkv2/lib/python3.10/site-packages/~umpy/random/_bounded_integers.cpython-310-x86_64-linux-gnu.so (deleted)
70e8500b8000-70e8500ba000 rw-p 00058000 08:11 8013954                    /anaconda/envs/azureml_py310_sdkv2/lib/python3.10/site-packages/~umpy/random/_bounded_integers.cpython-310-x86_64-linux-gnu.so (deleted)
70e8500ba000-70e8500bb000 rw-p 00000000 00:00 0 
70e8500bb000-70e8500c0000 r--p 00000000 08:11 8013941                    /anaconda/envs/azureml_py310_sdkv2/lib/python3.10/site-packages/~umpy/random/_common.cpython-310-x86_64-linux-gnu.so (deleted)
70e8500c0000-70e8500f3000 r-xp 00005000 08:11 8013941                    /anaconda/envs/azureml_py310_sdkv2/lib/python3.10/site-packages/~umpy/random/_common.cpython-310-x86_64-linux-gnu.so (deleted)
70e8500f3000-70e8500f7000 r--p 00038000 08:11 8013941                    /anaconda/envs/azureml_py310_sdkv2/lib/python3.10/site-packages/~umpy/random/_common.cpython-310-x86_64-linux-gnu.so (deleted)
70e8500f7000-70e8500f8000 r--p 0003b000 08:11 8013941                    /anaconda/envs/azureml_py310_sdkv2/lib/python3.10/site-packages/~umpy/random/_common.cpython-310-x86_64-linux-gnu.so (deleted)
70e8500f8000-70e8500fa000 rw-p 0003c000 08:11 8013941                    /anaconda/envs/azureml_py310_sdkv2/lib/python3.10/site-packages/~umpy/random/_common.cpython-310-x86_64-linux-gnu.so (deleted)
70e8500fa000-70e8500fb000 rw-p 00000000 00:00 0 
70e8500fb000-70e8500ff000 ---p 00000000 00:00 0 
70e8500ff000-70e8501fb000 rw-p 00000000 00:00 0 
70e8501fb000-70e8501ff000 ---p 00000000 00:00 0 
70e8501ff000-70e8502fb000 rw-p 00000000 00:00 0 
70e8502fb000-70e8502ff000 ---p 00000000 00:00 0 
70e8502ff000-70e8503fb000 rw-p 00000000 00:00 0 
70e8503fb000-70e8503ff000 ---p 00000000 00:00 0 
70e8503ff000-70e8504fb000 rw-p 00000000 00:00 0 
70e8504fb000-70e8504ff000 ---p 00000000 00:00 0 
70e8504ff000-70e8505fb000 rw-p 00000000 00:00 0 
70e8505fb000-70e8505ff000 ---p 00000000 00:00 0 
70e8505ff000-70e8506fb000 rw-p 00000000 00:00 0 
70e8506fb000-70e8506fc000 ---p 00000000 00:00 0 
70e8506fc000-70e8507fc000 rw-p 00000000 00:00 0 
70e8507fc000-70e8507fd000 ---p 00000000 00:00 0 
70e8507fd000-70e8508fd000 rw-p 00000000 00:00 0 
70e8508fd000-70e8508fe000 ---p 00000000 00:00 0 
70e8508fe000-70e8509fe000 rw-p 00000000 00:00 0 
70e8509fe000-70e8509ff000 ---p 00000000 00:00 0 
70e8509ff000-70e850aff000 rw-p 00000000 00:00 0 
70e850aff000-70e850b00000 ---p 00000000 00:00 0 
70e850b00000-70e850c00000 rw-p 00000000 00:00 0 
70e850c00000-70e851024000 rw-p 00000000 00:00 0 
70e851024000-70e851be0000 ---p 00000000 00:00 0 
70e851be0000-70e851be4000 rw-p 00000000 00:00 0 
70e851be4000-70e851bf0000 ---p 00000000 00:00 0 
70e851bf0000-70e851bf4000 rw-p 00000000 00:00 0 
70e851bf4000-70e851c00000 ---p 00000000 00:00 0 
70e851c00000-70e852024000 rw-p 00000000 00:00 0 
70e852024000-70e852be0000 ---p 00000000 00:00 0 
70e852be0000-70e852be4000 rw-p 00000000 00:00 0 
70e852be4000-70e852bf0000 ---p 00000000 00:00 0 
70e852bf0000-70e852bf4000 rw-p 00000000 00:00 0 
70e852bf4000-70e852c00000 ---p 00000000 00:00 0 
70e852c00000-70e852c85000 rw-p 00000000 00:00 0 
70e852c85000-70e852dfc000 ---p 00000000 00:00 0 
70e852dfc000-70e852dfd000 rw-p 00000000 00:00 0 
70e852dfd000-70e852dfe000 ---p 00000000 00:00 0 
70e852dfe000-70e852dff000 rw-p 00000000 00:00 0 
70e852dff000-70e852e00000 ---p 00000000 00:00 0 
70e852e00000-70e852e85000 rw-p 00000000 00:00 0 
70e852e85000-70e852ffc000 ---p 00000000 00:00 0 
70e852ffc000-70e852ffd000 rw-p 00000000 00:00 0 
70e852ffd000-70e852ffe000 ---p 00000000 00:00 0 
70e852ffe000-70e852fff000 rw-p 00000000 00:00 0 
70e852fff000-70e853000000 ---p 00000000 00:00 0 
70e853000000-70e853085000 rw-p 00000000 00:00 0 
70e853085000-70e8531fc000 ---p 00000000 00:00 0 
70e8531fc000-70e8531fd000 rw-p 00000000 00:00 0 
70e8531fd000-70e8531fe000 ---p 00000000 00:00 0 
70e8531fe000-70e8531ff000 rw-p 00000000 00:00 0 
70e8531ff000-70e853200000 ---p 00000000 00:00 0 
70e853200000-70e853470000 rwxp 00000000 00:00 0 
70e853470000-70e853790000 ---p 00000000 00:00 0 
70e853790000-70e853f40000 rwxp 00000000 00:00 0 
70e853f40000-70e85acc8000 ---p 00000000 00:00 0 
70e85acc8000-70e85aff8000 rwxp 00000000 00:00 0 
70e85aff8000-70e862200000 ---p 00000000 00:00 0 
70e862200000-70e86aa41000 r--s 00000000 08:11 1032500                    /usr/lib/jvm/java-11-openjdk-amd64/lib/modules
70e86aa41000-70e86aa43000 r--p 00000000 08:11 7004665                    /anaconda/envs/azureml_py310_sdkv2/lib/python3.10/site-packages/PIL/_imagingmath.cpython-310-x86_64-linux-gnu.so
70e86aa43000-70e86aa48000 r-xp 00002000 08:11 7004665                    /anaconda/envs/azureml_py310_sdkv2/lib/python3.10/site-packages/PIL/_imagingmath.cpython-310-x86_64-linux-gnu.so
70e86aa48000-70e86aa49000 r--p 00007000 08:11 7004665                    /anaconda/envs/azureml_py310_sdkv2/lib/python3.10/site-packages/PIL/_imagingmath.cpython-310-x86_64-linux-gnu.so
70e86aa49000-70e86aa4a000 r--p 00008000 08:11 7004665                    /anaconda/envs/azureml_py310_sdkv2/lib/python3.10/site-packages/PIL/_imagingmath.cpython-310-x86_64-linux-gnu.so
70e86aa4a000-70e86aa4b000 rw-p 00009000 08:11 7004665                    /anaconda/envs/azureml_py310_sdkv2/lib/python3.10/site-packages/PIL/_imagingmath.cpython-310-x86_64-linux-gnu.so
70e86aa4b000-70e86aa5a000 r--p 00000000 08:11 8013949                    /anaconda/envs/azureml_py310_sdkv2/lib/python3.10/site-packages/~umpy/random/mtrand.cpython-310-x86_64-linux-gnu.so (deleted)
70e86aa5a000-70e86aaa7000 r-xp 0000f000 08:11 8013949                    /anaconda/envs/azureml_py310_sdkv2/lib/python3.10/site-packages/~umpy/random/mtrand.cpython-310-x86_64-linux-gnu.so (deleted)
70e86aaa7000-70e86aad5000 r--p 0005c000 08:11 8013949                    /anaconda/envs/azureml_py310_sdkv2/lib/python3.10/site-packages/~umpy/random/mtrand.cpython-310-x86_64-linux-gnu.so (deleted)
70e86aad5000-70e86aad6000 r--p 00089000 08:11 8013949                    /anaconda/envs/azureml_py310_sdkv2/lib/python3.10/site-packages/~umpy/random/mtrand.cpython-310-x86_64-linux-gnu.so (deleted)
70e86aad6000-70e86aafd000 rw-p 0008a000 08:11 8013949                    /anaconda/envs/azureml_py310_sdkv2/lib/python3.10/site-packages/~umpy/random/mtrand.cpython-310-x86_64-linux-gnu.so (deleted)
70e86aafd000-70e86aaff000 rw-p 00000000 00:00 0 
70e86aaff000-70e86ab00000 ---p 00000000 00:00 0 
70e86ab00000-70e86ac00000 rw-p 00000000 00:00 0 
70e86ac00000-70e86ae83000 r--p 00000000 08:11 1032505                    /usr/lib/jvm/java-11-openjdk-amd64/lib/server/libjvm.so
70e86ae83000-70e86bb2e000 r-xp 00283000 08:11 1032505                    /usr/lib/jvm/java-11-openjdk-amd64/lib/server/libjvm.so
70e86bb2e000-70e86bd8a000 r--p 00f2e000 08:11 1032505                    /usr/lib/jvm/java-11-openjdk-amd64/lib/server/libjvm.so
70e86bd8a000-70e86be4e000 r--p 01189000 08:11 1032505                    /usr/lib/jvm/java-11-openjdk-amd64/lib/server/libjvm.so
70e86be4e000-70e86be89000 rw-p 0124d000 08:11 1032505                    /usr/lib/jvm/java-11-openjdk-amd64/lib/server/libjvm.so
70e86be89000-70e86bee0000 rw-p 00000000 00:00 0 
70e86bee5000-70e86bee9000 r--p 00000000 08:11 8013948                    /anaconda/envs/azureml_py310_sdkv2/lib/python3.10/site-packages/~umpy/random/_pcg64.cpython-310-x86_64-linux-gnu.so (deleted)
70e86bee9000-70e86bef7000 r-xp 00004000 08:11 8013948                    /anaconda/envs/azureml_py310_sdkv2/lib/python3.10/site-packages/~umpy/random/_pcg64.cpython-310-x86_64-linux-gnu.so (deleted)
70e86bef7000-70e86befb000 r--p 00012000 08:11 8013948                    /anaconda/envs/azureml_py310_sdkv2/lib/python3.10/site-packages/~umpy/random/_pcg64.cpython-310-x86_64-linux-gnu.so (deleted)
70e86befb000-70e86befc000 r--p 00015000 08:11 8013948                    /anaconda/envs/azureml_py310_sdkv2/lib/python3.10/site-packages/~umpy/random/_pcg64.cpython-310-x86_64-linux-gnu.so (deleted)
70e86befc000-70e86beff000 rw-p 00016000 08:11 8013948                    /anaconda/envs/azureml_py310_sdkv2/lib/python3.10/site-packages/~umpy/random/_pcg64.cpython-310-x86_64-linux-gnu.so (deleted)
70e86beff000-70e86bf02000 r--p 00000000 08:11 8013945                    /anaconda/envs/azureml_py310_sdkv2/lib/python3.10/site-packages/~umpy/random/_philox.cpython-310-x86_64-linux-gnu.so (deleted)
70e86bf02000-70e86bf0e000 r-xp 00003000 08:11 8013945                    /anaconda/envs/azureml_py310_sdkv2/lib/python3.10/site-packages/~umpy/random/_philox.cpython-310-x86_64-linux-gnu.so (deleted)
70e86bf0e000-70e86bf11000 r--p 0000f000 08:11 8013945                    /anaconda/envs/azureml_py310_sdkv2/lib/python3.10/site-packages/~umpy/random/_philox.cpython-310-x86_64-linux-gnu.so (deleted)
70e86bf11000-70e86bf12000 ---p 00012000 08:11 8013945                    /anaconda/envs/azureml_py310_sdkv2/lib/python3.10/site-packages/~umpy/random/_philox.cpython-310-x86_64-linux-gnu.so (deleted)
70e86bf12000-70e86bf13000 r--p 00012000 08:11 8013945                    /anaconda/envs/azureml_py310_sdkv2/lib/python3.10/site-packages/~umpy/random/_philox.cpython-310-x86_64-linux-gnu.so (deleted)
70e86bf13000-70e86bf15000 rw-p 00013000 08:11 8013945                    /anaconda/envs/azureml_py310_sdkv2/lib/python3.10/site-packages/~umpy/random/_philox.cpython-310-x86_64-linux-gnu.so (deleted)
70e86bf15000-70e86bf1c000 rw-p 00000000 00:00 0 
70e86bf1c000-70e86c000000 ---p 00000000 00:00 0 
70e86c000000-70e86c20a000 rw-p 00000000 00:00 0 
70e86c20a000-70e870000000 ---p 00000000 00:00 0 
70e870000000-70e8701d9000 rw-p 00000000 00:00 0 
70e8701d9000-70e874000000 ---p 00000000 00:00 0 
70e874000000-70e874113000 rw-p 00000000 00:00 0 
70e874113000-70e878000000 ---p 00000000 00:00 0 
70e878000000-70e878004000 r--p 00000000 08:11 7004663                    /anaconda/envs/azureml_py310_sdkv2/lib/python3.10/site-packages/PIL/_imagingft.cpython-310-x86_64-linux-gnu.so
70e878004000-70e87800d000 r-xp 00004000 08:11 7004663                    /anaconda/envs/azureml_py310_sdkv2/lib/python3.10/site-packages/PIL/_imagingft.cpython-310-x86_64-linux-gnu.so
70e87800d000-70e87800f000 r--p 0000d000 08:11 7004663                    /anaconda/envs/azureml_py310_sdkv2/lib/python3.10/site-packages/PIL/_imagingft.cpython-310-x86_64-linux-gnu.so
70e87800f000-70e878010000 r--p 0000f000 08:11 7004663                    /anaconda/envs/azureml_py310_sdkv2/lib/python3.10/site-packages/PIL/_imagingft.cpython-310-x86_64-linux-gnu.so
70e878010000-70e878011000 rw-p 00010000 08:11 7004663                    /anaconda/envs/azureml_py310_sdkv2/lib/python3.10/site-packages/PIL/_imagingft.cpython-310-x86_64-linux-gnu.so
70e878011000-70e878013000 rw-p 00047000 08:11 7004663                    /anaconda/envs/azureml_py310_sdkv2/lib/python3.10/site-packages/PIL/_imagingft.cpython-310-x86_64-linux-gnu.so
70e878013000-70e878023000 rw-p 00000000 00:00 0 
70e878023000-70e8780fe000 ---p 00000000 00:00 0 
70e8780fe000-70e8783fe000 rw-p 00000000 00:00 0 
70e8783fe000-70e8783ff000 ---p 00000000 00:00 0 
70e8783ff000-70e878403000 ---p 00000000 00:00 0 
70e878403000-70e878bff000 rw-p 00000000 00:00 0 
70e878bff000-70e8798ff000 rw-p 00000000 00:00 0 
70e8798ff000-70e879900000 ---p 00000000 00:00 0 
70e879900000-70e87a100000 rw-p 00000000 00:00 0 
70e87a100000-70e87b000000 rw-p 00000000 00:00 0 
70e87b000000-70e87b077000 r-xp 00000000 08:11 6988642                    /anaconda/envs/azureml_py310_sdkv2/lib/python3.10/site-packages/nacl/_sodium.abi3.so
70e87b077000-70e87b276000 ---p 00077000 08:11 6988642                    /anaconda/envs/azureml_py310_sdkv2/lib/python3.10/site-packages/nacl/_sodium.abi3.so
70e87b276000-70e87b278000 r--p 00076000 08:11 6988642                    /anaconda/envs/azureml_py310_sdkv2/lib/python3.10/site-packages/nacl/_sodium.abi3.so
70e87b278000-70e87b27a000 rw-p 00078000 08:11 6988642                    /anaconda/envs/azureml_py310_sdkv2/lib/python3.10/site-packages/nacl/_sodium.abi3.so
70e87b281000-70e87b285000 r--p 00000000 08:11 8013935                    /anaconda/envs/azureml_py310_sdkv2/lib/python3.10/site-packages/~umpy/random/_mt19937.cpython-310-x86_64-linux-gnu.so (deleted)
70e87b285000-70e87b293000 r-xp 00004000 08:11 8013935                    /anaconda/envs/azureml_py310_sdkv2/lib/python3.10/site-packages/~umpy/random/_mt19937.cpython-310-x86_64-linux-gnu.so (deleted)
70e87b293000-70e87b297000 r--p 00012000 08:11 8013935                    /anaconda/envs/azureml_py310_sdkv2/lib/python3.10/site-packages/~umpy/random/_mt19937.cpython-310-x86_64-linux-gnu.so (deleted)
70e87b297000-70e87b298000 ---p 00016000 08:11 8013935                    /anaconda/envs/azureml_py310_sdkv2/lib/python3.10/site-packages/~umpy/random/_mt19937.cpython-310-x86_64-linux-gnu.so (deleted)
70e87b298000-70e87b299000 r--p 00016000 08:11 8013935                    /anaconda/envs/azureml_py310_sdkv2/lib/python3.10/site-packages/~umpy/random/_mt19937.cpython-310-x86_64-linux-gnu.so (deleted)
70e87b299000-70e87b29b000 rw-p 00017000 08:11 8013935                    /anaconda/envs/azureml_py310_sdkv2/lib/python3.10/site-packages/~umpy/random/_mt19937.cpython-310-x86_64-linux-gnu.so (deleted)
70e87b29b000-70e87b2a1000 r--p 00000000 08:11 8013936                    /anaconda/envs/azureml_py310_sdkv2/lib/python3.10/site-packages/~umpy/random/bit_generator.cpython-310-x86_64-linux-gnu.so (deleted)
70e87b2a1000-70e87b2bc000 r-xp 00006000 08:11 8013936                    /anaconda/envs/azureml_py310_sdkv2/lib/python3.10/site-packages/~umpy/random/bit_generator.cpython-310-x86_64-linux-gnu.so (deleted)
70e87b2bc000-70e87b2c4000 r--p 00021000 08:11 8013936                    /anaconda/envs/azureml_py310_sdkv2/lib/python3.10/site-packages/~umpy/random/bit_generator.cpython-310-x86_64-linux-gnu.so (deleted)
70e87b2c4000-70e87b2c5000 r--p 00028000 08:11 8013936                    /anaconda/envs/azureml_py310_sdkv2/lib/python3.10/site-packages/~umpy/random/bit_generator.cpython-310-x86_64-linux-gnu.so (deleted)
70e87b2c5000-70e87b2ca000 rw-p 00029000 08:11 8013936                    /anaconda/envs/azureml_py310_sdkv2/lib/python3.10/site-packages/~umpy/random/bit_generator.cpython-310-x86_64-linux-gnu.so (deleted)
70e87b2ca000-70e87b2d2000 r--p 00000000 08:11 8014076                    /anaconda/envs/azureml_py310_sdkv2/lib/python3.10/site-packages/~umpy/linalg/_umath_linalg.cpython-310-x86_64-linux-gnu.so (deleted)
70e87b2d2000-70e87b2f3000 r-xp 00008000 08:11 8014076                    /anaconda/envs/azureml_py310_sdkv2/lib/python3.10/site-packages/~umpy/linalg/_umath_linalg.cpython-310-x86_64-linux-gnu.so (deleted)
70e87b2f3000-70e87b2f9000 r--p 00029000 08:11 8014076                    /anaconda/envs/azureml_py310_sdkv2/lib/python3.10/site-packages/~umpy/linalg/_umath_linalg.cpython-310-x86_64-linux-gnu.so (deleted)
70e87b2f9000-70e87b2fa000 r--p 0002e000 08:11 8014076                    /anaconda/envs/azureml_py310_sdkv2/lib/python3.10/site-packages/~umpy/linalg/_umath_linalg.cpython-310-x86_64-linux-gnu.so (deleted)
70e87b2fa000-70e87b2fc000 rw-p 0002f000 08:11 8014076                    /anaconda/envs/azureml_py310_sdkv2/lib/python3.10/site-packages/~umpy/linalg/_umath_linalg.cpython-310-x86_64-linux-gnu.so (deleted)
70e87b2fc000-70e87b300000 rw-p 00037000 08:11 8014076                    /anaconda/envs/azureml_py310_sdkv2/lib/python3.10/site-packages/~umpy/linalg/_umath_linalg.cpython-310-x86_64-linux-gnu.so (deleted)
70e87b300000-70e87b400000 rw-p 00000000 00:00 0 
70e87b400000-70e87b4d1000 r--p 00000000 08:11 6979328                    /anaconda/envs/azureml_py310_sdkv2/lib/python3.10/site-packages/cryptography/hazmat/bindings/_rust.abi3.so
70e87b4d1000-70e87bb63000 r-xp 000d1000 08:11 6979328                    /anaconda/envs/azureml_py310_sdkv2/lib/python3.10/site-packages/cryptography/hazmat/bindings/_rust.abi3.so
70e87bb63000-70e87bd4d000 r--p 00763000 08:11 6979328                    /anaconda/envs/azureml_py310_sdkv2/lib/python3.10/site-packages/cryptography/hazmat/bindings/_rust.abi3.so
70e87bd4d000-70e87bdef000 r--p 0094d000 08:11 6979328                    /anaconda/envs/azureml_py310_sdkv2/lib/python3.10/site-packages/cryptography/hazmat/bindings/_rust.abi3.so
70e87bdef000-70e87be00000 rw-p 009ef000 08:11 6979328                    /anaconda/envs/azureml_py310_sdkv2/lib/python3.10/site-packages/cryptography/hazmat/bindings/_rust.abi3.so
70e87be00000-70e87be03000 rw-p 00000000 00:00 0 
70e87be03000-70e87be04000 r--p 00000000 08:11 6519437                    /anaconda/envs/azureml_py310_sdkv2/lib/libXau.so.6.0.0
70e87be04000-70e87be05000 r-xp 00001000 08:11 6519437                    /anaconda/envs/azureml_py310_sdkv2/lib/libXau.so.6.0.0
70e87be05000-70e87be06000 r--p 00002000 08:11 6519437                    /anaconda/envs/azureml_py310_sdkv2/lib/libXau.so.6.0.0
70e87be06000-70e87be07000 r--p 00002000 08:11 6519437                    /anaconda/envs/azureml_py310_sdkv2/lib/libXau.so.6.0.0
70e87be07000-70e87be08000 rw-p 00003000 08:11 6519437                    /anaconda/envs/azureml_py310_sdkv2/lib/libXau.so.6.0.0
70e87be08000-70e87be0b000 r--p 00000000 08:11 8013952                    /anaconda/envs/azureml_py310_sdkv2/lib/python3.10/site-packages/~umpy/random/_sfc64.cpython-310-x86_64-linux-gnu.so (deleted)
70e87be0b000-70e87be12000 r-xp 00003000 08:11 8013952                    /anaconda/envs/azureml_py310_sdkv2/lib/python3.10/site-packages/~umpy/random/_sfc64.cpython-310-x86_64-linux-gnu.so (deleted)
70e87be12000-70e87be14000 r--p 0000a000 08:11 8013952                    /anaconda/envs/azureml_py310_sdkv2/lib/python3.10/site-packages/~umpy/random/_sfc64.cpython-310-x86_64-linux-gnu.so (deleted)
70e87be14000-70e87be15000 ---p 0000c000 08:11 8013952                    /anaconda/envs/azureml_py310_sdkv2/lib/python3.10/site-packages/~umpy/random/_sfc64.cpython-310-x86_64-linux-gnu.so (deleted)
70e87be15000-70e87be16000 r--p 0000c000 08:11 8013952                    /anaconda/envs/azureml_py310_sdkv2/lib/python3.10/site-packages/~umpy/random/_sfc64.cpython-310-x86_64-linux-gnu.so (deleted)
70e87be16000-70e87be17000 rw-p 0000d000 08:11 8013952                    /anaconda/envs/azureml_py310_sdkv2/lib/python3.10/site-packages/~umpy/random/_sfc64.cpython-310-x86_64-linux-gnu.so (deleted)
70e87be17000-70e87be1f000 r--p 00000000 08:11 8014455                    /anaconda/envs/azureml_py310_sdkv2/lib/python3.10/site-packages/~umpy/core/_multiarray_tests.cpython-310-x86_64-linux-gnu.so (deleted)
70e87be1f000-70e87be36000 r-xp 00008000 08:11 8014455                    /anaconda/envs/azureml_py310_sdkv2/lib/python3.10/site-packages/~umpy/core/_multiarray_tests.cpython-310-x86_64-linux-gnu.so (deleted)
70e87be36000-70e87be3c000 r--p 0001f000 08:11 8014455                    /anaconda/envs/azureml_py310_sdkv2/lib/python3.10/site-packages/~umpy/core/_multiarray_tests.cpython-310-x86_64-linux-gnu.so (deleted)
70e87be3c000-70e87be3d000 ---p 00025000 08:11 8014455                    /anaconda/envs/azureml_py310_sdkv2/lib/python3.10/site-packages/~umpy/core/_multiarray_tests.cpython-310-x86_64-linux-gnu.so (deleted)
70e87be3d000-70e87be3e000 r--p 00025000 08:11 8014455                    /anaconda/envs/azureml_py310_sdkv2/lib/python3.10/site-packages/~umpy/core/_multiarray_tests.cpython-310-x86_64-linux-gnu.so (deleted)
70e87be3e000-70e87be40000 rw-p 00026000 08:11 8014455                    /anaconda/envs/azureml_py310_sdkv2/lib/python3.10/site-packages/~umpy/core/_multiarray_tests.cpython-310-x86_64-linux-gnu.so (deleted)
70e87be40000-70e87be7b000 r--p 00000000 08:11 7009264                    /anaconda/envs/azureml_py310_sdkv2/lib/python3.10/site-packages/_jpype.cpython-310-x86_64-linux-gnu.so
70e87be7b000-70e87becf000 r-xp 0003b000 08:11 7009264                    /anaconda/envs/azureml_py310_sdkv2/lib/python3.10/site-packages/_jpype.cpython-310-x86_64-linux-gnu.so
70e87becf000-70e87bef8000 r--p 0008f000 08:11 7009264                    /anaconda/envs/azureml_py310_sdkv2/lib/python3.10/site-packages/_jpype.cpython-310-x86_64-linux-gnu.so
70e87bef8000-70e87befc000 r--p 000b7000 08:11 7009264                    /anaconda/envs/azureml_py310_sdkv2/lib/python3.10/site-packages/_jpype.cpython-310-x86_64-linux-gnu.so
70e87befc000-70e87bf00000 rw-p 000bb000 08:11 7009264                    /anaconda/envs/azureml_py310_sdkv2/lib/python3.10/site-packages/_jpype.cpython-310-x86_64-linux-gnu.so
70e87bf00000-70e87c000000 rw-p 00000000 00:00 0 
70e87c000000-70e87c31d000 rw-p 00000000 00:00 0 
70e87c31d000-70e880000000 ---p 00000000 00:00 0 
70e880000000-70e88018a000 rw-p 00000000 00:00 0 
70e88018a000-70e884000000 ---p 00000000 00:00 0 
70e884000000-70e884333000 rw-p 00000000 00:00 0 
70e884333000-70e888000000 ---p 00000000 00:00 0 
70e888000000-70e88813b000 rw-p 00000000 00:00 0 
70e88813b000-70e88c000000 ---p 00000000 00:00 0 
70e88c000000-70e88c113000 rw-p 00000000 00:00 0 
70e88c113000-70e890000000 ---p 00000000 00:00 0 
70e890001000-70e890002000 r--p 00000000 08:11 8015056                    /anaconda/envs/azureml_py310_sdkv2/lib/python3.10/site-packages/~umpy/fft/_pocketfft_internal.cpython-310-x86_64-linux-gnu.so (deleted)
70e890002000-70e890015000 r-xp 00001000 08:11 8015056                    /anaconda/envs/azureml_py310_sdkv2/lib/python3.10/site-packages/~umpy/fft/_pocketfft_internal.cpython-310-x86_64-linux-gnu.so (deleted)
70e890015000-70e890017000 r--p 00014000 08:11 8015056                    /anaconda/envs/azureml_py310_sdkv2/lib/python3.10/site-packages/~umpy/fft/_pocketfft_internal.cpython-310-x86_64-linux-gnu.so (deleted)
70e890017000-70e890018000 r--p 00015000 08:11 8015056                    /anaconda/envs/azureml_py310_sdkv2/lib/python3.10/site-packages/~umpy/fft/_pocketfft_internal.cpython-310-x86_64-linux-gnu.so (deleted)
70e890018000-70e890019000 rw-p 00016000 08:11 8015056                    /anaconda/envs/azureml_py310_sdkv2/lib/python3.10/site-packages/~umpy/fft/_pocketfft_internal.cpython-310-x86_64-linux-gnu.so (deleted)
70e890019000-70e89001d000 r--p 00000000 08:11 1032490                    /usr/lib/jvm/java-11-openjdk-amd64/lib/libnet.so
70e89001d000-70e89002b000 r-xp 00004000 08:11 1032490                    /usr/lib/jvm/java-11-openjdk-amd64/lib/libnet.so
70e89002b000-70e89002f000 r--p 00012000 08:11 1032490                    /usr/lib/jvm/java-11-openjdk-amd64/lib/libnet.so
70e89002f000-70e890030000 r--p 00015000 08:11 1032490                    /usr/lib/jvm/java-11-openjdk-amd64/lib/libnet.so
70e890030000-70e890031000 rw-p 00016000 08:11 1032490                    /usr/lib/jvm/java-11-openjdk-amd64/lib/libnet.so
70e890031000-70e890038000 r--p 00000000 08:11 1032491                    /usr/lib/jvm/java-11-openjdk-amd64/lib/libnio.so
70e890038000-70e890040000 r-xp 00007000 08:11 1032491                    /usr/lib/jvm/java-11-openjdk-amd64/lib/libnio.so
70e890040000-70e890043000 r--p 0000f000 08:11 1032491                    /usr/lib/jvm/java-11-openjdk-amd64/lib/libnio.so
70e890043000-70e890044000 r--p 00011000 08:11 1032491                    /usr/lib/jvm/java-11-openjdk-amd64/lib/libnio.so
70e890044000-70e890045000 rw-p 00012000 08:11 1032491                    /usr/lib/jvm/java-11-openjdk-amd64/lib/libnio.so
70e890045000-70e89006d000 rw-p 00000000 00:00 0 
70e89006d000-70e890074000 ---p 00000000 00:00 0 
70e890074000-70e890076000 r--p 00000000 08:11 1032499                    /usr/lib/jvm/java-11-openjdk-amd64/lib/libzip.so
70e890076000-70e89007b000 r-xp 00002000 08:11 1032499                    /usr/lib/jvm/java-11-openjdk-amd64/lib/libzip.so
70e89007b000-70e89007d000 r--p 00007000 08:11 1032499                    /usr/lib/jvm/java-11-openjdk-amd64/lib/libzip.so
70e89007d000-70e89007e000 r--p 00008000 08:11 1032499                    /usr/lib/jvm/java-11-openjdk-amd64/lib/libzip.so
70e89007e000-70e89007f000 rw-p 00009000 08:11 1032499                    /usr/lib/jvm/java-11-openjdk-amd64/lib/libzip.so
70e89007f000-70e890087000 rw-s 00000000 08:01 1835021                    /tmp/hsperfdata_azureuser/3174
70e890087000-70e890089000 r--p 00000000 08:11 1032482                    /usr/lib/jvm/java-11-openjdk-amd64/lib/libjimage.so
70e890089000-70e89008c000 r-xp 00002000 08:11 1032482                    /usr/lib/jvm/java-11-openjdk-amd64/lib/libjimage.so
70e89008c000-70e89008d000 r--p 00005000 08:11 1032482                    /usr/lib/jvm/java-11-openjdk-amd64/lib/libjimage.so
70e89008d000-70e89008e000 ---p 00006000 08:11 1032482                    /usr/lib/jvm/java-11-openjdk-amd64/lib/libjimage.so
70e89008e000-70e89008f000 r--p 00006000 08:11 1032482                    /usr/lib/jvm/java-11-openjdk-amd64/lib/libjimage.so
70e89008f000-70e890090000 rw-p 00007000 08:11 1032482                    /usr/lib/jvm/java-11-openjdk-amd64/lib/libjimage.so
70e890090000-70e89009e000 r--p 00000000 08:11 1032479                    /usr/lib/jvm/java-11-openjdk-amd64/lib/libjava.so
70e89009e000-70e8900b4000 r-xp 0000e000 08:11 1032479                    /usr/lib/jvm/java-11-openjdk-amd64/lib/libjava.so
70e8900b4000-70e8900bb000 r--p 00024000 08:11 1032479                    /usr/lib/jvm/java-11-openjdk-amd64/lib/libjava.so
70e8900bb000-70e8900bc000 r--p 0002a000 08:11 1032479                    /usr/lib/jvm/java-11-openjdk-amd64/lib/libjava.so
70e8900bc000-70e8900bd000 rw-p 0002b000 08:11 1032479                    /usr/lib/jvm/java-11-openjdk-amd64/lib/libjava.so
70e8900bd000-70e8901be000 rw-p 00000000 00:00 0 
70e8901be000-70e8901c7000 r--p 00000000 08:11 6988618                    /anaconda/envs/azureml_py310_sdkv2/lib/python3.10/site-packages/bcrypt/_bcrypt.abi3.so
70e8901c7000-70e890221000 r-xp 00009000 08:11 6988618                    /anaconda/envs/azureml_py310_sdkv2/lib/python3.10/site-packages/bcrypt/_bcrypt.abi3.so
70e890221000-70e890238000 r--p 00063000 08:11 6988618                    /anaconda/envs/azureml_py310_sdkv2/lib/python3.10/site-packages/bcrypt/_bcrypt.abi3.so
70e890238000-70e89023d000 r--p 0007a000 08:11 6988618                    /anaconda/envs/azureml_py310_sdkv2/lib/python3.10/site-packages/bcrypt/_bcrypt.abi3.so
70e89023d000-70e89023e000 rw-p 0007f000 08:11 6988618                    /anaconda/envs/azureml_py310_sdkv2/lib/python3.10/site-packages/bcrypt/_bcrypt.abi3.so
70e89023e000-70e890a3e000 rw-p 00000000 00:00 0 
70e890a42000-70e890a43000 r--p 00000000 08:11 4823                       /usr/lib/x86_64-linux-gnu/libgthread-2.0.so.0.7200.4
70e890a43000-70e890a44000 r-xp 00001000 08:11 4823                       /usr/lib/x86_64-linux-gnu/libgthread-2.0.so.0.7200.4
70e890a44000-70e890a45000 r--p 00002000 08:11 4823                       /usr/lib/x86_64-linux-gnu/libgthread-2.0.so.0.7200.4
70e890a45000-70e890a46000 r--p 00002000 08:11 4823                       /usr/lib/x86_64-linux-gnu/libgthread-2.0.so.0.7200.4
70e890a46000-70e890a47000 rw-p 00003000 08:11 4823                       /usr/lib/x86_64-linux-gnu/libgthread-2.0.so.0.7200.4
70e890a47000-70e890a4a000 r--p 00000000 08:11 7011375                    /anaconda/envs/azureml_py310_sdkv2/lib/python3.10/site-packages/opencv_python.libs/libswresample-02b1114a.so.6.1.100
70e890a4a000-70e890a63000 r-xp 00003000 08:11 7011375                    /anaconda/envs/azureml_py310_sdkv2/lib/python3.10/site-packages/opencv_python.libs/libswresample-02b1114a.so.6.1.100
70e890a63000-70e890a68000 r--p 0001c000 08:11 7011375                    /anaconda/envs/azureml_py310_sdkv2/lib/python3.10/site-packages/opencv_python.libs/libswresample-02b1114a.so.6.1.100
70e890a68000-70e890a6a000 r--p 00020000 08:11 7011375                    /anaconda/envs/azureml_py310_sdkv2/lib/python3.10/site-packages/opencv_python.libs/libswresample-02b1114a.so.6.1.100
70e890a6a000-70e890a6d000 rw-p 00022000 08:11 7011375                    /anaconda/envs/azureml_py310_sdkv2/lib/python3.10/site-packages/opencv_python.libs/libswresample-02b1114a.so.6.1.100
70e890a6d000-70e890a72000 r--p 00000000 08:11 7011362                    /anaconda/envs/azureml_py310_sdkv2/lib/python3.10/site-packages/opencv_python.libs/libavdevice-13b3e407.so.62.1.100
70e890a72000-70e890a7b000 r-xp 00005000 08:11 7011362                    /anaconda/envs/azureml_py310_sdkv2/lib/python3.10/site-packages/opencv_python.libs/libavdevice-13b3e407.so.62.1.100
70e890a7b000-70e890a7f000 r--p 0000e000 08:11 7011362                    /anaconda/envs/azureml_py310_sdkv2/lib/python3.10/site-packages/opencv_python.libs/libavdevice-13b3e407.so.62.1.100
70e890a7f000-70e890a81000 r--p 00011000 08:11 7011362                    /anaconda/envs/azureml_py310_sdkv2/lib/python3.10/site-packages/opencv_python.libs/libavdevice-13b3e407.so.62.1.100
70e890a81000-70e890a87000 rw-p 00013000 08:11 7011362                    /anaconda/envs/azureml_py310_sdkv2/lib/python3.10/site-packages/opencv_python.libs/libavdevice-13b3e407.so.62.1.100
70e890a87000-70e890a8c000 r--p 00000000 08:11 7011372                    /anaconda/envs/azureml_py310_sdkv2/lib/python3.10/site-packages/opencv_python.libs/libpng16-1b998e9d.so.16.53.0
70e890a8c000-70e890ab0000 r-xp 00005000 08:11 7011372                    /anaconda/envs/azureml_py310_sdkv2/lib/python3.10/site-packages/opencv_python.libs/libpng16-1b998e9d.so.16.53.0
70e890ab0000-70e890abb000 r--p 00029000 08:11 7011372                    /anaconda/envs/azureml_py310_sdkv2/lib/python3.10/site-packages/opencv_python.libs/libpng16-1b998e9d.so.16.53.0
70e890abb000-70e890abc000 r--p 00033000 08:11 7011372                    /anaconda/envs/azureml_py310_sdkv2/lib/python3.10/site-packages/opencv_python.libs/libpng16-1b998e9d.so.16.53.0
70e890abc000-70e890abd000 rw-p 00034000 08:11 7011372                    /anaconda/envs/azureml_py310_sdkv2/lib/python3.10/site-packages/opencv_python.libs/libpng16-1b998e9d.so.16.53.0
70e890abd000-70e890abf000 rw-p 00104000 08:11 7011372                    /anaconda/envs/azureml_py310_sdkv2/lib/python3.10/site-packages/opencv_python.libs/libpng16-1b998e9d.so.16.53.0
70e890abf000-70e890dbf000 rw-p 00000000 00:00 0 
70e890dbf000-70e890dcc000 r--p 00000000 08:11 6972487                    /anaconda/envs/azureml_py310_sdkv2/lib/python3.10/site-packages/charset_normalizer/md__mypyc.cpython-310-x86_64-linux-gnu.so
70e890dcc000-70e890dea000 r-xp 0000d000 08:11 6972487                    /anaconda/envs/azureml_py310_sdkv2/lib/python3.10/site-packages/charset_normalizer/md__mypyc.cpython-310-x86_64-linux-gnu.so
70e890dea000-70e890df3000 r--p 0002b000 08:11 6972487                    /anaconda/envs/azureml_py310_sdkv2/lib/python3.10/site-packages/charset_normalizer/md__mypyc.cpython-310-x86_64-linux-gnu.so
70e890df3000-70e890df4000 ---p 00034000 08:11 6972487                    /anaconda/envs/azureml_py310_sdkv2/lib/python3.10/site-packages/charset_normalizer/md__mypyc.cpython-310-x86_64-linux-gnu.so
70e890df4000-70e890df5000 r--p 00034000 08:11 6972487                    /anaconda/envs/azureml_py310_sdkv2/lib/python3.10/site-packages/charset_normalizer/md__mypyc.cpython-310-x86_64-linux-gnu.so
70e890df5000-70e890df9000 rw-p 00035000 08:11 6972487                    /anaconda/envs/azureml_py310_sdkv2/lib/python3.10/site-packages/charset_normalizer/md__mypyc.cpython-310-x86_64-linux-gnu.so
70e890df9000-70e890ffa000 rw-p 00000000 00:00 0 
70e890ffa000-70e890ffb000 ---p 00000000 00:00 0 
70e890ffb000-70e8917fb000 rw-p 00000000 00:00 0 
70e8917fb000-70e8917fc000 ---p 00000000 00:00 0 
70e8917fc000-70e891ffc000 rw-p 00000000 00:00 0 
70e891ffc000-70e891ffd000 ---p 00000000 00:00 0 
70e891ffd000-70e8927fd000 rw-p 00000000 00:00 0 
70e8927fd000-70e8927fe000 ---p 00000000 00:00 0 
70e8927fe000-70e892ffe000 rw-p 00000000 00:00 0 
70e892ffe000-70e892fff000 ---p 00000000 00:00 0 
70e892fff000-70e8937ff000 rw-p 00000000 00:00 0 
70e8937ff000-70e893800000 ---p 00000000 00:00 0 
70e893800000-70e894000000 rw-p 00000000 00:00 0 
70e894000000-70e89415b000 rw-p 00000000 00:00 0 
70e89415b000-70e898000000 ---p 00000000 00:00 0 
70e898000000-70e898132000 rw-p 00000000 00:00 0 
70e898132000-70e89c000000 ---p 00000000 00:00 0 
70e89c000000-70e89c2e7000 rw-p 00000000 00:00 0 
70e89c2e7000-70e8a0000000 ---p 00000000 00:00 0 
70e8a0001000-70e8a0002000 r--p 00000000 00:00 0 
70e8a0002000-70e8a0003000 r--p 00000000 08:11 6189                       /usr/lib/locale/C.utf8/LC_NUMERIC
70e8a0003000-70e8a0008000 r--p 00000000 08:11 1032498                    /usr/lib/jvm/java-11-openjdk-amd64/lib/libverify.so
70e8a0008000-70e8a000f000 r-xp 00005000 08:11 1032498                    /usr/lib/jvm/java-11-openjdk-amd64/lib/libverify.so
70e8a000f000-70e8a0011000 r--p 0000c000 08:11 1032498                    /usr/lib/jvm/java-11-openjdk-amd64/lib/libverify.so
70e8a0011000-70e8a0013000 r--p 0000d000 08:11 1032498                    /usr/lib/jvm/java-11-openjdk-amd64/lib/libverify.so
70e8a0013000-70e8a0014000 rw-p 0000f000 08:11 1032498                    /usr/lib/jvm/java-11-openjdk-amd64/lib/libverify.so
70e8a0014000-70e8a0017000 r--p 00000000 08:11 6967364                    /anaconda/envs/azureml_py310_sdkv2/lib/python3.10/lib-dynload/_multibytecodec.cpython-310-x86_64-linux-gnu.so
70e8a0017000-70e8a001d000 r-xp 00003000 08:11 6967364                    /anaconda/envs/azureml_py310_sdkv2/lib/python3.10/lib-dynload/_multibytecodec.cpython-310-x86_64-linux-gnu.so
70e8a001d000-70e8a001f000 r--p 00009000 08:11 6967364                    /anaconda/envs/azureml_py310_sdkv2/lib/python3.10/lib-dynload/_multibytecodec.cpython-310-x86_64-linux-gnu.so
70e8a001f000-70e8a0020000 r--p 0000a000 08:11 6967364                    /anaconda/envs/azureml_py310_sdkv2/lib/python3.10/lib-dynload/_multibytecodec.cpython-310-x86_64-linux-gnu.so
70e8a0020000-70e8a0021000 rw-p 0000b000 08:11 6967364                    /anaconda/envs/azureml_py310_sdkv2/lib/python3.10/lib-dynload/_multibytecodec.cpython-310-x86_64-linux-gnu.so
70e8a0021000-70e8a0022000 r--p 00000000 08:11 6972485                    /anaconda/envs/azureml_py310_sdkv2/lib/python3.10/site-packages/charset_normalizer/md.cpython-310-x86_64-linux-gnu.so
70e8a0022000-70e8a0023000 r-xp 00001000 08:11 6972485                    /anaconda/envs/azureml_py310_sdkv2/lib/python3.10/site-packages/charset_normalizer/md.cpython-310-x86_64-linux-gnu.so
70e8a0023000-70e8a0024000 r--p 00002000 08:11 6972485                    /anaconda/envs/azureml_py310_sdkv2/lib/python3.10/site-packages/charset_normalizer/md.cpython-310-x86_64-linux-gnu.so
70e8a0024000-70e8a0025000 r--p 00002000 08:11 6972485                    /anaconda/envs/azureml_py310_sdkv2/lib/python3.10/site-packages/charset_normalizer/md.cpython-310-x86_64-linux-gnu.so
70e8a0025000-70e8a0026000 rw-p 00003000 08:11 6972485                    /anaconda/envs/azureml_py310_sdkv2/lib/python3.10/site-packages/charset_normalizer/md.cpython-310-x86_64-linux-gnu.so
70e8a0026000-70e8a002b000 r--p 00000000 08:11 6967377                    /anaconda/envs/azureml_py310_sdkv2/lib/python3.10/lib-dynload/_elementtree.cpython-310-x86_64-linux-gnu.so
70e8a002b000-70e8a0034000 r-xp 00005000 08:11 6967377                    /anaconda/envs/azureml_py310_sdkv2/lib/python3.10/lib-dynload/_elementtree.cpython-310-x86_64-linux-gnu.so
70e8a0034000-70e8a0038000 r--p 0000e000 08:11 6967377                    /anaconda/envs/azureml_py310_sdkv2/lib/python3.10/lib-dynload/_elementtree.cpython-310-x86_64-linux-gnu.so
70e8a0038000-70e8a0039000 r--p 00011000 08:11 6967377                    /anaconda/envs/azureml_py310_sdkv2/lib/python3.10/lib-dynload/_elementtree.cpython-310-x86_64-linux-gnu.so
70e8a0039000-70e8a003b000 rw-p 00012000 08:11 6967377                    /anaconda/envs/azureml_py310_sdkv2/lib/python3.10/lib-dynload/_elementtree.cpython-310-x86_64-linux-gnu.so
70e8a003b000-70e8a003d000 r--p 00000000 08:11 6967325                    /anaconda/envs/azureml_py310_sdkv2/lib/python3.10/lib-dynload/grp.cpython-310-x86_64-linux-gnu.so
70e8a003d000-70e8a003e000 r-xp 00002000 08:11 6967325                    /anaconda/envs/azureml_py310_sdkv2/lib/python3.10/lib-dynload/grp.cpython-310-x86_64-linux-gnu.so
70e8a003e000-70e8a003f000 r--p 00003000 08:11 6967325                    /anaconda/envs/azureml_py310_sdkv2/lib/python3.10/lib-dynload/grp.cpython-310-x86_64-linux-gnu.so
70e8a003f000-70e8a0040000 r--p 00003000 08:11 6967325                    /anaconda/envs/azureml_py310_sdkv2/lib/python3.10/lib-dynload/grp.cpython-310-x86_64-linux-gnu.so
70e8a0040000-70e8a0041000 rw-p 00004000 08:11 6967325                    /anaconda/envs/azureml_py310_sdkv2/lib/python3.10/lib-dynload/grp.cpython-310-x86_64-linux-gnu.so
70e8a0041000-70e8a0341000 rw-p 00000000 00:00 0 
70e8a0341000-70e8a0347000 r--p 00000000 08:11 4976434                    /anaconda/envs/azureml_py310_sdkv2/lib/python3.10/site-packages/debugpy/_vendored/pydevd/_pydevd_bundle/pydevd_cython.cpython-310-x86_64-linux-gnu.so
70e8a0347000-70e8a03df000 r-xp 00006000 08:11 4976434                    /anaconda/envs/azureml_py310_sdkv2/lib/python3.10/site-packages/debugpy/_vendored/pydevd/_pydevd_bundle/pydevd_cython.cpython-310-x86_64-linux-gnu.so
70e8a03df000-70e8a03eb000 r--p 0009e000 08:11 4976434                    /anaconda/envs/azureml_py310_sdkv2/lib/python3.10/site-packages/debugpy/_vendored/pydevd/_pydevd_bundle/pydevd_cython.cpython-310-x86_64-linux-gnu.so
70e8a03eb000-70e8a03ec000 r--p 000a9000 08:11 4976434                    /anaconda/envs/azureml_py310_sdkv2/lib/python3.10/site-packages/debugpy/_vendored/pydevd/_pydevd_bundle/pydevd_cython.cpython-310-x86_64-linux-gnu.so
70e8a03ec000-70e8a03ef000 rw-p 000aa000 08:11 4976434                    /anaconda/envs/azureml_py310_sdkv2/lib/python3.10/site-packages/debugpy/_vendored/pydevd/_pydevd_bundle/pydevd_cython.cpython-310-x86_64-linux-gnu.so
70e8a03ef000-70e8a05f0000 rw-p 00000000 00:00 0 
70e8a05f0000-70e8a05f1000 ---p 00000000 00:00 0 
70e8a05f1000-70e8a0df1000 rw-p 00000000 00:00 0 
70e8a0df1000-70e8a0df2000 ---p 00000000 00:00 0 
70e8a0df2000-70e8a15f2000 rw-p 00000000 00:00 0 
70e8a15f2000-70e8a15f3000 ---p 00000000 00:00 0 
70e8a15f3000-70e8a1df3000 rw-p 00000000 00:00 0 
70e8a1df3000-70e8a1df4000 ---p 00000000 00:00 0 
70e8a1df4000-70e8a25f4000 rw-p 00000000 00:00 0 
70e8a25f4000-70e8a26f4000 rw-p 00000000 00:00 0 
70e8a26f4000-70e8a26f6000 r--p 00000000 08:11 6008409                    /anaconda/envs/azureml_py310_sdkv2/lib/python3.10/site-packages/psutil/_psutil_posix.cpython-310-x86_64-linux-gnu.so
70e8a26f6000-70e8a26f7000 r-xp 00002000 08:11 6008409                    /anaconda/envs/azureml_py310_sdkv2/lib/python3.10/site-packages/psutil/_psutil_posix.cpython-310-x86_64-linux-gnu.so
70e8a26f7000-70e8a26f8000 r--p 00003000 08:11 6008409                    /anaconda/envs/azureml_py310_sdkv2/lib/python3.10/site-packages/psutil/_psutil_posix.cpython-310-x86_64-linux-gnu.so
70e8a26f8000-70e8a26f9000 r--p 00003000 08:11 6008409                    /anaconda/envs/azureml_py310_sdkv2/lib/python3.10/site-packages/psutil/_psutil_posix.cpython-310-x86_64-linux-gnu.so
70e8a26f9000-70e8a26fa000 rw-p 00004000 08:11 6008409                    /anaconda/envs/azureml_py310_sdkv2/lib/python3.10/site-packages/psutil/_psutil_posix.cpython-310-x86_64-linux-gnu.so
70e8a26fa000-70e8a26fc000 r--p 00000000 08:11 6008410                    /anaconda/envs/azureml_py310_sdkv2/lib/python3.10/site-packages/psutil/_psutil_linux.cpython-310-x86_64-linux-gnu.so
70e8a26fc000-70e8a26fe000 r-xp 00002000 08:11 6008410                    /anaconda/envs/azureml_py310_sdkv2/lib/python3.10/site-packages/psutil/_psutil_linux.cpython-310-x86_64-linux-gnu.so
70e8a26fe000-70e8a26ff000 r--p 00004000 08:11 6008410                    /anaconda/envs/azureml_py310_sdkv2/lib/python3.10/site-packages/psutil/_psutil_linux.cpython-310-x86_64-linux-gnu.so
70e8a26ff000-70e8a2700000 r--p 00004000 08:11 6008410                    /anaconda/envs/azureml_py310_sdkv2/lib/python3.10/site-packages/psutil/_psutil_linux.cpython-310-x86_64-linux-gnu.so
70e8a2700000-70e8a2701000 rw-p 00005000 08:11 6008410                    /anaconda/envs/azureml_py310_sdkv2/lib/python3.10/site-packages/psutil/_psutil_linux.cpython-310-x86_64-linux-gnu.so
70e8a2701000-70e8a2801000 rw-p 00000000 00:00 0 
70e8a2801000-70e8a2803000 r--p 00000000 08:11 6967324                    /anaconda/envs/azureml_py310_sdkv2/lib/python3.10/lib-dynload/resource.cpython-310-x86_64-linux-gnu.so
70e8a2803000-70e8a2804000 r-xp 00002000 08:11 6967324                    /anaconda/envs/azureml_py310_sdkv2/lib/python3.10/lib-dynload/resource.cpython-310-x86_64-linux-gnu.so
70e8a2804000-70e8a2805000 r--p 00003000 08:11 6967324                    /anaconda/envs/azureml_py310_sdkv2/lib/python3.10/lib-dynload/resource.cpython-310-x86_64-linux-gnu.so
70e8a2805000-70e8a2806000 r--p 00003000 08:11 6967324                    /anaconda/envs/azureml_py310_sdkv2/lib/python3.10/lib-dynload/resource.cpython-310-x86_64-linux-gnu.so
70e8a2806000-70e8a2807000 rw-p 00004000 08:11 6967324                    /anaconda/envs/azureml_py310_sdkv2/lib/python3.10/lib-dynload/resource.cpython-310-x86_64-linux-gnu.so
70e8a2807000-70e8a2809000 r--p 00000000 08:11 6967343                    /anaconda/envs/azureml_py310_sdkv2/lib/python3.10/lib-dynload/_lsprof.cpython-310-x86_64-linux-gnu.so
70e8a2809000-70e8a280b000 r-xp 00002000 08:11 6967343                    /anaconda/envs/azureml_py310_sdkv2/lib/python3.10/lib-dynload/_lsprof.cpython-310-x86_64-linux-gnu.so
70e8a280b000-70e8a280c000 r--p 00004000 08:11 6967343                    /anaconda/envs/azureml_py310_sdkv2/lib/python3.10/lib-dynload/_lsprof.cpython-310-x86_64-linux-gnu.so
70e8a280c000-70e8a280d000 r--p 00005000 08:11 6967343                    /anaconda/envs/azureml_py310_sdkv2/lib/python3.10/lib-dynload/_lsprof.cpython-310-x86_64-linux-gnu.so
70e8a280d000-70e8a280e000 rw-p 00006000 08:11 6967343                    /anaconda/envs/azureml_py310_sdkv2/lib/python3.10/lib-dynload/_lsprof.cpython-310-x86_64-linux-gnu.so
70e8a280e000-70e8a2c0e000 rw-p 00000000 00:00 0 
70e8a2c0e000-70e8a2c11000 r--p 00000000 08:11 6967386                    /anaconda/envs/azureml_py310_sdkv2/lib/python3.10/lib-dynload/unicodedata.cpython-310-x86_64-linux-gnu.so
70e8a2c11000-70e8a2c15000 r-xp 00003000 08:11 6967386                    /anaconda/envs/azureml_py310_sdkv2/lib/python3.10/lib-dynload/unicodedata.cpython-310-x86_64-linux-gnu.so
70e8a2c15000-70e8a2d1d000 r--p 00007000 08:11 6967386                    /anaconda/envs/azureml_py310_sdkv2/lib/python3.10/lib-dynload/unicodedata.cpython-310-x86_64-linux-gnu.so
70e8a2d1d000-70e8a2d1e000 r--p 0010f000 08:11 6967386                    /anaconda/envs/azureml_py310_sdkv2/lib/python3.10/lib-dynload/unicodedata.cpython-310-x86_64-linux-gnu.so
70e8a2d1e000-70e8a2d1f000 rw-p 00110000 08:11 6967386                    /anaconda/envs/azureml_py310_sdkv2/lib/python3.10/lib-dynload/unicodedata.cpython-310-x86_64-linux-gnu.so
70e8a2d1f000-70e8a2d23000 r--p 00000000 08:11 6516927                    /anaconda/envs/azureml_py310_sdkv2/lib/libexpat.so.1.10.2
70e8a2d23000-70e8a2d42000 r-xp 00004000 08:11 6516927                    /anaconda/envs/azureml_py310_sdkv2/lib/libexpat.so.1.10.2
70e8a2d42000-70e8a2d4c000 r--p 00023000 08:11 6516927                    /anaconda/envs/azureml_py310_sdkv2/lib/libexpat.so.1.10.2
70e8a2d4c000-70e8a2d4e000 r--p 0002d000 08:11 6516927                    /anaconda/envs/azureml_py310_sdkv2/lib/libexpat.so.1.10.2
70e8a2d4e000-70e8a2d4f000 rw-p 0002f000 08:11 6516927                    /anaconda/envs/azureml_py310_sdkv2/lib/libexpat.so.1.10.2
70e8a2d4f000-70e8a2d53000 r--p 00000000 08:11 6967371                    /anaconda/envs/azureml_py310_sdkv2/lib/python3.10/lib-dynload/pyexpat.cpython-310-x86_64-linux-gnu.so
70e8a2d53000-70e8a2d59000 r-xp 00004000 08:11 6967371                    /anaconda/envs/azureml_py310_sdkv2/lib/python3.10/lib-dynload/pyexpat.cpython-310-x86_64-linux-gnu.so
70e8a2d59000-70e8a2d5c000 r--p 0000a000 08:11 6967371                    /anaconda/envs/azureml_py310_sdkv2/lib/python3.10/lib-dynload/pyexpat.cpython-310-x86_64-linux-gnu.so
70e8a2d5c000-70e8a2d5d000 r--p 0000d000 08:11 6967371                    /anaconda/envs/azureml_py310_sdkv2/lib/python3.10/lib-dynload/pyexpat.cpython-310-x86_64-linux-gnu.so
70e8a2d5d000-70e8a2d5f000 rw-p 0000e000 08:11 6967371                    /anaconda/envs/azureml_py310_sdkv2/lib/python3.10/lib-dynload/pyexpat.cpython-310-x86_64-linux-gnu.so
70e8a2d5f000-70e8a315f000 rw-p 00000000 00:00 0 
70e8a315f000-70e8a3171000 r--p 00000000 08:11 4914724                    /anaconda/envs/azureml_py310_sdkv2/lib/libsqlite3.so.0.8.6
70e8a3171000-70e8a3280000 r-xp 00012000 08:11 4914724                    /anaconda/envs/azureml_py310_sdkv2/lib/libsqlite3.so.0.8.6
70e8a3280000-70e8a32b6000 r--p 00121000 08:11 4914724                    /anaconda/envs/azureml_py310_sdkv2/lib/libsqlite3.so.0.8.6
70e8a32b6000-70e8a32b7000 ---p 00157000 08:11 4914724                    /anaconda/envs/azureml_py310_sdkv2/lib/libsqlite3.so.0.8.6
70e8a32b7000-70e8a32bb000 r--p 00157000 08:11 4914724                    /anaconda/envs/azureml_py310_sdkv2/lib/libsqlite3.so.0.8.6
70e8a32bb000-70e8a32bf000 rw-p 0015b000 08:11 4914724                    /anaconda/envs/azureml_py310_sdkv2/lib/libsqlite3.so.0.8.6
70e8a32bf000-70e8a32c0000 rw-p 00000000 00:00 0 
70e8a32c0000-70e8a32c7000 r--p 00000000 08:11 6967381                    /anaconda/envs/azureml_py310_sdkv2/lib/python3.10/lib-dynload/_sqlite3.cpython-310-x86_64-linux-gnu.so
70e8a32c7000-70e8a32d4000 r-xp 00007000 08:11 6967381                    /anaconda/envs/azureml_py310_sdkv2/lib/python3.10/lib-dynload/_sqlite3.cpython-310-x86_64-linux-gnu.so
70e8a32d4000-70e8a32d9000 r--p 00014000 08:11 6967381                    /anaconda/envs/azureml_py310_sdkv2/lib/python3.10/lib-dynload/_sqlite3.cpython-310-x86_64-linux-gnu.so
70e8a32d9000-70e8a32da000 r--p 00019000 08:11 6967381                    /anaconda/envs/azureml_py310_sdkv2/lib/python3.10/lib-dynload/_sqlite3.cpython-310-x86_64-linux-gnu.so
70e8a32da000-70e8a32dc000 rw-p 0001a000 08:11 6967381                    /anaconda/envs/azureml_py310_sdkv2/lib/python3.10/lib-dynload/_sqlite3.cpython-310-x86_64-linux-gnu.so
70e8a32dc000-70e8a33dc000 rw-p 00000000 00:00 0 
70e8a33dc000-70e8a33dd000 r--p 00000000 08:11 6192                       /usr/lib/locale/C.utf8/LC_TIME
70e8a33dd000-70e8a33de000 r--p 00000000 08:11 6183                       /usr/lib/locale/C.utf8/LC_COLLATE
70e8a33de000-70e8a33e6000 r--p 00000000 08:11 6979239                    /anaconda/envs/azureml_py310_sdkv2/lib/python3.10/site-packages/_cffi_backend.cpython-310-x86_64-linux-gnu.so
70e8a33e6000-70e8a3409000 r-xp 00008000 08:11 6979239                    /anaconda/envs/azureml_py310_sdkv2/lib/python3.10/site-packages/_cffi_backend.cpython-310-x86_64-linux-gnu.so
70e8a3409000-70e8a3416000 r--p 0002b000 08:11 6979239                    /anaconda/envs/azureml_py310_sdkv2/lib/python3.10/site-packages/_cffi_backend.cpython-310-x86_64-linux-gnu.so
70e8a3416000-70e8a3417000 r--p 00037000 08:11 6979239                    /anaconda/envs/azureml_py310_sdkv2/lib/python3.10/site-packages/_cffi_backend.cpython-310-x86_64-linux-gnu.so
70e8a3417000-70e8a341b000 rw-p 00038000 08:11 6979239                    /anaconda/envs/azureml_py310_sdkv2/lib/python3.10/site-packages/_cffi_backend.cpython-310-x86_64-linux-gnu.so
70e8a341b000-70e8a381d000 rw-p 00000000 00:00 0 
70e8a381d000-70e8a3820000 r--p 00000000 08:11 6967353                    /anaconda/envs/azureml_py310_sdkv2/lib/python3.10/lib-dynload/_csv.cpython-310-x86_64-linux-gnu.so
70e8a3820000-70e8a3825000 r-xp 00003000 08:11 6967353                    /anaconda/envs/azureml_py310_sdkv2/lib/python3.10/lib-dynload/_csv.cpython-310-x86_64-linux-gnu.so
70e8a3825000-70e8a3828000 r--p 00008000 08:11 6967353                    /anaconda/envs/azureml_py310_sdkv2/lib/python3.10/lib-dynload/_csv.cpython-310-x86_64-linux-gnu.so
70e8a3828000-70e8a3829000 r--p 0000a000 08:11 6967353                    /anaconda/envs/azureml_py310_sdkv2/lib/python3.10/lib-dynload/_csv.cpython-310-x86_64-linux-gnu.so
70e8a3829000-70e8a382a000 rw-p 0000b000 08:11 6967353                    /anaconda/envs/azureml_py310_sdkv2/lib/python3.10/lib-dynload/_csv.cpython-310-x86_64-linux-gnu.so
70e8a382a000-70e8a392a000 rw-p 00000000 00:00 0 
70e8a392a000-70e8a392c000 r--p 00000000 08:11 6517897                    /anaconda/envs/azureml_py310_sdkv2/lib/libuuid.so.1.3.0
70e8a392c000-70e8a3930000 r-xp 00002000 08:11 6517897                    /anaconda/envs/azureml_py310_sdkv2/lib/libuuid.so.1.3.0
70e8a3930000-70e8a3931000 r--p 00006000 08:11 6517897                    /anaconda/envs/azureml_py310_sdkv2/lib/libuuid.so.1.3.0
70e8a3931000-70e8a3932000 r--p 00006000 08:11 6517897                    /anaconda/envs/azureml_py310_sdkv2/lib/libuuid.so.1.3.0
70e8a3932000-70e8a3933000 rw-p 00007000 08:11 6517897                    /anaconda/envs/azureml_py310_sdkv2/lib/libuuid.so.1.3.0
70e8a3933000-70e8a3934000 r--p 00000000 08:11 6967314                    /anaconda/envs/azureml_py310_sdkv2/lib/python3.10/lib-dynload/_uuid.cpython-310-x86_64-linux-gnu.so
70e8a3934000-70e8a3935000 r-xp 00001000 08:11 6967314                    /anaconda/envs/azureml_py310_sdkv2/lib/python3.10/lib-dynload/_uuid.cpython-310-x86_64-linux-gnu.so
70e8a3935000-70e8a3936000 r--p 00002000 08:11 6967314                    /anaconda/envs/azureml_py310_sdkv2/lib/python3.10/lib-dynload/_uuid.cpython-310-x86_64-linux-gnu.so
70e8a3936000-70e8a3937000 r--p 00002000 08:11 6967314                    /anaconda/envs/azureml_py310_sdkv2/lib/python3.10/lib-dynload/_uuid.cpython-310-x86_64-linux-gnu.so
70e8a3937000-70e8a3938000 rw-p 00003000 08:11 6967314                    /anaconda/envs/azureml_py310_sdkv2/lib/python3.10/lib-dynload/_uuid.cpython-310-x86_64-linux-gnu.so
70e8a3938000-70e8a3a38000 rw-p 00000000 00:00 0 
70e8a3a38000-70e8a3a3c000 r--p 00000000 08:11 6009364                    /anaconda/envs/azureml_py310_sdkv2/lib/liblzma.so.5.6.4
70e8a3a3c000-70e8a3a5a000 r-xp 00004000 08:11 6009364                    /anaconda/envs/azureml_py310_sdkv2/lib/liblzma.so.5.6.4
70e8a3a5a000-70e8a3a66000 r--p 00022000 08:11 6009364                    /anaconda/envs/azureml_py310_sdkv2/lib/liblzma.so.5.6.4
70e8a3a66000-70e8a3a67000 r--p 0002e000 08:11 6009364                    /anaconda/envs/azureml_py310_sdkv2/lib/liblzma.so.5.6.4
70e8a3a67000-70e8a3a68000 rw-p 0002f000 08:11 6009364                    /anaconda/envs/azureml_py310_sdkv2/lib/liblzma.so.5.6.4
70e8a3a68000-70e8a3a6b000 r--p 00000000 08:11 6967355                    /anaconda/envs/azureml_py310_sdkv2/lib/python3.10/lib-dynload/_lzma.cpython-310-x86_64-linux-gnu.so
70e8a3a6b000-70e8a3a6f000 r-xp 00003000 08:11 6967355                    /anaconda/envs/azureml_py310_sdkv2/lib/python3.10/lib-dynload/_lzma.cpython-310-x86_64-linux-gnu.so
70e8a3a6f000-70e8a3a72000 r--p 00007000 08:11 6967355                    /anaconda/envs/azureml_py310_sdkv2/lib/python3.10/lib-dynload/_lzma.cpython-310-x86_64-linux-gnu.so
70e8a3a72000-70e8a3a73000 r--p 00009000 08:11 6967355                    /anaconda/envs/azureml_py310_sdkv2/lib/python3.10/lib-dynload/_lzma.cpython-310-x86_64-linux-gnu.so
70e8a3a73000-70e8a3a74000 rw-p 0000a000 08:11 6967355                    /anaconda/envs/azureml_py310_sdkv2/lib/python3.10/lib-dynload/_lzma.cpython-310-x86_64-linux-gnu.so
70e8a3a74000-70e8a3a76000 r--p 00000000 08:11 6516505                    /anaconda/envs/azureml_py310_sdkv2/lib/libbz2.so.1.0.8
70e8a3a76000-70e8a3a84000 r-xp 00002000 08:11 6516505                    /anaconda/envs/azureml_py310_sdkv2/lib/libbz2.so.1.0.8
70e8a3a84000-70e8a3a86000 r--p 00010000 08:11 6516505                    /anaconda/envs/azureml_py310_sdkv2/lib/libbz2.so.1.0.8
70e8a3a86000-70e8a3a87000 r--p 00011000 08:11 6516505                    /anaconda/envs/azureml_py310_sdkv2/lib/libbz2.so.1.0.8
70e8a3a87000-70e8a3a88000 rw-p 00012000 08:11 6516505                    /anaconda/envs/azureml_py310_sdkv2/lib/libbz2.so.1.0.8
70e8a3a88000-70e8a3a8a000 r--p 00000000 08:11 6967342                    /anaconda/envs/azureml_py310_sdkv2/lib/python3.10/lib-dynload/_bz2.cpython-310-x86_64-linux-gnu.so
70e8a3a8a000-70e8a3a8c000 r-xp 00002000 08:11 6967342                    /anaconda/envs/azureml_py310_sdkv2/lib/python3.10/lib-dynload/_bz2.cpython-310-x86_64-linux-gnu.so
70e8a3a8c000-70e8a3a8e000 r--p 00004000 08:11 6967342                    /anaconda/envs/azureml_py310_sdkv2/lib/python3.10/lib-dynload/_bz2.cpython-310-x86_64-linux-gnu.so
70e8a3a8e000-70e8a3a8f000 r--p 00005000 08:11 6967342                    /anaconda/envs/azureml_py310_sdkv2/lib/python3.10/lib-dynload/_bz2.cpython-310-x86_64-linux-gnu.so
70e8a3a8f000-70e8a3a90000 rw-p 00006000 08:11 6967342                    /anaconda/envs/azureml_py310_sdkv2/lib/python3.10/lib-dynload/_bz2.cpython-310-x86_64-linux-gnu.so
70e8a3a90000-70e8a3a93000 r--p 00000000 08:11 6967335                    /anaconda/envs/azureml_py310_sdkv2/lib/python3.10/lib-dynload/termios.cpython-310-x86_64-linux-gnu.so
70e8a3a93000-70e8a3a94000 r-xp 00003000 08:11 6967335                    /anaconda/envs/azureml_py310_sdkv2/lib/python3.10/lib-dynload/termios.cpython-310-x86_64-linux-gnu.so
70e8a3a94000-70e8a3a96000 r--p 00004000 08:11 6967335                    /anaconda/envs/azureml_py310_sdkv2/lib/python3.10/lib-dynload/termios.cpython-310-x86_64-linux-gnu.so
70e8a3a96000-70e8a3a97000 r--p 00005000 08:11 6967335                    /anaconda/envs/azureml_py310_sdkv2/lib/python3.10/lib-dynload/termios.cpython-310-x86_64-linux-gnu.so
70e8a3a97000-70e8a3a99000 rw-p 00006000 08:11 6967335                    /anaconda/envs/azureml_py310_sdkv2/lib/python3.10/lib-dynload/termios.cpython-310-x86_64-linux-gnu.so
70e8a3a99000-70e8a3aa0000 r--p 00000000 08:11 6967387                    /anaconda/envs/azureml_py310_sdkv2/lib/python3.10/lib-dynload/_decimal.cpython-310-x86_64-linux-gnu.so
70e8a3aa0000-70e8a3ad1000 r-xp 00007000 08:11 6967387                    /anaconda/envs/azureml_py310_sdkv2/lib/python3.10/lib-dynload/_decimal.cpython-310-x86_64-linux-gnu.so
70e8a3ad1000-70e8a3ae1000 r--p 00038000 08:11 6967387                    /anaconda/envs/azureml_py310_sdkv2/lib/python3.10/lib-dynload/_decimal.cpython-310-x86_64-linux-gnu.so
70e8a3ae1000-70e8a3ae2000 r--p 00047000 08:11 6967387                    /anaconda/envs/azureml_py310_sdkv2/lib/python3.10/lib-dynload/_decimal.cpython-310-x86_64-linux-gnu.so
70e8a3ae2000-70e8a3ae5000 rw-p 00048000 08:11 6967387                    /anaconda/envs/azureml_py310_sdkv2/lib/python3.10/lib-dynload/_decimal.cpython-310-x86_64-linux-gnu.so
70e8a3ae5000-70e8a3be5000 rw-p 00000000 00:00 0 
70e8a3be5000-70e8a3bf5000 r--p 00000000 08:11 6009447                    /anaconda/envs/azureml_py310_sdkv2/lib/libtinfow.so.6.4
70e8a3bf5000-70e8a3c11000 r-xp 00010000 08:11 6009447                    /anaconda/envs/azureml_py310_sdkv2/lib/libtinfow.so.6.4
70e8a3c11000-70e8a3c22000 r--p 0002c000 08:11 6009447                    /anaconda/envs/azureml_py310_sdkv2/lib/libtinfow.so.6.4
70e8a3c22000-70e8a3c26000 r--p 0003c000 08:11 6009447                    /anaconda/envs/azureml_py310_sdkv2/lib/libtinfow.so.6.4
70e8a3c26000-70e8a3c27000 rw-p 00040000 08:11 6009447                    /anaconda/envs/azureml_py310_sdkv2/lib/libtinfow.so.6.4
70e8a3c27000-70e8a3c33000 r--p 00000000 08:11 4934590                    /anaconda/envs/azureml_py310_sdkv2/lib/libncursesw.so.6.4
70e8a3c33000-70e8a3c58000 r-xp 0000c000 08:11 4934590                    /anaconda/envs/azureml_py310_sdkv2/lib/libncursesw.so.6.4
70e8a3c58000-70e8a3c61000 r--p 00031000 08:11 4934590                    /anaconda/envs/azureml_py310_sdkv2/lib/libncursesw.so.6.4
70e8a3c61000-70e8a3c62000 r--p 00039000 08:11 4934590                    /anaconda/envs/azureml_py310_sdkv2/lib/libncursesw.so.6.4
70e8a3c62000-70e8a3c63000 rw-p 0003a000 08:11 4934590                    /anaconda/envs/azureml_py310_sdkv2/lib/libncursesw.so.6.4
70e8a3c63000-70e8a3c6b000 r--p 00000000 08:11 6967380                    /anaconda/envs/azureml_py310_sdkv2/lib/python3.10/lib-dynload/_curses.cpython-310-x86_64-linux-gnu.so
70e8a3c6b000-70e8a3c78000 r-xp 00008000 08:11 6967380                    /anaconda/envs/azureml_py310_sdkv2/lib/python3.10/lib-dynload/_curses.cpython-310-x86_64-linux-gnu.so
70e8a3c78000-70e8a3c83000 r--p 00015000 08:11 6967380                    /anaconda/envs/azureml_py310_sdkv2/lib/python3.10/lib-dynload/_curses.cpython-310-x86_64-linux-gnu.so
70e8a3c83000-70e8a3c84000 r--p 0001f000 08:11 6967380                    /anaconda/envs/azureml_py310_sdkv2/lib/python3.10/lib-dynload/_curses.cpython-310-x86_64-linux-gnu.so
70e8a3c84000-70e8a3c86000 rw-p 00020000 08:11 6967380                    /anaconda/envs/azureml_py310_sdkv2/lib/python3.10/lib-dynload/_curses.cpython-310-x86_64-linux-gnu.so
70e8a3c86000-70e8a3c89000 r--p 00000000 08:11 6517414                    /anaconda/envs/azureml_py310_sdkv2/lib/libffi.so.8.1.2
70e8a3c89000-70e8a3c93000 r-xp 00003000 08:11 6517414                    /anaconda/envs/azureml_py310_sdkv2/lib/libffi.so.8.1.2
70e8a3c93000-70e8a3c95000 r--p 0000d000 08:11 6517414                    /anaconda/envs/azureml_py310_sdkv2/lib/libffi.so.8.1.2
70e8a3c95000-70e8a3c96000 r--p 0000e000 08:11 6517414                    /anaconda/envs/azureml_py310_sdkv2/lib/libffi.so.8.1.2
70e8a3c96000-70e8a3c97000 rw-p 0000f000 08:11 6517414                    /anaconda/envs/azureml_py310_sdkv2/lib/libffi.so.8.1.2
70e8a3c97000-70e8a3c9e000 r--p 00000000 08:11 6967384                    /anaconda/envs/azureml_py310_sdkv2/lib/python3.10/lib-dynload/_ctypes.cpython-310-x86_64-linux-gnu.so
70e8a3c9e000-70e8a3cac000 r-xp 00007000 08:11 6967384                    /anaconda/envs/azureml_py310_sdkv2/lib/python3.10/lib-dynload/_ctypes.cpython-310-x86_64-linux-gnu.so
70e8a3cac000-70e8a3cb2000 r--p 00015000 08:11 6967384                    /anaconda/envs/azureml_py310_sdkv2/lib/python3.10/lib-dynload/_ctypes.cpython-310-x86_64-linux-gnu.so
70e8a3cb2000-70e8a3cb3000 r--p 0001a000 08:11 6967384                    /anaconda/envs/azureml_py310_sdkv2/lib/python3.10/lib-dynload/_ctypes.cpython-310-x86_64-linux-gnu.so
70e8a3cb3000-70e8a3cb7000 rw-p 0001b000 08:11 6967384                    /anaconda/envs/azureml_py310_sdkv2/lib/python3.10/lib-dynload/_ctypes.cpython-310-x86_64-linux-gnu.so
70e8a3cb7000-70e8a3cba000 r--p 00000000 08:11 6967352                    /anaconda/envs/azureml_py310_sdkv2/lib/python3.10/lib-dynload/zlib.cpython-310-x86_64-linux-gnu.so
70e8a3cba000-70e8a3cbe000 r-xp 00003000 08:11 6967352                    /anaconda/envs/azureml_py310_sdkv2/lib/python3.10/lib-dynload/zlib.cpython-310-x86_64-linux-gnu.so
70e8a3cbe000-70e8a3cc1000 r--p 00007000 08:11 6967352                    /anaconda/envs/azureml_py310_sdkv2/lib/python3.10/lib-dynload/zlib.cpython-310-x86_64-linux-gnu.so
70e8a3cc1000-70e8a3cc2000 r--p 00009000 08:11 6967352                    /anaconda/envs/azureml_py310_sdkv2/lib/python3.10/lib-dynload/zlib.cpython-310-x86_64-linux-gnu.so
70e8a3cc2000-70e8a3cc3000 rw-p 0000a000 08:11 6967352                    /anaconda/envs/azureml_py310_sdkv2/lib/python3.10/lib-dynload/zlib.cpython-310-x86_64-linux-gnu.so
70e8a3cc3000-70e8a3dc3000 rw-p 00000000 00:00 0 
70e8a3dc3000-70e8a3dc8000 r--p 00000000 08:11 6967385                    /anaconda/envs/azureml_py310_sdkv2/lib/python3.10/lib-dynload/_datetime.cpython-310-x86_64-linux-gnu.so
70e8a3dc8000-70e8a3dd9000 r-xp 00005000 08:11 6967385                    /anaconda/envs/azureml_py310_sdkv2/lib/python3.10/lib-dynload/_datetime.cpython-310-x86_64-linux-gnu.so
70e8a3dd9000-70e8a3ddf000 r--p 00016000 08:11 6967385                    /anaconda/envs/azureml_py310_sdkv2/lib/python3.10/lib-dynload/_datetime.cpython-310-x86_64-linux-gnu.so
70e8a3ddf000-70e8a3de0000 r--p 0001b000 08:11 6967385                    /anaconda/envs/azureml_py310_sdkv2/lib/python3.10/lib-dynload/_datetime.cpython-310-x86_64-linux-gnu.so
70e8a3de0000-70e8a3de2000 rw-p 0001c000 08:11 6967385                    /anaconda/envs/azureml_py310_sdkv2/lib/python3.10/lib-dynload/_datetime.cpython-310-x86_64-linux-gnu.so
70e8a3de2000-70e8a3de4000 r--p 00000000 08:11 6967373                    /anaconda/envs/azureml_py310_sdkv2/lib/python3.10/lib-dynload/_blake2.cpython-310-x86_64-linux-gnu.so
70e8a3de4000-70e8a3dec000 r-xp 00002000 08:11 6967373                    /anaconda/envs/azureml_py310_sdkv2/lib/python3.10/lib-dynload/_blake2.cpython-310-x86_64-linux-gnu.so
70e8a3dec000-70e8a3dee000 r--p 0000a000 08:11 6967373                    /anaconda/envs/azureml_py310_sdkv2/lib/python3.10/lib-dynload/_blake2.cpython-310-x86_64-linux-gnu.so
70e8a3dee000-70e8a3def000 r--p 0000b000 08:11 6967373                    /anaconda/envs/azureml_py310_sdkv2/lib/python3.10/lib-dynload/_blake2.cpython-310-x86_64-linux-gnu.so
70e8a3def000-70e8a3df0000 rw-p 0000c000 08:11 6967373                    /anaconda/envs/azureml_py310_sdkv2/lib/python3.10/lib-dynload/_blake2.cpython-310-x86_64-linux-gnu.so
70e8a3df0000-70e8a3df4000 r--p 00000000 08:11 6967366                    /anaconda/envs/azureml_py310_sdkv2/lib/python3.10/lib-dynload/_hashlib.cpython-310-x86_64-linux-gnu.so
70e8a3df4000-70e8a3dfa000 r-xp 00004000 08:11 6967366                    /anaconda/envs/azureml_py310_sdkv2/lib/python3.10/lib-dynload/_hashlib.cpython-310-x86_64-linux-gnu.so
70e8a3dfa000-70e8a3dfe000 r--p 0000a000 08:11 6967366                    /anaconda/envs/azureml_py310_sdkv2/lib/python3.10/lib-dynload/_hashlib.cpython-310-x86_64-linux-gnu.so
70e8a3dfe000-70e8a3dff000 r--p 0000e000 08:11 6967366                    /anaconda/envs/azureml_py310_sdkv2/lib/python3.10/lib-dynload/_hashlib.cpython-310-x86_64-linux-gnu.so
70e8a3dff000-70e8a3e00000 rw-p 0000f000 08:11 6967366                    /anaconda/envs/azureml_py310_sdkv2/lib/python3.10/lib-dynload/_hashlib.cpython-310-x86_64-linux-gnu.so
70e8a3e00000-70e8a3ea1000 r--p 00000000 08:11 4976653                    /anaconda/envs/azureml_py310_sdkv2/lib/libstdc++.so.6.0.29
70e8a3ea1000-70e8a3f96000 r-xp 000a1000 08:11 4976653                    /anaconda/envs/azureml_py310_sdkv2/lib/libstdc++.so.6.0.29
70e8a3f96000-70e8a4002000 r--p 00196000 08:11 4976653                    /anaconda/envs/azureml_py310_sdkv2/lib/libstdc++.so.6.0.29
70e8a4002000-70e8a4003000 ---p 00202000 08:11 4976653                    /anaconda/envs/azureml_py310_sdkv2/lib/libstdc++.so.6.0.29
70e8a4003000-70e8a400e000 r--p 00202000 08:11 4976653                    /anaconda/envs/azureml_py310_sdkv2/lib/libstdc++.so.6.0.29
70e8a400e000-70e8a4011000 rw-p 0020d000 08:11 4976653                    /anaconda/envs/azureml_py310_sdkv2/lib/libstdc++.so.6.0.29
70e8a4011000-70e8a4014000 rw-p 00000000 00:00 0 
70e8a4014000-70e8a4015000 r--p 00000000 08:11 6187                       /usr/lib/locale/C.utf8/LC_MONETARY
70e8a4015000-70e8a4016000 r--p 00000000 08:11 6181                       /usr/lib/locale/C.utf8/LC_MESSAGES/SYS_LC_MESSAGES
70e8a4016000-70e8a4116000 rw-p 00000000 00:00 0 
70e8a4116000-70e8a4118000 r--p 00000000 08:11 6967346                    /anaconda/envs/azureml_py310_sdkv2/lib/python3.10/lib-dynload/_sha512.cpython-310-x86_64-linux-gnu.so
70e8a4118000-70e8a411d000 r-xp 00002000 08:11 6967346                    /anaconda/envs/azureml_py310_sdkv2/lib/python3.10/lib-dynload/_sha512.cpython-310-x86_64-linux-gnu.so
70e8a411d000-70e8a411e000 r--p 00007000 08:11 6967346                    /anaconda/envs/azureml_py310_sdkv2/lib/python3.10/lib-dynload/_sha512.cpython-310-x86_64-linux-gnu.so
70e8a411e000-70e8a411f000 r--p 00007000 08:11 6967346                    /anaconda/envs/azureml_py310_sdkv2/lib/python3.10/lib-dynload/_sha512.cpython-310-x86_64-linux-gnu.so
70e8a411f000-70e8a4120000 rw-p 00008000 08:11 6967346                    /anaconda/envs/azureml_py310_sdkv2/lib/python3.10/lib-dynload/_sha512.cpython-310-x86_64-linux-gnu.so
70e8a4120000-70e8a4125000 r--p 00000000 08:11 6967383                    /anaconda/envs/azureml_py310_sdkv2/lib/python3.10/lib-dynload/_pickle.cpython-310-x86_64-linux-gnu.so
70e8a4125000-70e8a4137000 r-xp 00005000 08:11 6967383                    /anaconda/envs/azureml_py310_sdkv2/lib/python3.10/lib-dynload/_pickle.cpython-310-x86_64-linux-gnu.so
70e8a4137000-70e8a413d000 r--p 00017000 08:11 6967383                    /anaconda/envs/azureml_py310_sdkv2/lib/python3.10/lib-dynload/_pickle.cpython-310-x86_64-linux-gnu.so
70e8a413d000-70e8a413e000 r--p 0001d000 08:11 6967383                    /anaconda/envs/azureml_py310_sdkv2/lib/python3.10/lib-dynload/_pickle.cpython-310-x86_64-linux-gnu.so
70e8a413e000-70e8a4140000 rw-p 0001e000 08:11 6967383                    /anaconda/envs/azureml_py310_sdkv2/lib/python3.10/lib-dynload/_pickle.cpython-310-x86_64-linux-gnu.so
70e8a4140000-70e8a4143000 r--p 00000000 08:11 4977114                    /anaconda/envs/azureml_py310_sdkv2/lib/libgcc_s.so.1
70e8a4143000-70e8a4155000 r-xp 00003000 08:11 4977114                    /anaconda/envs/azureml_py310_sdkv2/lib/libgcc_s.so.1
70e8a4155000-70e8a4158000 r--p 00015000 08:11 4977114                    /anaconda/envs/azureml_py310_sdkv2/lib/libgcc_s.so.1
70e8a4158000-70e8a4159000 r--p 00017000 08:11 4977114                    /anaconda/envs/azureml_py310_sdkv2/lib/libgcc_s.so.1
70e8a4159000-70e8a415a000 rw-p 00018000 08:11 4977114                    /anaconda/envs/azureml_py310_sdkv2/lib/libgcc_s.so.1
70e8a415a000-70e8a4171000 r--p 00000000 08:11 4976249                    /anaconda/envs/azureml_py310_sdkv2/lib/libzmq.so.5.2.5
70e8a4171000-70e8a41d9000 r-xp 00017000 08:11 4976249                    /anaconda/envs/azureml_py310_sdkv2/lib/libzmq.so.5.2.5
70e8a41d9000-70e8a41f7000 r--p 0007f000 08:11 4976249                    /anaconda/envs/azureml_py310_sdkv2/lib/libzmq.so.5.2.5
70e8a41f7000-70e8a41ff000 r--p 0009c000 08:11 4976249                    /anaconda/envs/azureml_py310_sdkv2/lib/libzmq.so.5.2.5
70e8a41ff000-70e8a4200000 rw-p 000a4000 08:11 4976249                    /anaconda/envs/azureml_py310_sdkv2/lib/libzmq.so.5.2.5
70e8a4200000-70e8a42b8000 r--p 00000000 08:11 6009606                    /anaconda/envs/azureml_py310_sdkv2/lib/libcrypto.so.3
70e8a42b8000-70e8a4515000 r-xp 000b8000 08:11 6009606                    /anaconda/envs/azureml_py310_sdkv2/lib/libcrypto.so.3
70e8a4515000-70e8a45ef000 r--p 00315000 08:11 6009606                    /anaconda/envs/azureml_py310_sdkv2/lib/libcrypto.so.3
70e8a45ef000-70e8a464a000 r--p 003ef000 08:11 6009606                    /anaconda/envs/azureml_py310_sdkv2/lib/libcrypto.so.3
70e8a464a000-70e8a464d000 rw-p 0044a000 08:11 6009606                    /anaconda/envs/azureml_py310_sdkv2/lib/libcrypto.so.3
70e8a464d000-70e8a4650000 rw-p 00000000 00:00 0 
70e8a4650000-70e8a4651000 r--p 00000000 08:11 6190                       /usr/lib/locale/C.utf8/LC_PAPER
70e8a4651000-70e8a4652000 r--p 00000000 08:11 5747876                    /anaconda/envs/azureml_py310_sdkv2/lib/python3.10/site-packages/tornado/speedups.cpython-310-x86_64-linux-gnu.so
70e8a4652000-70e8a4653000 r-xp 00001000 08:11 5747876                    /anaconda/envs/azureml_py310_sdkv2/lib/python3.10/site-packages/tornado/speedups.cpython-310-x86_64-linux-gnu.so
70e8a4653000-70e8a4654000 r--p 00002000 08:11 5747876                    /anaconda/envs/azureml_py310_sdkv2/lib/python3.10/site-packages/tornado/speedups.cpython-310-x86_64-linux-gnu.so
70e8a4654000-70e8a4655000 r--p 00002000 08:11 5747876                    /anaconda/envs/azureml_py310_sdkv2/lib/python3.10/site-packages/tornado/speedups.cpython-310-x86_64-linux-gnu.so
70e8a4655000-70e8a4656000 rw-p 00003000 08:11 5747876                    /anaconda/envs/azureml_py310_sdkv2/lib/python3.10/site-packages/tornado/speedups.cpython-310-x86_64-linux-gnu.so
70e8a4656000-70e8a4658000 r--p 00000000 08:11 6967336                    /anaconda/envs/azureml_py310_sdkv2/lib/python3.10/lib-dynload/_random.cpython-310-x86_64-linux-gnu.so
70e8a4658000-70e8a465a000 r-xp 00002000 08:11 6967336                    /anaconda/envs/azureml_py310_sdkv2/lib/python3.10/lib-dynload/_random.cpython-310-x86_64-linux-gnu.so
70e8a465a000-70e8a465b000 r--p 00004000 08:11 6967336                    /anaconda/envs/azureml_py310_sdkv2/lib/python3.10/lib-dynload/_random.cpython-310-x86_64-linux-gnu.so
70e8a465b000-70e8a465c000 r--p 00004000 08:11 6967336                    /anaconda/envs/azureml_py310_sdkv2/lib/python3.10/lib-dynload/_random.cpython-310-x86_64-linux-gnu.so
70e8a465c000-70e8a465d000 rw-p 00005000 08:11 6967336                    /anaconda/envs/azureml_py310_sdkv2/lib/python3.10/lib-dynload/_random.cpython-310-x86_64-linux-gnu.so
70e8a465d000-70e8a465f000 r--p 00000000 08:11 6967332                    /anaconda/envs/azureml_py310_sdkv2/lib/python3.10/lib-dynload/_bisect.cpython-310-x86_64-linux-gnu.so
70e8a465f000-70e8a4661000 r-xp 00002000 08:11 6967332                    /anaconda/envs/azureml_py310_sdkv2/lib/python3.10/lib-dynload/_bisect.cpython-310-x86_64-linux-gnu.so
70e8a4661000-70e8a4662000 r--p 00004000 08:11 6967332                    /anaconda/envs/azureml_py310_sdkv2/lib/python3.10/lib-dynload/_bisect.cpython-310-x86_64-linux-gnu.so
70e8a4662000-70e8a4663000 r--p 00004000 08:11 6967332                    /anaconda/envs/azureml_py310_sdkv2/lib/python3.10/lib-dynload/_bisect.cpython-310-x86_64-linux-gnu.so
70e8a4663000-70e8a4664000 rw-p 00005000 08:11 6967332                    /anaconda/envs/azureml_py310_sdkv2/lib/python3.10/lib-dynload/_bisect.cpython-310-x86_64-linux-gnu.so
70e8a4664000-70e8a4672000 r--p 00000000 08:11 4976445                    /anaconda/envs/azureml_py310_sdkv2/lib/libsodium.so.23.3.0
70e8a4672000-70e8a46ab000 r-xp 0000e000 08:11 4976445                    /anaconda/envs/azureml_py310_sdkv2/lib/libsodium.so.23.3.0
70e8a46ab000-70e8a46bd000 r--p 00047000 08:11 4976445                    /anaconda/envs/azureml_py310_sdkv2/lib/libsodium.so.23.3.0
70e8a46bd000-70e8a46be000 r--p 00058000 08:11 4976445                    /anaconda/envs/azureml_py310_sdkv2/lib/libsodium.so.23.3.0
70e8a46be000-70e8a46bf000 rw-p 00059000 08:11 4976445                    /anaconda/envs/azureml_py310_sdkv2/lib/libsodium.so.23.3.0
70e8a46bf000-70e8a46c6000 r--p 00000000 08:11 5750701                    /anaconda/envs/azureml_py310_sdkv2/lib/python3.10/site-packages/zmq/backend/cython/_zmq.cpython-310-x86_64-linux-gnu.so
70e8a46c6000-70e8a46fb000 r-xp 00007000 08:11 5750701                    /anaconda/envs/azureml_py310_sdkv2/lib/python3.10/site-packages/zmq/backend/cython/_zmq.cpython-310-x86_64-linux-gnu.so
70e8a46fb000-70e8a4705000 r--p 0003c000 08:11 5750701                    /anaconda/envs/azureml_py310_sdkv2/lib/python3.10/site-packages/zmq/backend/cython/_zmq.cpython-310-x86_64-linux-gnu.so
70e8a4705000-70e8a4706000 r--p 00046000 08:11 5750701                    /anaconda/envs/azureml_py310_sdkv2/lib/python3.10/site-packages/zmq/backend/cython/_zmq.cpython-310-x86_64-linux-gnu.so
70e8a4706000-70e8a4708000 rw-p 00047000 08:11 5750701                    /anaconda/envs/azureml_py310_sdkv2/lib/python3.10/site-packages/zmq/backend/cython/_zmq.cpython-310-x86_64-linux-gnu.so
70e8a4708000-70e8a4809000 rw-p 00000000 00:00 0 
70e8a4809000-70e8a480c000 r--p 00000000 08:11 6517769                    /anaconda/envs/azureml_py310_sdkv2/lib/libz.so.1.2.13
70e8a480c000-70e8a481e000 r-xp 00003000 08:11 6517769                    /anaconda/envs/azureml_py310_sdkv2/lib/libz.so.1.2.13
70e8a481e000-70e8a4825000 r--p 00015000 08:11 6517769                    /anaconda/envs/azureml_py310_sdkv2/lib/libz.so.1.2.13
70e8a4825000-70e8a4826000 r--p 0001b000 08:11 6517769                    /anaconda/envs/azureml_py310_sdkv2/lib/libz.so.1.2.13
70e8a4826000-70e8a4827000 rw-p 0001c000 08:11 6517769                    /anaconda/envs/azureml_py310_sdkv2/lib/libz.so.1.2.13
70e8a4827000-70e8a4848000 r--p 00000000 08:11 4911148                    /anaconda/envs/azureml_py310_sdkv2/lib/libssl.so.3
70e8a4848000-70e8a489f000 r-xp 00021000 08:11 4911148                    /anaconda/envs/azureml_py310_sdkv2/lib/libssl.so.3
70e8a489f000-70e8a48be000 r--p 00078000 08:11 4911148                    /anaconda/envs/azureml_py310_sdkv2/lib/libssl.so.3
70e8a48be000-70e8a48c8000 r--p 00096000 08:11 4911148                    /anaconda/envs/azureml_py310_sdkv2/lib/libssl.so.3
70e8a48c8000-70e8a48cc000 rw-p 000a0000 08:11 4911148                    /anaconda/envs/azureml_py310_sdkv2/lib/libssl.so.3
70e8a48cc000-70e8a48df000 r--p 00000000 08:11 6967382                    /anaconda/envs/azureml_py310_sdkv2/lib/python3.10/lib-dynload/_ssl.cpython-310-x86_64-linux-gnu.so
70e8a48df000-70e8a48e9000 r-xp 00013000 08:11 6967382                    /anaconda/envs/azureml_py310_sdkv2/lib/python3.10/lib-dynload/_ssl.cpython-310-x86_64-linux-gnu.so
70e8a48e9000-70e8a48f7000 r--p 0001d000 08:11 6967382                    /anaconda/envs/azureml_py310_sdkv2/lib/python3.10/lib-dynload/_ssl.cpython-310-x86_64-linux-gnu.so
70e8a48f7000-70e8a48f8000 r--p 0002b000 08:11 6967382                    /anaconda/envs/azureml_py310_sdkv2/lib/python3.10/lib-dynload/_ssl.cpython-310-x86_64-linux-gnu.so
70e8a48f8000-70e8a4900000 rw-p 0002c000 08:11 6967382                    /anaconda/envs/azureml_py310_sdkv2/lib/python3.10/lib-dynload/_ssl.cpython-310-x86_64-linux-gnu.so
70e8a4900000-70e8a4e00000 rw-p 00000000 00:00 0 
70e8a4e00000-70e8a50e9000 r--p 00000000 08:11 6193                       /usr/lib/locale/locale-archive
70e8a50e9000-70e8a50ea000 r--p 00000000 08:11 6188                       /usr/lib/locale/C.utf8/LC_NAME
70e8a50ea000-70e8a50eb000 r--p 00000000 08:11 5039                       /usr/lib/x86_64-linux-gnu/librt.so.1
70e8a50eb000-70e8a50ec000 r-xp 00001000 08:11 5039                       /usr/lib/x86_64-linux-gnu/librt.so.1
70e8a50ec000-70e8a50ed000 r--p 00002000 08:11 5039                       /usr/lib/x86_64-linux-gnu/librt.so.1
70e8a50ed000-70e8a50ee000 r--p 00002000 08:11 5039                       /usr/lib/x86_64-linux-gnu/librt.so.1
70e8a50ee000-70e8a50ef000 rw-p 00003000 08:11 5039                       /usr/lib/x86_64-linux-gnu/librt.so.1
70e8a50ef000-70e8a50f4000 r--p 00000000 08:11 6967369                    /anaconda/envs/azureml_py310_sdkv2/lib/python3.10/lib-dynload/_asyncio.cpython-310-x86_64-linux-gnu.so
70e8a50f4000-70e8a50f9000 r-xp 00005000 08:11 6967369                    /anaconda/envs/azureml_py310_sdkv2/lib/python3.10/lib-dynload/_asyncio.cpython-310-x86_64-linux-gnu.so
70e8a50f9000-70e8a50fd000 r--p 0000a000 08:11 6967369                    /anaconda/envs/azureml_py310_sdkv2/lib/python3.10/lib-dynload/_asyncio.cpython-310-x86_64-linux-gnu.so
70e8a50fd000-70e8a50fe000 r--p 0000d000 08:11 6967369                    /anaconda/envs/azureml_py310_sdkv2/lib/python3.10/lib-dynload/_asyncio.cpython-310-x86_64-linux-gnu.so
70e8a50fe000-70e8a5100000 rw-p 0000e000 08:11 6967369                    /anaconda/envs/azureml_py310_sdkv2/lib/python3.10/lib-dynload/_asyncio.cpython-310-x86_64-linux-gnu.so
70e8a5100000-70e8a5200000 rw-p 00000000 00:00 0 
70e8a5200000-70e8a5228000 r--p 00000000 08:11 5025                       /usr/lib/x86_64-linux-gnu/libc.so.6
70e8a5228000-70e8a53bd000 r-xp 00028000 08:11 5025                       /usr/lib/x86_64-linux-gnu/libc.so.6
70e8a53bd000-70e8a5415000 r--p 001bd000 08:11 5025                       /usr/lib/x86_64-linux-gnu/libc.so.6
70e8a5415000-70e8a5416000 ---p 00215000 08:11 5025                       /usr/lib/x86_64-linux-gnu/libc.so.6
70e8a5416000-70e8a541a000 r--p 00215000 08:11 5025                       /usr/lib/x86_64-linux-gnu/libc.so.6
70e8a541a000-70e8a541c000 rw-p 00219000 08:11 5025                       /usr/lib/x86_64-linux-gnu/libc.so.6
70e8a541c000-70e8a5429000 rw-p 00000000 00:00 0 
70e8a5429000-70e8a542a000 r--p 00000000 08:11 6182                       /usr/lib/locale/C.utf8/LC_ADDRESS
70e8a542a000-70e8a542b000 r--p 00000000 08:11 6191                       /usr/lib/locale/C.utf8/LC_TELEPHONE
70e8a542b000-70e8a542d000 r--p 00000000 08:11 6967326                    /anaconda/envs/azureml_py310_sdkv2/lib/python3.10/lib-dynload/_queue.cpython-310-x86_64-linux-gnu.so
70e8a542d000-70e8a542e000 r-xp 00002000 08:11 6967326                    /anaconda/envs/azureml_py310_sdkv2/lib/python3.10/lib-dynload/_queue.cpython-310-x86_64-linux-gnu.so
70e8a542e000-70e8a542f000 r--p 00003000 08:11 6967326                    /anaconda/envs/azureml_py310_sdkv2/lib/python3.10/lib-dynload/_queue.cpython-310-x86_64-linux-gnu.so
70e8a542f000-70e8a5430000 r--p 00003000 08:11 6967326                    /anaconda/envs/azureml_py310_sdkv2/lib/python3.10/lib-dynload/_queue.cpython-310-x86_64-linux-gnu.so
70e8a5430000-70e8a5431000 rw-p 00004000 08:11 6967326                    /anaconda/envs/azureml_py310_sdkv2/lib/python3.10/lib-dynload/_queue.cpython-310-x86_64-linux-gnu.so
70e8a5431000-70e8a5432000 r--p 00000000 08:11 6967315                    /anaconda/envs/azureml_py310_sdkv2/lib/python3.10/lib-dynload/_contextvars.cpython-310-x86_64-linux-gnu.so
70e8a5432000-70e8a5433000 r-xp 00001000 08:11 6967315                    /anaconda/envs/azureml_py310_sdkv2/lib/python3.10/lib-dynload/_contextvars.cpython-310-x86_64-linux-gnu.so
70e8a5433000-70e8a5434000 r--p 00002000 08:11 6967315                    /anaconda/envs/azureml_py310_sdkv2/lib/python3.10/lib-dynload/_contextvars.cpython-310-x86_64-linux-gnu.so
70e8a5434000-70e8a5435000 r--p 00002000 08:11 6967315                    /anaconda/envs/azureml_py310_sdkv2/lib/python3.10/lib-dynload/_contextvars.cpython-310-x86_64-linux-gnu.so
70e8a5435000-70e8a5436000 rw-p 00003000 08:11 6967315                    /anaconda/envs/azureml_py310_sdkv2/lib/python3.10/lib-dynload/_contextvars.cpython-310-x86_64-linux-gnu.so
70e8a5436000-70e8a5438000 r--p 00000000 08:11 6967351                    /anaconda/envs/azureml_py310_sdkv2/lib/python3.10/lib-dynload/binascii.cpython-310-x86_64-linux-gnu.so
70e8a5438000-70e8a543d000 r-xp 00002000 08:11 6967351                    /anaconda/envs/azureml_py310_sdkv2/lib/python3.10/lib-dynload/binascii.cpython-310-x86_64-linux-gnu.so
70e8a543d000-70e8a543f000 r--p 00007000 08:11 6967351                    /anaconda/envs/azureml_py310_sdkv2/lib/python3.10/lib-dynload/binascii.cpython-310-x86_64-linux-gnu.so
70e8a543f000-70e8a5440000 r--p 00009000 08:11 6967351                    /anaconda/envs/azureml_py310_sdkv2/lib/python3.10/lib-dynload/binascii.cpython-310-x86_64-linux-gnu.so
70e8a5440000-70e8a5441000 rw-p 0000a000 08:11 6967351                    /anaconda/envs/azureml_py310_sdkv2/lib/python3.10/lib-dynload/binascii.cpython-310-x86_64-linux-gnu.so
70e8a5441000-70e8a5445000 r--p 00000000 08:11 6967368                    /anaconda/envs/azureml_py310_sdkv2/lib/python3.10/lib-dynload/_struct.cpython-310-x86_64-linux-gnu.so
70e8a5445000-70e8a544a000 r-xp 00004000 08:11 6967368                    /anaconda/envs/azureml_py310_sdkv2/lib/python3.10/lib-dynload/_struct.cpython-310-x86_64-linux-gnu.so
70e8a544a000-70e8a544e000 r--p 00009000 08:11 6967368                    /anaconda/envs/azureml_py310_sdkv2/lib/python3.10/lib-dynload/_struct.cpython-310-x86_64-linux-gnu.so
70e8a544e000-70e8a544f000 r--p 0000c000 08:11 6967368                    /anaconda/envs/azureml_py310_sdkv2/lib/python3.10/lib-dynload/_struct.cpython-310-x86_64-linux-gnu.so
70e8a544f000-70e8a5450000 rw-p 0000d000 08:11 6967368                    /anaconda/envs/azureml_py310_sdkv2/lib/python3.10/lib-dynload/_struct.cpython-310-x86_64-linux-gnu.so
70e8a5450000-70e8a5454000 r--p 00000000 08:11 6967370                    /anaconda/envs/azureml_py310_sdkv2/lib/python3.10/lib-dynload/array.cpython-310-x86_64-linux-gnu.so
70e8a5454000-70e8a545b000 r-xp 00004000 08:11 6967370                    /anaconda/envs/azureml_py310_sdkv2/lib/python3.10/lib-dynload/array.cpython-310-x86_64-linux-gnu.so
70e8a545b000-70e8a545f000 r--p 0000b000 08:11 6967370                    /anaconda/envs/azureml_py310_sdkv2/lib/python3.10/lib-dynload/array.cpython-310-x86_64-linux-gnu.so
70e8a545f000-70e8a5460000 r--p 0000f000 08:11 6967370                    /anaconda/envs/azureml_py310_sdkv2/lib/python3.10/lib-dynload/array.cpython-310-x86_64-linux-gnu.so
70e8a5460000-70e8a5461000 rw-p 00010000 08:11 6967370                    /anaconda/envs/azureml_py310_sdkv2/lib/python3.10/lib-dynload/array.cpython-310-x86_64-linux-gnu.so
70e8a5461000-70e8a5466000 r--p 00000000 08:11 6967375                    /anaconda/envs/azureml_py310_sdkv2/lib/python3.10/lib-dynload/_socket.cpython-310-x86_64-linux-gnu.so
70e8a5466000-70e8a546f000 r-xp 00005000 08:11 6967375                    /anaconda/envs/azureml_py310_sdkv2/lib/python3.10/lib-dynload/_socket.cpython-310-x86_64-linux-gnu.so
70e8a546f000-70e8a5477000 r--p 0000e000 08:11 6967375                    /anaconda/envs/azureml_py310_sdkv2/lib/python3.10/lib-dynload/_socket.cpython-310-x86_64-linux-gnu.so
70e8a5477000-70e8a5478000 r--p 00016000 08:11 6967375                    /anaconda/envs/azureml_py310_sdkv2/lib/python3.10/lib-dynload/_socket.cpython-310-x86_64-linux-gnu.so
70e8a5478000-70e8a5479000 rw-p 00017000 08:11 6967375                    /anaconda/envs/azureml_py310_sdkv2/lib/python3.10/lib-dynload/_socket.cpython-310-x86_64-linux-gnu.so
70e8a5479000-70e8a547a000 r--p 00000000 08:11 6967348                    /anaconda/envs/azureml_py310_sdkv2/lib/python3.10/lib-dynload/_heapq.cpython-310-x86_64-linux-gnu.so
70e8a547a000-70e8a547d000 r-xp 00001000 08:11 6967348                    /anaconda/envs/azureml_py310_sdkv2/lib/python3.10/lib-dynload/_heapq.cpython-310-x86_64-linux-gnu.so
70e8a547d000-70e8a5480000 r--p 00004000 08:11 6967348                    /anaconda/envs/azureml_py310_sdkv2/lib/python3.10/lib-dynload/_heapq.cpython-310-x86_64-linux-gnu.so
70e8a5480000-70e8a5481000 r--p 00006000 08:11 6967348                    /anaconda/envs/azureml_py310_sdkv2/lib/python3.10/lib-dynload/_heapq.cpython-310-x86_64-linux-gnu.so
70e8a5481000-70e8a5482000 rw-p 00007000 08:11 6967348                    /anaconda/envs/azureml_py310_sdkv2/lib/python3.10/lib-dynload/_heapq.cpython-310-x86_64-linux-gnu.so
70e8a5482000-70e8a5483000 r--p 00000000 08:11 6967317                    /anaconda/envs/azureml_py310_sdkv2/lib/python3.10/lib-dynload/_opcode.cpython-310-x86_64-linux-gnu.so
70e8a5483000-70e8a5484000 r-xp 00001000 08:11 6967317                    /anaconda/envs/azureml_py310_sdkv2/lib/python3.10/lib-dynload/_opcode.cpython-310-x86_64-linux-gnu.so
70e8a5484000-70e8a5485000 r--p 00002000 08:11 6967317                    /anaconda/envs/azureml_py310_sdkv2/lib/python3.10/lib-dynload/_opcode.cpython-310-x86_64-linux-gnu.so
70e8a5485000-70e8a5486000 r--p 00002000 08:11 6967317                    /anaconda/envs/azureml_py310_sdkv2/lib/python3.10/lib-dynload/_opcode.cpython-310-x86_64-linux-gnu.so
70e8a5486000-70e8a5487000 rw-p 00003000 08:11 6967317                    /anaconda/envs/azureml_py310_sdkv2/lib/python3.10/lib-dynload/_opcode.cpython-310-x86_64-linux-gnu.so
70e8a5487000-70e8a548a000 r--p 00000000 08:11 6967358                    /anaconda/envs/azureml_py310_sdkv2/lib/python3.10/lib-dynload/_json.cpython-310-x86_64-linux-gnu.so
70e8a548a000-70e8a5490000 r-xp 00003000 08:11 6967358                    /anaconda/envs/azureml_py310_sdkv2/lib/python3.10/lib-dynload/_json.cpython-310-x86_64-linux-gnu.so
70e8a5490000-70e8a5492000 r--p 00009000 08:11 6967358                    /anaconda/envs/azureml_py310_sdkv2/lib/python3.10/lib-dynload/_json.cpython-310-x86_64-linux-gnu.so
70e8a5492000-70e8a5493000 r--p 0000a000 08:11 6967358                    /anaconda/envs/azureml_py310_sdkv2/lib/python3.10/lib-dynload/_json.cpython-310-x86_64-linux-gnu.so
70e8a5493000-70e8a5494000 rw-p 0000b000 08:11 6967358                    /anaconda/envs/azureml_py310_sdkv2/lib/python3.10/lib-dynload/_json.cpython-310-x86_64-linux-gnu.so
70e8a5494000-70e8a5495000 ---p 00000000 00:00 0 
70e8a5495000-70e8a5496000 r--p 00000000 00:00 0 
70e8a5496000-70e8a549a000 r--p 00000000 08:11 6967374                    /anaconda/envs/azureml_py310_sdkv2/lib/python3.10/lib-dynload/math.cpython-310-x86_64-linux-gnu.so
70e8a549a000-70e8a54a2000 r-xp 00004000 08:11 6967374                    /anaconda/envs/azureml_py310_sdkv2/lib/python3.10/lib-dynload/math.cpython-310-x86_64-linux-gnu.so
70e8a54a2000-70e8a54a6000 r--p 0000c000 08:11 6967374                    /anaconda/envs/azureml_py310_sdkv2/lib/python3.10/lib-dynload/math.cpython-310-x86_64-linux-gnu.so
70e8a54a6000-70e8a54a7000 r--p 00010000 08:11 6967374                    /anaconda/envs/azureml_py310_sdkv2/lib/python3.10/lib-dynload/math.cpython-310-x86_64-linux-gnu.so
70e8a54a7000-70e8a54a8000 rw-p 00011000 08:11 6967374                    /anaconda/envs/azureml_py310_sdkv2/lib/python3.10/lib-dynload/math.cpython-310-x86_64-linux-gnu.so
70e8a54a8000-70e8a54ab000 r--p 00000000 08:11 6967350                    /anaconda/envs/azureml_py310_sdkv2/lib/python3.10/lib-dynload/select.cpython-310-x86_64-linux-gnu.so
70e8a54ab000-70e8a54ae000 r-xp 00003000 08:11 6967350                    /anaconda/envs/azureml_py310_sdkv2/lib/python3.10/lib-dynload/select.cpython-310-x86_64-linux-gnu.so
70e8a54ae000-70e8a54b0000 r--p 00006000 08:11 6967350                    /anaconda/envs/azureml_py310_sdkv2/lib/python3.10/lib-dynload/select.cpython-310-x86_64-linux-gnu.so
70e8a54b0000-70e8a54b1000 r--p 00008000 08:11 6967350                    /anaconda/envs/azureml_py310_sdkv2/lib/python3.10/lib-dynload/select.cpython-310-x86_64-linux-gnu.so
70e8a54b1000-70e8a54b2000 rw-p 00009000 08:11 6967350                    /anaconda/envs/azureml_py310_sdkv2/lib/python3.10/lib-dynload/select.cpython-310-x86_64-linux-gnu.so
70e8a54b2000-70e8a54b4000 r--p 00000000 08:11 6967337                    /anaconda/envs/azureml_py310_sdkv2/lib/python3.10/lib-dynload/_posixsubprocess.cpython-310-x86_64-linux-gnu.so
70e8a54b4000-70e8a54b6000 r-xp 00002000 08:11 6967337                    /anaconda/envs/azureml_py310_sdkv2/lib/python3.10/lib-dynload/_posixsubprocess.cpython-310-x86_64-linux-gnu.so
70e8a54b6000-70e8a54b7000 r--p 00004000 08:11 6967337                    /anaconda/envs/azureml_py310_sdkv2/lib/python3.10/lib-dynload/_posixsubprocess.cpython-310-x86_64-linux-gnu.so
70e8a54b7000-70e8a54b8000 r--p 00004000 08:11 6967337                    /anaconda/envs/azureml_py310_sdkv2/lib/python3.10/lib-dynload/_posixsubprocess.cpython-310-x86_64-linux-gnu.so
70e8a54b8000-70e8a54b9000 rw-p 00005000 08:11 6967337                    /anaconda/envs/azureml_py310_sdkv2/lib/python3.10/lib-dynload/_posixsubprocess.cpython-310-x86_64-linux-gnu.so
70e8a54b9000-70e8a5510000 r--p 00000000 08:11 6184                       /usr/lib/locale/C.utf8/LC_CTYPE
70e8a5510000-70e8a5515000 rw-p 00000000 00:00 0 
70e8a5515000-70e8a5523000 r--p 00000000 08:11 5028                       /usr/lib/x86_64-linux-gnu/libm.so.6
70e8a5523000-70e8a559f000 r-xp 0000e000 08:11 5028                       /usr/lib/x86_64-linux-gnu/libm.so.6
70e8a559f000-70e8a55fa000 r--p 0008a000 08:11 5028                       /usr/lib/x86_64-linux-gnu/libm.so.6
70e8a55fa000-70e8a55fb000 r--p 000e4000 08:11 5028                       /usr/lib/x86_64-linux-gnu/libm.so.6
70e8a55fb000-70e8a55fc000 rw-p 000e5000 08:11 5028                       /usr/lib/x86_64-linux-gnu/libm.so.6
70e8a55fc000-70e8a55fd000 r--p 00000000 08:11 5041                       /usr/lib/x86_64-linux-gnu/libutil.so.1
70e8a55fd000-70e8a55fe000 r-xp 00001000 08:11 5041                       /usr/lib/x86_64-linux-gnu/libutil.so.1
70e8a55fe000-70e8a55ff000 r--p 00002000 08:11 5041                       /usr/lib/x86_64-linux-gnu/libutil.so.1
70e8a55ff000-70e8a5600000 r--p 00002000 08:11 5041                       /usr/lib/x86_64-linux-gnu/libutil.so.1
70e8a5600000-70e8a5601000 rw-p 00003000 08:11 5041                       /usr/lib/x86_64-linux-gnu/libutil.so.1
70e8a5601000-70e8a5602000 r--p 00000000 08:11 5027                       /usr/lib/x86_64-linux-gnu/libdl.so.2
70e8a5602000-70e8a5603000 r-xp 00001000 08:11 5027                       /usr/lib/x86_64-linux-gnu/libdl.so.2
70e8a5603000-70e8a5604000 r--p 00002000 08:11 5027                       /usr/lib/x86_64-linux-gnu/libdl.so.2
70e8a5604000-70e8a5605000 r--p 00002000 08:11 5027                       /usr/lib/x86_64-linux-gnu/libdl.so.2
70e8a5605000-70e8a5606000 rw-p 00003000 08:11 5027                       /usr/lib/x86_64-linux-gnu/libdl.so.2
70e8a5606000-70e8a5607000 r--p 00000000 08:11 5037                       /usr/lib/x86_64-linux-gnu/libpthread.so.0
70e8a5607000-70e8a5608000 r-xp 00001000 08:11 5037                       /usr/lib/x86_64-linux-gnu/libpthread.so.0
70e8a5608000-70e8a5609000 r--p 00002000 08:11 5037                       /usr/lib/x86_64-linux-gnu/libpthread.so.0
70e8a5609000-70e8a560a000 r--p 00002000 08:11 5037                       /usr/lib/x86_64-linux-gnu/libpthread.so.0
70e8a560a000-70e8a560b000 rw-p 00003000 08:11 5037                       /usr/lib/x86_64-linux-gnu/libpthread.so.0
70e8a560b000-70e8a560c000 r--p 00000000 08:11 6186                       /usr/lib/locale/C.utf8/LC_MEASUREMENT
70e8a560c000-70e8a560e000 r--p 00000000 08:11 6967327                    /anaconda/envs/azureml_py310_sdkv2/lib/python3.10/lib-dynload/fcntl.cpython-310-x86_64-linux-gnu.so
70e8a560e000-70e8a5610000 r-xp 00002000 08:11 6967327                    /anaconda/envs/azureml_py310_sdkv2/lib/python3.10/lib-dynload/fcntl.cpython-310-x86_64-linux-gnu.so
70e8a5610000-70e8a5612000 r--p 00004000 08:11 6967327                    /anaconda/envs/azureml_py310_sdkv2/lib/python3.10/lib-dynload/fcntl.cpython-310-x86_64-linux-gnu.so
70e8a5612000-70e8a5613000 r--p 00005000 08:11 6967327                    /anaconda/envs/azureml_py310_sdkv2/lib/python3.10/lib-dynload/fcntl.cpython-310-x86_64-linux-gnu.so
70e8a5613000-70e8a5614000 rw-p 00006000 08:11 6967327                    /anaconda/envs/azureml_py310_sdkv2/lib/python3.10/lib-dynload/fcntl.cpython-310-x86_64-linux-gnu.so
70e8a5614000-70e8a561b000 r--s 00000000 08:11 3901                       /usr/lib/x86_64-linux-gnu/gconv/gconv-modules.cache
70e8a561b000-70e8a561d000 rw-p 00000000 00:00 0 
70e8a561d000-70e8a561f000 r--p 00000000 08:11 5019                       /usr/lib/x86_64-linux-gnu/ld-linux-x86-64.so.2
70e8a561f000-70e8a5649000 r-xp 00002000 08:11 5019                       /usr/lib/x86_64-linux-gnu/ld-linux-x86-64.so.2
70e8a5649000-70e8a5654000 r--p 0002c000 08:11 5019                       /usr/lib/x86_64-linux-gnu/ld-linux-x86-64.so.2
70e8a5654000-70e8a5655000 r--p 00000000 08:11 6185                       /usr/lib/locale/C.utf8/LC_IDENTIFICATION
70e8a5655000-70e8a5657000 r--p 00037000 08:11 5019                       /usr/lib/x86_64-linux-gnu/ld-linux-x86-64.so.2
70e8a5657000-70e8a5659000 rw-p 00039000 08:11 5019                       /usr/lib/x86_64-linux-gnu/ld-linux-x86-64.so.2
7fff555ad000-7fff555b1000 ---p 00000000 00:00 0 
7fff555b1000-7fff556ad000 rw-p 00000000 00:00 0                          [stack]
7fff55740000-7fff55744000 r--p 00000000 00:00 0                          [vvar]
7fff55744000-7fff55746000 r-xp 00000000 00:00 0                          [vdso]
ffffffffff600000-ffffffffff601000 --xp 00000000 00:00 0                  [vsyscall]


VM Arguments:
jvm_args: -Dfile.encoding=UTF8 -ea -Xmx1024m 
java_command: <unknown>
java_class_path (initial): /anaconda/envs/azureml_py310_sdkv2/lib/python3.10/site-packages/konlpy/java:/anaconda/envs/azureml_py310_sdkv2/lib/python3.10/site-packages/konlpy/java/bin:/anaconda/envs/azureml_py310_sdkv2/lib/python3.10/site-packages/konlpy/java/shineware-ds-1.0.jar:/anaconda/envs/azureml_py310_sdkv2/lib/python3.10/site-packages/konlpy/java/shineware-common-1.0.jar:/anaconda/envs/azureml_py310_sdkv2/lib/python3.10/site-packages/konlpy/java/scala-library-2.12.3.jar:/anaconda/envs/azureml_py310_sdkv2/lib/python3.10/site-packages/konlpy/java/kkma-2.0.jar:/anaconda/envs/azureml_py310_sdkv2/lib/python3.10/site-packages/konlpy/java/open-korean-text-2.1.0.jar:/anaconda/envs/azureml_py310_sdkv2/lib/python3.10/site-packages/konlpy/java/aho-corasick.jar:/anaconda/envs/azureml_py310_sdkv2/lib/python3.10/site-packages/konlpy/java/komoran-3.0.jar:/anaconda/envs/azureml_py310_sdkv2/lib/python3.10/site-packages/konlpy/java/jhannanum-0.8.4.jar:/anaconda/envs/azureml_py310_sdkv2/lib/python3.10/site-packages/konlpy/java/twitter-text-1.14.7.jar:/anaconda/envs/azureml_py310_sdkv2/lib/python3.10/site-packages/konlpy/java/snakeyaml-1.12.jar:/anaconda/envs/azureml_py310_sdkv2/lib/python3.10/site-packages/konlpy/java/jhannanum-0.8.4.jar:/anaconda/envs/azureml_py310_sdkv2/lib/python3.10/site-packages/konlpy/java/kkma-2.0.jar:/anaconda/envs/azureml_py310_sdkv2/lib/python3.10/site-packages/konlpy/java/aho-corasick.jar:/anaconda/envs/azureml_py310_sdkv2/lib/python3.10/site-packages/konlpy/java/shineware-common-1.0.jar:/anaconda/envs/azureml_py310_sdkv2/lib/python3.10/site-packages/konlpy/java/shineware-ds-1.0.jar:/anaconda/envs/azureml_py310_sdkv2/lib/python3.10/site-packages/konlpy/java/komoran-3.0.jar:/anaconda/envs/azureml_py310_sdkv2/lib/python3.10/site-packages/konlpy/java/snakeyaml-1.12.jar:/anaconda/envs/azureml_py310_sdkv2/lib/python3.10/site-packages/konlpy/java/scala-library-2.12.3.jar:/anaconda/envs/azureml_py310_sdkv2/lib/python3.10/site-packages/konlpy/java/open-kor
Launcher Type: generic

[Global flags]
     intx CICompilerCount                          = 3                                         {product} {ergonomic}
     uint ConcGCThreads                            = 1                                         {product} {ergonomic}
     uint G1ConcRefinementThreads                  = 4                                         {product} {ergonomic}
   size_t G1HeapRegionSize                         = 1048576                                   {product} {ergonomic}
    uintx GCDrainStackTargetSize                   = 64                                        {product} {ergonomic}
   size_t InitialHeapSize                          = 526385152                                 {product} {ergonomic}
   size_t MarkStackSize                            = 4194304                                   {product} {ergonomic}
   size_t MaxHeapSize                              = 1073741824                                {product} {command line}
   size_t MaxNewSize                               = 643825664                                 {product} {ergonomic}
   size_t MinHeapDeltaBytes                        = 1048576                                   {product} {ergonomic}
    uintx NonNMethodCodeHeapSize                   = 5830732                                {pd product} {ergonomic}
    uintx NonProfiledCodeHeapSize                  = 122913754                              {pd product} {ergonomic}
    uintx ProfiledCodeHeapSize                     = 122913754                              {pd product} {ergonomic}
    uintx ReservedCodeCacheSize                    = 251658240                              {pd product} {ergonomic}
     bool SegmentedCodeCache                       = true                                      {product} {ergonomic}
     bool UseCompressedClassPointers               = true                                 {lp64_product} {ergonomic}
     bool UseCompressedOops                        = true                                 {lp64_product} {ergonomic}
     bool UseG1GC                                  = true                                      {product} {ergonomic}

Logging:
Log output configuration:
 #0: stdout all=warning uptime,level,tags
 #1: stderr all=off uptime,level,tags

Environment Variables:
PATH=/anaconda/envs/azureml_py38/bin/:/usr/local/sbin:/usr/local/bin:/usr/sbin:/usr/bin:/sbin:/bin:/usr/games:/usr/local/games:/snap/bin
LD_LIBRARY_PATH=/anaconda/envs/azureml_py310_sdkv2/lib/python3.10/site-packages/cv2/../../lib64:
SHELL=/bin/bash
LANG=C.UTF-8
TERM=xterm-color

Signal Handlers:
SIGSEGV: [libjvm.so+0xebbd40], sa_mask[0]=11111111011111111101111111111110, sa_flags=SA_RESTART|SA_SIGINFO
SIGBUS: [libjvm.so+0xebbd40], sa_mask[0]=11111111011111111101111111111110, sa_flags=SA_RESTART|SA_SIGINFO
SIGFPE: [libjvm.so+0xebbd40], sa_mask[0]=11111111011111111101111111111110, sa_flags=SA_RESTART|SA_SIGINFO
SIGPIPE: [libjvm.so+0xbfe040], sa_mask[0]=11111111011111111101111111111110, sa_flags=SA_RESTART|SA_SIGINFO
SIGXFSZ: [libjvm.so+0xbfe040], sa_mask[0]=11111111011111111101111111111110, sa_flags=SA_RESTART|SA_SIGINFO
SIGILL: [libjvm.so+0xebbd40], sa_mask[0]=11111111011111111101111111111110, sa_flags=SA_RESTART|SA_SIGINFO
SIGUSR2: [libjvm.so+0xbfdee0], sa_mask[0]=00000000000000000000000000000000, sa_flags=SA_RESTART|SA_SIGINFO
SIGHUP: [libjvm.so+0xbfe6a0], sa_mask[0]=11111111011111111101111111111110, sa_flags=SA_RESTART|SA_SIGINFO
SIGINT: SIG_IGN, sa_mask[0]=00000000000000000000000000000000, sa_flags=SA_ONSTACK
SIGTERM: [libjvm.so+0xbfe6a0], sa_mask[0]=11111111011111111101111111111110, sa_flags=SA_RESTART|SA_SIGINFO
SIGQUIT: [libjvm.so+0xbfe6a0], sa_mask[0]=11111111011111111101111111111110, sa_flags=SA_RESTART|SA_SIGINFO


---------------  S Y S T E M  ---------------

OS:DISTRIB_ID=Ubuntu
DISTRIB_RELEASE=22.04
DISTRIB_CODENAME=jammy
DISTRIB_DESCRIPTION="Ubuntu 22.04.5 LTS"
uname:Linux 6.8.0-1030-azure #35~22.04.1-Ubuntu SMP Mon May 26 18:08:30 UTC 2025 x86_64
OS uptime: 0 days 7:28 hours
libc:glibc 2.35 NPTL 2.35 
rlimit (soft/hard): STACK 8192k/infinity , CORE 0k/infinity , NPROC 128370/128370 , NOFILE 524288/524288 , AS infinity/infinity , CPU infinity/infinity , DATA infinity/infinity , FSIZE infinity/infinity , MEMLOCK 8192k/8192k
load average:1.13 1.14 1.09

/proc/meminfo:
MemTotal:       32870368 kB
MemFree:         1893284 kB
MemAvailable:   27781648 kB
Buffers:          630436 kB
Cached:         24632460 kB
SwapCached:           12 kB
Active:          5429572 kB
Inactive:       24037516 kB
Active(anon):    4214368 kB
Inactive(anon):      316 kB
Active(file):    1215204 kB
Inactive(file): 24037200 kB
Unevictable:       30888 kB
Mlocked:           27816 kB
SwapTotal:      32870364 kB
SwapFree:       32869840 kB
Zswap:                 0 kB
Zswapped:              0 kB
Dirty:              1108 kB
Writeback:             0 kB
AnonPages:       3984708 kB
Mapped:           603716 kB
Shmem:              4292 kB
KReclaimable:    1110208 kB
Slab:            1278488 kB
SReclaimable:    1110208 kB
SUnreclaim:       168280 kB
KernelStack:        6208 kB
PageTables:        21844 kB
SecPageTables:         0 kB
NFS_Unstable:          0 kB
Bounce:                0 kB
WritebackTmp:          0 kB
CommitLimit:    49305548 kB
Committed_AS:   11361172 kB
VmallocTotal:   34359738367 kB
VmallocUsed:       46632 kB
VmallocChunk:          0 kB
Percpu:             2848 kB
HardwareCorrupted:     0 kB
AnonHugePages:   2263040 kB
ShmemHugePages:        0 kB
ShmemPmdMapped:        0 kB
FileHugePages:         0 kB
FilePmdMapped:         0 kB
Unaccepted:            0 kB
HugePages_Total:       0
HugePages_Free:        0
HugePages_Rsvd:        0
HugePages_Surp:        0
Hugepagesize:       2048 kB
Hugetlb:               0 kB
DirectMap4k:      128960 kB
DirectMap2M:     4065280 kB
DirectMap1G:    31457280 kB

/sys/kernel/mm/transparent_hugepage/enabled:
[always] madvise never
/sys/kernel/mm/transparent_hugepage/defrag (defrag/compaction efforts parameter):
always defer defer+madvise [madvise] never

Process Memory:
Virtual Size: 6075072K (peak: 13269120K)
Resident Set Size: 772896K (peak: 772896K) (anon: 682324K, file: 90572K, shmem: 0K)
Swapped out: 0K
C-Heap outstanding allocations: 75007K, retained: 118940K
glibc malloc tunables: (default)

/proc/sys/kernel/threads-max (system-wide limit on the number of threads):
256740
/proc/sys/vm/max_map_count (maximum number of memory map areas a process may have):
65530
/proc/sys/kernel/pid_max (system-wide limit on number of process identifiers):
4194304

container (cgroup) information:
container_type: cgroupv2
cpu_cpuset_cpus: not supported
cpu_memory_nodes: not supported
active_processor_count: 4
cpu_quota: no quota
cpu_period: 100000
cpu_shares: no shares
memory_limit_in_bytes: unlimited
memory_and_swap_limit_in_bytes: unlimited
memory_soft_limit_in_bytes: unlimited
memory_usage_in_bytes: 4620416 k
memory_max_usage_in_bytes: not supported
memory_swap_current_in_bytes: unlimited
memory_swap_max_limit_in_bytes: unlimited
maximum number of tasks: 38511
current number of tasks: 185

Hyper-V virtualization detected
Steal ticks since vm start: 0
Steal ticks percentage since vm start:  0.000

CPU:total 4 (initial active 4) (2 cores per cpu, 2 threads per core) family 6 model 106 stepping 6 microcode 0xffffffff, cmov, cx8, fxsr, mmx, sse, sse2, sse3, ssse3, sse4.1, sse4.2, popcnt, avx, avx2, aes, clmul, erms, rtm, 3dnowpref, lzcnt, ht, tsc, bmi1, bmi2, adx, evex, sha, fma
CPU Model and flags from /proc/cpuinfo:
model name	: Intel(R) Xeon(R) Platinum 8370C CPU @ 2.80GHz
flags		: fpu vme de pse tsc msr pae mce cx8 apic sep mtrr pge mca cmov pat pse36 clflush mmx fxsr sse sse2 ss ht syscall nx pdpe1gb rdtscp lm constant_tsc rep_good nopl xtopology cpuid tsc_known_freq pni pclmulqdq vmx ssse3 fma cx16 pcid sse4_1 sse4_2 movbe popcnt aes xsave avx f16c rdrand hypervisor lahf_lm abm 3dnowprefetch tpr_shadow ept vpid ept_ad fsgsbase bmi1 hle avx2 smep bmi2 erms invpcid rtm avx512f avx512dq rdseed adx smap avx512ifma clflushopt clwb avx512cd sha_ni avx512bw avx512vl xsaveopt xsavec xgetbv1 xsaves vnmi avx512vbmi umip avx512_vbmi2 gfni vaes vpclmulqdq avx512_vnni avx512_bitalg avx512_vpopcntdq rdpid fsrm arch_capabilities
Online cpus:
0-3
Offline cpus:

BIOS frequency limitation:
<Not Available>
Frequency switch latency (ns):
<Not Available>
Available cpu frequencies:
<Not Available>
Current governor:
<Not Available>
Core performance/turbo boost:
<Not Available>

Memory: 4k page, physical 32870368k(1908684k free), swap 32870364k(32869840k free)

vm_info: OpenJDK 64-Bit Server VM (11.0.27+6-post-Ubuntu-0ubuntu122.04) for linux-amd64 JRE (11.0.27+6-post-Ubuntu-0ubuntu122.04), built on Apr 21 2025 05:59:45 by "unknown" with gcc 11.4.0

END.
