#
# A fatal error has been detected by the Java Runtime Environment:
#
#  SIGSEGV (0xb) at pc=0x0000000000500458, pid=74462, tid=136871
#
# JRE version: OpenJDK Runtime Environment (11.0.27+6) (build 11.0.27+6-post-Ubuntu-0ubuntu122.04)
# Java VM: OpenJDK 64-Bit Server VM (11.0.27+6-post-Ubuntu-0ubuntu122.04, mixed mode, sharing, tiered, compressed oops, g1 gc, linux-amd64)
# Problematic frame:
# C  [python+0x100458]  PyObject_RichCompare+0x28
#
# No core dump will be written. Core dumps have been disabled. To enable core dumping, try "ulimit -c unlimited" before starting Java again
#
# If you would like to submit a bug report, please visit:
#   https://bugs.launchpad.net/ubuntu/+source/openjdk-lts
# The crash happened outside the Java Virtual Machine in native code.
# See problematic frame for where to report the bug.
#

---------------  S U M M A R Y ------------

Command Line: -Dfile.encoding=UTF8 -ea -Xmx1024m 

Host: Intel(R) Xeon(R) Platinum 8370C CPU @ 2.80GHz, 4 cores, 31G, Ubuntu 22.04.5 LTS
Time: Fri Jan 23 07:44:43 2026 UTC elapsed time: 13913.353900 seconds (0d 3h 51m 53s)

---------------  T H R E A D  ---------------

Current thread (0x0000798ce8001000):  JavaThread "SIGTERM handler" daemon [_thread_in_native, id=136871, stack(0x0000798d149fc000,0x0000798d14afc000)]

Stack: [0x0000798d149fc000,0x0000798d14afc000],  sp=0x0000798d14afa640,  free space=1017k
Native frames: (J=compiled Java code, A=aot compiled Java code, j=interpreted, Vv=VM code, C=native code)
C  [python+0x100458]  PyObject_RichCompare+0x28

Java frames: (J=compiled Java code, j=interpreted, Vv=VM code)
j  org.jpype.JPypeSignal.interruptPy(I)V+0
j  org.jpype.JPypeSignal.lambda$getSignalHandler$0(ILjava/lang/Object;Ljava/lang/reflect/Method;[Ljava/lang/Object;)Ljava/lang/Object;+7
j  org.jpype.JPypeSignal$$Lambda$11.invoke(Ljava/lang/Object;Ljava/lang/reflect/Method;[Ljava/lang/Object;)Ljava/lang/Object;+7
j  com.sun.proxy.$Proxy2.handle(Lsun/misc/Signal;)V+16
j  sun.misc.Signal$InternalMiscHandler.handle(Ljdk/internal/misc/Signal;)V+8 jdk.unsupported@11.0.27
j  jdk.internal.misc.Signal$1.run()V+8 java.base@11.0.27
j  java.lang.Thread.run()V+11 java.base@11.0.27
v  ~StubRoutines::call_stub

siginfo: si_signo: 11 (SIGSEGV), si_code: 1 (SEGV_MAPERR), si_addr: 0x0000000000000020

Register to memory mapping:

RAX=0x000000000000000e is an unknown value
RBX=0x0000798d681000f0 points into unknown readable memory: 0x0000000000005454 | 54 54 00 00 00 00 00 00
RCX=0x0000000000000003 is an unknown value
RDX=0x0000000000000002 is an unknown value
RSP=0x0000798d14afa640 is pointing into the stack for thread: 0x0000798ce8001000
RBP=0x000000000000000f is an unknown value
RSI=0x0000798d681000f0 points into unknown readable memory: 0x0000000000005454 | 54 54 00 00 00 00 00 00
RDI=0x0000798d681000d0 points into unknown readable memory: 0x0000000000008073 | 73 80 00 00 00 00 00 00
R8 ={method} {0x0000798d34623fd8} 'interruptPy' '(I)V' in 'org/jpype/JPypeSignal'
R9 =0x0000000000000004 is an unknown value
R10=0x0000798d1720f9e1 is at code_begin+897 in an Interpreter codelet
method entry point (kind = native)  [0x0000798d1720f660, 0x0000798d1720ffe0]  2432 bytes
R11=0x00000000c006b098 points into unknown readable memory: 0x0000005fdef03a01 | 01 3a f0 de 5f 00 00 00
R12=0x0 is NULL
R13={method} {0x0000798d34623fd8} 'interruptPy' '(I)V' in 'org/jpype/JPypeSignal'
R14=0x0000798d14afa740 is pointing into the stack for thread: 0x0000798ce8001000
R15=0x0000798ce8001000 is a thread


Registers:
RAX=0x000000000000000e, RBX=0x0000798d681000f0, RCX=0x0000000000000003, RDX=0x0000000000000002
RSP=0x0000798d14afa640, RBP=0x000000000000000f, RSI=0x0000798d681000f0, RDI=0x0000798d681000d0
R8 =0x0000798d34623fd8, R9 =0x0000000000000004, R10=0x0000798d1720f9e1, R11=0x00000000c006b098
R12=0x0000000000000000, R13=0x0000798d34623fd8, R14=0x0000798d14afa740, R15=0x0000798ce8001000
RIP=0x0000000000500458, EFLAGS=0x0000000000010206, CSGSFS=0x002b000000000033, ERR=0x0000000000000004
  TRAPNO=0x000000000000000e

Top of Stack: (sp=0x0000798d14afa640)
0x0000798d14afa640:   0000798ce8001000 0000798d14afa680
0x0000798d14afa650:   0000798d34623fd8 000000000000000f
0x0000798d14afa660:   0000798d681000d0 0000798d34623fd8
0x0000798d14afa670:   0000798d14afa740 00000000005003c1 

Instructions: (pc=0x0000000000500458)
0x0000000000500358:   c1 0f 84 a4 fd ff ff 4c 8b 91 58 01 00 00 4d 85
0x0000000000500368:   d2 0f 84 91 20 f3 ff 49 8b 7a 10 45 31 c9 4c 39
0x0000000000500378:   cf 0f 8e 84 fd ff ff 4f 39 44 ca 18 0f 84 17 fe
0x0000000000500388:   ff ff 49 ff c1 eb e7 48 8b 15 9a 43 24 00 48 ff
0x0000000000500398:   c2 e9 39 ff ff ff 41 83 cc ff e9 b4 fe ff ff e9
0x00000000005003a8:   88 20 f3 ff 0f 1f 40 00 41 54 55 48 83 ec 08 48
0x00000000005003b8:   39 f7 74 3c e8 6f 00 00 00 48 89 c5 48 85 c0 74
0x00000000005003c8:   4f 48 81 78 08 00 07 75 00 0f 85 f5 20 f3 ff 45
0x00000000005003d8:   31 e4 48 3d e0 06 75 00 41 0f 94 c4 48 ff 08 74
0x00000000005003e8:   35 48 83 c4 08 44 89 e0 5d 41 5c c3 0f 1f 40 00
0x00000000005003f8:   83 fa 02 75 11 41 bc 01 00 00 00 48 83 c4 08 44
0x0000000000500408:   89 e0 5d 41 5c c3 83 fa 03 75 a9 45 31 e4 eb d1
0x0000000000500418:   41 83 cc ff eb cb e9 be 20 f3 ff 66 66 2e 0f 1f
0x0000000000500428:   84 00 00 00 00 00 66 90 41 56 41 55 41 54 55 53
0x0000000000500438:   48 83 ec 10 4c 8b 25 b5 06 25 00 48 85 ff 0f 84
0x0000000000500448:   bd 20 f3 ff 48 89 f3 48 85 f6 0f 84 b1 20 f3 ff
0x0000000000500458:   41 8b 44 24 20 4c 63 ea 49 8b 54 24 10 48 89 fd
0x0000000000500468:   ff c0 41 89 44 24 20 3b 42 40 0f 8f 38 03 00 00
0x0000000000500478:   4c 8b 4e 08 4c 8b 47 08 4d 39 c8 0f 85 57 03 00
0x0000000000500488:   00 49 8b 80 c8 00 00 00 48 85 c0 0f 84 2a 02 00
0x0000000000500498:   00 45 31 f6 48 3d b0 92 50 00 0f 85 d8 00 00 00
0x00000000005004a8:   41 f6 80 ab 00 00 00 01 0f 84 aa 03 00 00 4c 8b
0x00000000005004b8:   43 08 41 f6 80 ab 00 00 00 01 0f 84 98 03 00 00
0x00000000005004c8:   48 39 dd 0f 84 df 00 00 00 4c 8b 5d 10 4c 89 d8
0x00000000005004d8:   48 2b 43 10 0f 85 a6 01 00 00 4d 89 da 49 f7 da
0x00000000005004e8:   4d 0f 48 d3 4d 85 db 0f 84 8b 02 00 00 46 8b 74
0x00000000005004f8:   95 14 46 2b 74 93 14 0f 84 cb 00 00 00 4d 85 db
0x0000000000500508:   0f 88 92 02 00 00 45 89 ed 49 63 c6 42 ff 24 ed
0x0000000000500518:   88 7c 64 00 4d 8b 99 c8 00 00 00 4d 85 db 0f 84
0x0000000000500528:   58 20 f3 ff 49 63 d5 48 89 ee 48 89 df 8b 14 95
0x0000000000500538:   40 47 74 00 41 ff d3 48 3d 30 47 74 00 75 50 48
0x0000000000500548:   ff 0d e2 41 24 00 0f 84 1c 20 f3 ff 4c 8b 45 08 


Stack slot to memory mapping:
stack at sp + 0 slots: 0x0000798ce8001000 is a thread
stack at sp + 1 slots: 0x0000798d14afa680 is pointing into the stack for thread: 0x0000798ce8001000
stack at sp + 2 slots: {method} {0x0000798d34623fd8} 'interruptPy' '(I)V' in 'org/jpype/JPypeSignal'
stack at sp + 3 slots: 0x000000000000000f is an unknown value
stack at sp + 4 slots: 0x0000798d681000d0 points into unknown readable memory: 0x0000000000008073 | 73 80 00 00 00 00 00 00
stack at sp + 5 slots: {method} {0x0000798d34623fd8} 'interruptPy' '(I)V' in 'org/jpype/JPypeSignal'
stack at sp + 6 slots: 0x0000798d14afa740 is pointing into the stack for thread: 0x0000798ce8001000
stack at sp + 7 slots: 0x00000000005003c1: PyObject_RichCompareBool+0x0000000000000011 in /anaconda/envs/azureml_py38/bin/python at 0x0000000000400000


---------------  P R O C E S S  ---------------

Threads class SMR info:
_java_thread_list=0x0000798ce80020b0, length=11, elements={
0x000000002586b800, 0x0000000026392800, 0x0000000026394800, 0x000000002639b000,
0x000000002639d000, 0x000000002639f000, 0x00000000263a1000, 0x00000000263a3000,
0x00000000263fc800, 0x00000000264cd800, 0x0000798ce8001000
}

Java Threads: ( => current thread )
  0x000000002586b800 JavaThread "main" [_thread_in_native, id=74462, stack(0x00007ffe90eee000,0x00007ffe90fee000)]
  0x0000000026392800 JavaThread "Reference Handler" daemon [_thread_blocked, id=74526, stack(0x0000798d36500000,0x0000798d36600000)]
  0x0000000026394800 JavaThread "Finalizer" daemon [_thread_blocked, id=74527, stack(0x0000798d350ff000,0x0000798d351ff000)]
  0x000000002639b000 JavaThread "Signal Dispatcher" daemon [_thread_blocked, id=74528, stack(0x0000798d34100000,0x0000798d34200000)]
  0x000000002639d000 JavaThread "Service Thread" daemon [_thread_blocked, id=74529, stack(0x0000798d34000000,0x0000798d34100000)]
  0x000000002639f000 JavaThread "C2 CompilerThread0" daemon [_thread_blocked, id=74530, stack(0x0000798d2ff00000,0x0000798d30000000)]
  0x00000000263a1000 JavaThread "C1 CompilerThread0" daemon [_thread_blocked, id=74531, stack(0x0000798d2eb00000,0x0000798d2ec00000)]
  0x00000000263a3000 JavaThread "Sweeper thread" daemon [_thread_blocked, id=74532, stack(0x0000798d15100000,0x0000798d15200000)]
  0x00000000263fc800 JavaThread "Common-Cleaner" daemon [_thread_blocked, id=74535, stack(0x0000798d14eff000,0x0000798d14fff000)]
  0x00000000264cd800 JavaThread "Python Reference Queue" daemon [_thread_blocked, id=74537, stack(0x0000798d14dff000,0x0000798d14eff000)]
=>0x0000798ce8001000 JavaThread "SIGTERM handler" daemon [_thread_in_native, id=136871, stack(0x0000798d149fc000,0x0000798d14afc000)]

Other Threads:
  0x0000000026390000 VMThread "VM Thread" [stack: 0x0000798d36900000,0x0000798d36a00000] [id=74525]
  0x00000000263fa800 WatcherThread [stack: 0x0000798d15000000,0x0000798d15100000] [id=74534]
  0x000000002587b800 GCTaskThread "GC Thread#0" [stack: 0x0000798d38100000,0x0000798d38200000] [id=74520]
  0x0000798cfc001800 GCTaskThread "GC Thread#1" [stack: 0x0000798d14cff000,0x0000798d14dff000] [id=74540]
  0x0000798cfc003000 GCTaskThread "GC Thread#2" [stack: 0x0000798d14bfe000,0x0000798d14cfe000] [id=74541]
  0x0000798cfc004800 GCTaskThread "GC Thread#3" [stack: 0x0000798d14afd000,0x0000798d14bfd000] [id=74542]
  0x0000000025c95000 ConcurrentGCThread "G1 Main Marker" [stack: 0x0000798d37900000,0x0000798d37a00000] [id=74521]
  0x0000000025c96000 ConcurrentGCThread "G1 Conc#0" [stack: 0x0000798d37500000,0x0000798d37600000] [id=74522]
  0x0000000026224800 ConcurrentGCThread "G1 Refine#0" [stack: 0x0000798d37100000,0x0000798d37200000] [id=74523]
  0x0000798d00002000 ConcurrentGCThread "G1 Refine#1" [stack: 0x0000798d142fc000,0x0000798d143fc000] [id=75791]
  0x0000000026226000 ConcurrentGCThread "G1 Young RemSet Sampling" [stack: 0x0000798d36d00000,0x0000798d36e00000] [id=74524]

Threads with active compile tasks:

VM state:not at safepoint (normal execution)

VM Mutex/Monitor currently owned by a thread: None

Heap address: 0x00000000c0000000, size: 1024 MB, Compressed Oops mode: 32-bit
Narrow klass base: 0x0000000800000000, Narrow klass shift: 3
Compressed class space size: 1073741824 Address: 0x0000000840000000

Heap:
 garbage-first heap   total 273408K, used 79414K [0x00000000c0000000, 0x0000000100000000)
  region size 1024K, 1 young (1024K), 0 survivors (0K)
 Metaspace       used 11422K, capacity 13080K, committed 13184K, reserved 1060864K
  class space    used 1751K, capacity 2101K, committed 2176K, reserved 1048576K
Heap Regions: E=young(eden), S=young(survivor), O=old, HS=humongous(starts), HC=humongous(continues), CS=collection set, F=free, A=archive, TAMS=top-at-mark-start (previous, next)
|   0|0x00000000c0000000, 0x00000000c00fffe8, 0x00000000c0100000| 99%| O|  |TAMS 0x00000000c0000000, 0x00000000c0000000| Untracked 
|   1|0x00000000c0100000, 0x00000000c01ffff0, 0x00000000c0200000| 99%| O|  |TAMS 0x00000000c0100000, 0x00000000c0100000| Untracked 
|   2|0x00000000c0200000, 0x00000000c02ffff8, 0x00000000c0300000| 99%| O|  |TAMS 0x00000000c0200000, 0x00000000c0200000| Untracked 
|   3|0x00000000c0300000, 0x00000000c0400000, 0x00000000c0400000|100%| O|  |TAMS 0x00000000c0300000, 0x00000000c0300000| Untracked 
|   4|0x00000000c0400000, 0x00000000c04ffff0, 0x00000000c0500000| 99%| O|  |TAMS 0x00000000c0400000, 0x00000000c0400000| Untracked 
|   5|0x00000000c0500000, 0x00000000c0600000, 0x00000000c0600000|100%| O|  |TAMS 0x00000000c0500000, 0x00000000c0500000| Untracked 
|   6|0x00000000c0600000, 0x00000000c0700000, 0x00000000c0700000|100%| O|  |TAMS 0x00000000c0600000, 0x00000000c0600000| Untracked 
|   7|0x00000000c0700000, 0x00000000c07ffff0, 0x00000000c0800000| 99%| O|  |TAMS 0x00000000c0700000, 0x00000000c0700000| Untracked 
|   8|0x00000000c0800000, 0x00000000c0900000, 0x00000000c0900000|100%|HS|  |TAMS 0x00000000c0800000, 0x00000000c0800000| Untracked 
|   9|0x00000000c0900000, 0x00000000c09ffff8, 0x00000000c0a00000| 99%| O|  |TAMS 0x00000000c0900000, 0x00000000c0900000| Untracked 
|  10|0x00000000c0a00000, 0x00000000c0b00000, 0x00000000c0b00000|100%| O|  |TAMS 0x00000000c0a00000, 0x00000000c0a00000| Untracked 
|  11|0x00000000c0b00000, 0x00000000c0bffff0, 0x00000000c0c00000| 99%| O|  |TAMS 0x00000000c0b00000, 0x00000000c0b00000| Untracked 
|  12|0x00000000c0c00000, 0x00000000c0d00000, 0x00000000c0d00000|100%|HS|  |TAMS 0x00000000c0c00000, 0x00000000c0c00000| Untracked 
|  13|0x00000000c0d00000, 0x00000000c0e00000, 0x00000000c0e00000|100%|HC|  |TAMS 0x00000000c0d00000, 0x00000000c0d00000| Untracked 
|  14|0x00000000c0e00000, 0x00000000c0f00000, 0x00000000c0f00000|100%|HS|  |TAMS 0x00000000c0e00000, 0x00000000c0e00000| Untracked 
|  15|0x00000000c0f00000, 0x00000000c1000000, 0x00000000c1000000|100%|HC|  |TAMS 0x00000000c0f00000, 0x00000000c0f00000| Untracked 
|  16|0x00000000c1000000, 0x00000000c10ffff0, 0x00000000c1100000| 99%| O|  |TAMS 0x00000000c1000000, 0x00000000c1000000| Untracked 
|  17|0x00000000c1100000, 0x00000000c1200000, 0x00000000c1200000|100%|HS|  |TAMS 0x00000000c1100000, 0x00000000c1100000| Untracked 
|  18|0x00000000c1200000, 0x00000000c12fdf60, 0x00000000c1300000| 99%| O|  |TAMS 0x00000000c1200000, 0x00000000c1200000| Untracked 
|  19|0x00000000c1300000, 0x00000000c13f8428, 0x00000000c1400000| 96%| O|  |TAMS 0x00000000c1300000, 0x00000000c1300000| Untracked 
|  20|0x00000000c1400000, 0x00000000c1500000, 0x00000000c1500000|100%|HS|  |TAMS 0x00000000c1400000, 0x00000000c1400000| Untracked 
|  21|0x00000000c1500000, 0x00000000c1600000, 0x00000000c1600000|100%|HC|  |TAMS 0x00000000c1500000, 0x00000000c1500000| Untracked 
|  22|0x00000000c1600000, 0x00000000c1700000, 0x00000000c1700000|100%|HS|  |TAMS 0x00000000c1600000, 0x00000000c1600000| Untracked 
|  23|0x00000000c1700000, 0x00000000c1800000, 0x00000000c1800000|100%|HC|  |TAMS 0x00000000c1700000, 0x00000000c1700000| Untracked 
|  24|0x00000000c1800000, 0x00000000c1900000, 0x00000000c1900000|100%| O|  |TAMS 0x00000000c1800000, 0x00000000c1800000| Untracked 
|  25|0x00000000c1900000, 0x00000000c1a00000, 0x00000000c1a00000|100%| O|  |TAMS 0x00000000c1900000, 0x00000000c1900000| Untracked 
|  26|0x00000000c1a00000, 0x00000000c1b00000, 0x00000000c1b00000|100%|HS|  |TAMS 0x00000000c1a00000, 0x00000000c1a00000| Untracked 
|  27|0x00000000c1b00000, 0x00000000c1c00000, 0x00000000c1c00000|100%|HC|  |TAMS 0x00000000c1b00000, 0x00000000c1b00000| Untracked 
|  28|0x00000000c1c00000, 0x00000000c1d00000, 0x00000000c1d00000|100%|HS|  |TAMS 0x00000000c1c00000, 0x00000000c1c00000| Untracked 
|  29|0x00000000c1d00000, 0x00000000c1e00000, 0x00000000c1e00000|100%|HC|  |TAMS 0x00000000c1d00000, 0x00000000c1d00000| Untracked 
|  30|0x00000000c1e00000, 0x00000000c1f00000, 0x00000000c1f00000|100%|HS|  |TAMS 0x00000000c1e00000, 0x00000000c1e00000| Untracked 
|  31|0x00000000c1f00000, 0x00000000c1fffff8, 0x00000000c2000000| 99%| O|  |TAMS 0x00000000c1f00000, 0x00000000c1f00000| Untracked 
|  32|0x00000000c2000000, 0x00000000c2100000, 0x00000000c2100000|100%| O|  |TAMS 0x00000000c2000000, 0x00000000c2000000| Untracked 
|  33|0x00000000c2100000, 0x00000000c21ffff8, 0x00000000c2200000| 99%| O|  |TAMS 0x00000000c2100000, 0x00000000c2100000| Untracked 
|  34|0x00000000c2200000, 0x00000000c22ffff0, 0x00000000c2300000| 99%| O|  |TAMS 0x00000000c2200000, 0x00000000c2200000| Untracked 
|  35|0x00000000c2300000, 0x00000000c23ffff0, 0x00000000c2400000| 99%| O|  |TAMS 0x00000000c2300000, 0x00000000c2300000| Untracked 
|  36|0x00000000c2400000, 0x00000000c24ffff8, 0x00000000c2500000| 99%| O|  |TAMS 0x00000000c2400000, 0x00000000c2400000| Untracked 
|  37|0x00000000c2500000, 0x00000000c25ffff0, 0x00000000c2600000| 99%| O|  |TAMS 0x00000000c2500000, 0x00000000c2500000| Untracked 
|  38|0x00000000c2600000, 0x00000000c26ffff8, 0x00000000c2700000| 99%| O|  |TAMS 0x00000000c2600000, 0x00000000c2600000| Untracked 
|  39|0x00000000c2700000, 0x00000000c2800000, 0x00000000c2800000|100%| O|  |TAMS 0x00000000c2700000, 0x00000000c2700000| Untracked 
|  40|0x00000000c2800000, 0x00000000c2900000, 0x00000000c2900000|100%| O|  |TAMS 0x00000000c2800000, 0x00000000c2800000| Untracked 
|  41|0x00000000c2900000, 0x00000000c2a00000, 0x00000000c2a00000|100%| O|  |TAMS 0x00000000c2900000, 0x00000000c2900000| Untracked 
|  42|0x00000000c2a00000, 0x00000000c2affff0, 0x00000000c2b00000| 99%| O|  |TAMS 0x00000000c2a00000, 0x00000000c2a00000| Untracked 
|  43|0x00000000c2b00000, 0x00000000c2c00000, 0x00000000c2c00000|100%| O|  |TAMS 0x00000000c2b00000, 0x00000000c2b00000| Untracked 
|  44|0x00000000c2c00000, 0x00000000c2cffff0, 0x00000000c2d00000| 99%| O|  |TAMS 0x00000000c2c00000, 0x00000000c2c00000| Untracked 
|  45|0x00000000c2d00000, 0x00000000c2dffff0, 0x00000000c2e00000| 99%| O|  |TAMS 0x00000000c2d00000, 0x00000000c2d00000| Untracked 
|  46|0x00000000c2e00000, 0x00000000c2efffe8, 0x00000000c2f00000| 99%| O|  |TAMS 0x00000000c2e00000, 0x00000000c2e00000| Untracked 
|  47|0x00000000c2f00000, 0x00000000c3000000, 0x00000000c3000000|100%| O|  |TAMS 0x00000000c2f00000, 0x00000000c2f00000| Untracked 
|  48|0x00000000c3000000, 0x00000000c30ffff0, 0x00000000c3100000| 99%| O|  |TAMS 0x00000000c3000000, 0x00000000c3000000| Untracked 
|  49|0x00000000c3100000, 0x00000000c31ffff8, 0x00000000c3200000| 99%| O|  |TAMS 0x00000000c3100000, 0x00000000c3100000| Untracked 
|  50|0x00000000c3200000, 0x00000000c3300000, 0x00000000c3300000|100%| O|  |TAMS 0x00000000c3200000, 0x00000000c3200000| Untracked 
|  51|0x00000000c3300000, 0x00000000c3400000, 0x00000000c3400000|100%| O|  |TAMS 0x00000000c3300000, 0x00000000c3300000| Untracked 
|  52|0x00000000c3400000, 0x00000000c34ffff0, 0x00000000c3500000| 99%| O|  |TAMS 0x00000000c3400000, 0x00000000c3400000| Untracked 
|  53|0x00000000c3500000, 0x00000000c3600000, 0x00000000c3600000|100%| O|  |TAMS 0x00000000c3500000, 0x00000000c3500000| Untracked 
|  54|0x00000000c3600000, 0x00000000c3700000, 0x00000000c3700000|100%| O|  |TAMS 0x00000000c3600000, 0x00000000c3600000| Untracked 
|  55|0x00000000c3700000, 0x00000000c3800000, 0x00000000c3800000|100%| O|  |TAMS 0x00000000c3700000, 0x00000000c3700000| Untracked 
|  56|0x00000000c3800000, 0x00000000c38ffff0, 0x00000000c3900000| 99%| O|  |TAMS 0x00000000c3800000, 0x00000000c3800000| Untracked 
|  57|0x00000000c3900000, 0x00000000c39ffff0, 0x00000000c3a00000| 99%| O|  |TAMS 0x00000000c3900000, 0x00000000c3900000| Untracked 
|  58|0x00000000c3a00000, 0x00000000c3b00000, 0x00000000c3b00000|100%| O|  |TAMS 0x00000000c3a00000, 0x00000000c3a00000| Untracked 
|  59|0x00000000c3b00000, 0x00000000c3bfffe8, 0x00000000c3c00000| 99%| O|  |TAMS 0x00000000c3b00000, 0x00000000c3b00000| Untracked 
|  60|0x00000000c3c00000, 0x00000000c3cfffe8, 0x00000000c3d00000| 99%| O|  |TAMS 0x00000000c3c00000, 0x00000000c3c00000| Untracked 
|  61|0x00000000c3d00000, 0x00000000c3e00000, 0x00000000c3e00000|100%| O|  |TAMS 0x00000000c3d00000, 0x00000000c3d00000| Untracked 
|  62|0x00000000c3e00000, 0x00000000c3effff8, 0x00000000c3f00000| 99%| O|  |TAMS 0x00000000c3e00000, 0x00000000c3e00000| Untracked 
|  63|0x00000000c3f00000, 0x00000000c3fffff0, 0x00000000c4000000| 99%| O|  |TAMS 0x00000000c3f00000, 0x00000000c3f00000| Untracked 
|  64|0x00000000c4000000, 0x00000000c40ffff0, 0x00000000c4100000| 99%| O|  |TAMS 0x00000000c4000000, 0x00000000c4000000| Untracked 
|  65|0x00000000c4100000, 0x00000000c41ffff8, 0x00000000c4200000| 99%| O|  |TAMS 0x00000000c4100000, 0x00000000c4100000| Untracked 
|  66|0x00000000c4200000, 0x00000000c42ffff8, 0x00000000c4300000| 99%| O|  |TAMS 0x00000000c4200000, 0x00000000c4200000| Untracked 
|  67|0x00000000c4300000, 0x00000000c43ffff8, 0x00000000c4400000| 99%| O|  |TAMS 0x00000000c4300000, 0x00000000c4300000| Untracked 
|  68|0x00000000c4400000, 0x00000000c4500000, 0x00000000c4500000|100%| O|  |TAMS 0x00000000c4400000, 0x00000000c4400000| Untracked 
|  69|0x00000000c4500000, 0x00000000c45ffff0, 0x00000000c4600000| 99%| O|  |TAMS 0x00000000c4500000, 0x00000000c4500000| Untracked 
|  70|0x00000000c4600000, 0x00000000c4700000, 0x00000000c4700000|100%| O|  |TAMS 0x00000000c4600000, 0x00000000c4600000| Untracked 
|  71|0x00000000c4700000, 0x00000000c4800000, 0x00000000c4800000|100%| O|  |TAMS 0x00000000c4700000, 0x00000000c4700000| Untracked 
|  72|0x00000000c4800000, 0x00000000c48ff6b8, 0x00000000c4900000| 99%| O|  |TAMS 0x00000000c4800000, 0x00000000c4800000| Untracked 
|  73|0x00000000c4900000, 0x00000000c49fffe8, 0x00000000c4a00000| 99%| O|  |TAMS 0x00000000c4900000, 0x00000000c4900000| Untracked 
|  74|0x00000000c4a00000, 0x00000000c4affff8, 0x00000000c4b00000| 99%| O|  |TAMS 0x00000000c4a00000, 0x00000000c4a00000| Untracked 
|  75|0x00000000c4b00000, 0x00000000c4b00038, 0x00000000c4c00000|  0%| O|  |TAMS 0x00000000c4b00000, 0x00000000c4b00000| Untracked 
|  76|0x00000000c4c00000, 0x00000000c4c00000, 0x00000000c4d00000|  0%| F|  |TAMS 0x00000000c4c00000, 0x00000000c4c00000| Untracked 
|  77|0x00000000c4d00000, 0x00000000c4d00000, 0x00000000c4e00000|  0%| F|  |TAMS 0x00000000c4d00000, 0x00000000c4d00000| Untracked 
|  78|0x00000000c4e00000, 0x00000000c4e00000, 0x00000000c4f00000|  0%| F|  |TAMS 0x00000000c4e00000, 0x00000000c4e00000| Untracked 
|  79|0x00000000c4f00000, 0x00000000c4f00000, 0x00000000c5000000|  0%| F|  |TAMS 0x00000000c4f00000, 0x00000000c4f00000| Untracked 
|  80|0x00000000c5000000, 0x00000000c5000000, 0x00000000c5100000|  0%| F|  |TAMS 0x00000000c5000000, 0x00000000c5000000| Untracked 
|  81|0x00000000c5100000, 0x00000000c5100000, 0x00000000c5200000|  0%| F|  |TAMS 0x00000000c5100000, 0x00000000c5100000| Untracked 
|  82|0x00000000c5200000, 0x00000000c5200000, 0x00000000c5300000|  0%| F|  |TAMS 0x00000000c5200000, 0x00000000c5200000| Untracked 
|  83|0x00000000c5300000, 0x00000000c5300000, 0x00000000c5400000|  0%| F|  |TAMS 0x00000000c5300000, 0x00000000c5300000| Untracked 
|  84|0x00000000c5400000, 0x00000000c5400000, 0x00000000c5500000|  0%| F|  |TAMS 0x00000000c5400000, 0x00000000c5400000| Untracked 
|  85|0x00000000c5500000, 0x00000000c5500000, 0x00000000c5600000|  0%| F|  |TAMS 0x00000000c5500000, 0x00000000c5500000| Untracked 
|  86|0x00000000c5600000, 0x00000000c5600000, 0x00000000c5700000|  0%| F|  |TAMS 0x00000000c5600000, 0x00000000c5600000| Untracked 
|  87|0x00000000c5700000, 0x00000000c5700000, 0x00000000c5800000|  0%| F|  |TAMS 0x00000000c5700000, 0x00000000c5700000| Untracked 
|  88|0x00000000c5800000, 0x00000000c5800000, 0x00000000c5900000|  0%| F|  |TAMS 0x00000000c5800000, 0x00000000c5800000| Untracked 
|  89|0x00000000c5900000, 0x00000000c5900000, 0x00000000c5a00000|  0%| F|  |TAMS 0x00000000c5900000, 0x00000000c5900000| Untracked 
|  90|0x00000000c5a00000, 0x00000000c5a00000, 0x00000000c5b00000|  0%| F|  |TAMS 0x00000000c5a00000, 0x00000000c5a00000| Untracked 
|  91|0x00000000c5b00000, 0x00000000c5b00000, 0x00000000c5c00000|  0%| F|  |TAMS 0x00000000c5b00000, 0x00000000c5b00000| Untracked 
|  92|0x00000000c5c00000, 0x00000000c5c00000, 0x00000000c5d00000|  0%| F|  |TAMS 0x00000000c5c00000, 0x00000000c5c00000| Untracked 
|  93|0x00000000c5d00000, 0x00000000c5d00000, 0x00000000c5e00000|  0%| F|  |TAMS 0x00000000c5d00000, 0x00000000c5d00000| Untracked 
|  94|0x00000000c5e00000, 0x00000000c5e00000, 0x00000000c5f00000|  0%| F|  |TAMS 0x00000000c5e00000, 0x00000000c5e00000| Untracked 
|  95|0x00000000c5f00000, 0x00000000c5f00000, 0x00000000c6000000|  0%| F|  |TAMS 0x00000000c5f00000, 0x00000000c5f00000| Untracked 
|  96|0x00000000c6000000, 0x00000000c6000000, 0x00000000c6100000|  0%| F|  |TAMS 0x00000000c6000000, 0x00000000c6000000| Untracked 
|  97|0x00000000c6100000, 0x00000000c6100000, 0x00000000c6200000|  0%| F|  |TAMS 0x00000000c6100000, 0x00000000c6100000| Untracked 
|  98|0x00000000c6200000, 0x00000000c6200000, 0x00000000c6300000|  0%| F|  |TAMS 0x00000000c6200000, 0x00000000c6200000| Untracked 
|  99|0x00000000c6300000, 0x00000000c6300000, 0x00000000c6400000|  0%| F|  |TAMS 0x00000000c6300000, 0x00000000c6300000| Untracked 
| 100|0x00000000c6400000, 0x00000000c6400000, 0x00000000c6500000|  0%| F|  |TAMS 0x00000000c6400000, 0x00000000c6400000| Untracked 
| 101|0x00000000c6500000, 0x00000000c6500000, 0x00000000c6600000|  0%| F|  |TAMS 0x00000000c6500000, 0x00000000c6500000| Untracked 
| 102|0x00000000c6600000, 0x00000000c6600000, 0x00000000c6700000|  0%| F|  |TAMS 0x00000000c6600000, 0x00000000c6600000| Untracked 
| 103|0x00000000c6700000, 0x00000000c6700000, 0x00000000c6800000|  0%| F|  |TAMS 0x00000000c6700000, 0x00000000c6700000| Untracked 
| 104|0x00000000c6800000, 0x00000000c6800000, 0x00000000c6900000|  0%| F|  |TAMS 0x00000000c6800000, 0x00000000c6800000| Untracked 
| 105|0x00000000c6900000, 0x00000000c6900000, 0x00000000c6a00000|  0%| F|  |TAMS 0x00000000c6900000, 0x00000000c6900000| Untracked 
| 106|0x00000000c6a00000, 0x00000000c6a00000, 0x00000000c6b00000|  0%| F|  |TAMS 0x00000000c6a00000, 0x00000000c6a00000| Untracked 
| 107|0x00000000c6b00000, 0x00000000c6b00000, 0x00000000c6c00000|  0%| F|  |TAMS 0x00000000c6b00000, 0x00000000c6b00000| Untracked 
| 108|0x00000000c6c00000, 0x00000000c6c00000, 0x00000000c6d00000|  0%| F|  |TAMS 0x00000000c6c00000, 0x00000000c6c00000| Untracked 
| 109|0x00000000c6d00000, 0x00000000c6d00000, 0x00000000c6e00000|  0%| F|  |TAMS 0x00000000c6d00000, 0x00000000c6d00000| Untracked 
| 110|0x00000000c6e00000, 0x00000000c6e00000, 0x00000000c6f00000|  0%| F|  |TAMS 0x00000000c6e00000, 0x00000000c6e00000| Untracked 
| 111|0x00000000c6f00000, 0x00000000c6f00000, 0x00000000c7000000|  0%| F|  |TAMS 0x00000000c6f00000, 0x00000000c6f00000| Untracked 
| 112|0x00000000c7000000, 0x00000000c7000000, 0x00000000c7100000|  0%| F|  |TAMS 0x00000000c7000000, 0x00000000c7000000| Untracked 
| 113|0x00000000c7100000, 0x00000000c7100000, 0x00000000c7200000|  0%| F|  |TAMS 0x00000000c7100000, 0x00000000c7100000| Untracked 
| 114|0x00000000c7200000, 0x00000000c7200000, 0x00000000c7300000|  0%| F|  |TAMS 0x00000000c7200000, 0x00000000c7200000| Untracked 
| 115|0x00000000c7300000, 0x00000000c7300000, 0x00000000c7400000|  0%| F|  |TAMS 0x00000000c7300000, 0x00000000c7300000| Untracked 
| 116|0x00000000c7400000, 0x00000000c7400000, 0x00000000c7500000|  0%| F|  |TAMS 0x00000000c7400000, 0x00000000c7400000| Untracked 
| 117|0x00000000c7500000, 0x00000000c7500000, 0x00000000c7600000|  0%| F|  |TAMS 0x00000000c7500000, 0x00000000c7500000| Untracked 
| 118|0x00000000c7600000, 0x00000000c7600000, 0x00000000c7700000|  0%| F|  |TAMS 0x00000000c7600000, 0x00000000c7600000| Untracked 
| 119|0x00000000c7700000, 0x00000000c7700000, 0x00000000c7800000|  0%| F|  |TAMS 0x00000000c7700000, 0x00000000c7700000| Untracked 
| 120|0x00000000c7800000, 0x00000000c7800000, 0x00000000c7900000|  0%| F|  |TAMS 0x00000000c7800000, 0x00000000c7800000| Untracked 
| 121|0x00000000c7900000, 0x00000000c7900000, 0x00000000c7a00000|  0%| F|  |TAMS 0x00000000c7900000, 0x00000000c7900000| Untracked 
| 122|0x00000000c7a00000, 0x00000000c7a00000, 0x00000000c7b00000|  0%| F|  |TAMS 0x00000000c7a00000, 0x00000000c7a00000| Untracked 
| 123|0x00000000c7b00000, 0x00000000c7b00000, 0x00000000c7c00000|  0%| F|  |TAMS 0x00000000c7b00000, 0x00000000c7b00000| Untracked 
| 124|0x00000000c7c00000, 0x00000000c7c00000, 0x00000000c7d00000|  0%| F|  |TAMS 0x00000000c7c00000, 0x00000000c7c00000| Untracked 
| 125|0x00000000c7d00000, 0x00000000c7d00000, 0x00000000c7e00000|  0%| F|  |TAMS 0x00000000c7d00000, 0x00000000c7d00000| Untracked 
| 126|0x00000000c7e00000, 0x00000000c7e00000, 0x00000000c7f00000|  0%| F|  |TAMS 0x00000000c7e00000, 0x00000000c7e00000| Untracked 
| 127|0x00000000c7f00000, 0x00000000c7f00000, 0x00000000c8000000|  0%| F|  |TAMS 0x00000000c7f00000, 0x00000000c7f00000| Untracked 
| 128|0x00000000c8000000, 0x00000000c8000000, 0x00000000c8100000|  0%| F|  |TAMS 0x00000000c8000000, 0x00000000c8000000| Untracked 
| 129|0x00000000c8100000, 0x00000000c8100000, 0x00000000c8200000|  0%| F|  |TAMS 0x00000000c8100000, 0x00000000c8100000| Untracked 
| 130|0x00000000c8200000, 0x00000000c8200000, 0x00000000c8300000|  0%| F|  |TAMS 0x00000000c8200000, 0x00000000c8200000| Untracked 
| 131|0x00000000c8300000, 0x00000000c8300000, 0x00000000c8400000|  0%| F|  |TAMS 0x00000000c8300000, 0x00000000c8300000| Untracked 
| 132|0x00000000c8400000, 0x00000000c8400000, 0x00000000c8500000|  0%| F|  |TAMS 0x00000000c8400000, 0x00000000c8400000| Untracked 
| 133|0x00000000c8500000, 0x00000000c8500000, 0x00000000c8600000|  0%| F|  |TAMS 0x00000000c8500000, 0x00000000c8500000| Untracked 
| 134|0x00000000c8600000, 0x00000000c8600000, 0x00000000c8700000|  0%| F|  |TAMS 0x00000000c8600000, 0x00000000c8600000| Untracked 
| 135|0x00000000c8700000, 0x00000000c8700000, 0x00000000c8800000|  0%| F|  |TAMS 0x00000000c8700000, 0x00000000c8700000| Untracked 
| 136|0x00000000c8800000, 0x00000000c8800000, 0x00000000c8900000|  0%| F|  |TAMS 0x00000000c8800000, 0x00000000c8800000| Untracked 
| 137|0x00000000c8900000, 0x00000000c8900000, 0x00000000c8a00000|  0%| F|  |TAMS 0x00000000c8900000, 0x00000000c8900000| Untracked 
| 138|0x00000000c8a00000, 0x00000000c8a00000, 0x00000000c8b00000|  0%| F|  |TAMS 0x00000000c8a00000, 0x00000000c8a00000| Untracked 
| 139|0x00000000c8b00000, 0x00000000c8b00000, 0x00000000c8c00000|  0%| F|  |TAMS 0x00000000c8b00000, 0x00000000c8b00000| Untracked 
| 140|0x00000000c8c00000, 0x00000000c8c00000, 0x00000000c8d00000|  0%| F|  |TAMS 0x00000000c8c00000, 0x00000000c8c00000| Untracked 
| 141|0x00000000c8d00000, 0x00000000c8d00000, 0x00000000c8e00000|  0%| F|  |TAMS 0x00000000c8d00000, 0x00000000c8d00000| Untracked 
| 142|0x00000000c8e00000, 0x00000000c8e00000, 0x00000000c8f00000|  0%| F|  |TAMS 0x00000000c8e00000, 0x00000000c8e00000| Untracked 
| 143|0x00000000c8f00000, 0x00000000c8f00000, 0x00000000c9000000|  0%| F|  |TAMS 0x00000000c8f00000, 0x00000000c8f00000| Untracked 
| 144|0x00000000c9000000, 0x00000000c9000000, 0x00000000c9100000|  0%| F|  |TAMS 0x00000000c9000000, 0x00000000c9000000| Untracked 
| 145|0x00000000c9100000, 0x00000000c9100000, 0x00000000c9200000|  0%| F|  |TAMS 0x00000000c9100000, 0x00000000c9100000| Untracked 
| 146|0x00000000c9200000, 0x00000000c9200000, 0x00000000c9300000|  0%| F|  |TAMS 0x00000000c9200000, 0x00000000c9200000| Untracked 
| 147|0x00000000c9300000, 0x00000000c9300000, 0x00000000c9400000|  0%| F|  |TAMS 0x00000000c9300000, 0x00000000c9300000| Untracked 
| 148|0x00000000c9400000, 0x00000000c9400000, 0x00000000c9500000|  0%| F|  |TAMS 0x00000000c9400000, 0x00000000c9400000| Untracked 
| 149|0x00000000c9500000, 0x00000000c9500000, 0x00000000c9600000|  0%| F|  |TAMS 0x00000000c9500000, 0x00000000c9500000| Untracked 
| 150|0x00000000c9600000, 0x00000000c9600000, 0x00000000c9700000|  0%| F|  |TAMS 0x00000000c9600000, 0x00000000c9600000| Untracked 
| 151|0x00000000c9700000, 0x00000000c9700000, 0x00000000c9800000|  0%| F|  |TAMS 0x00000000c9700000, 0x00000000c9700000| Untracked 
| 152|0x00000000c9800000, 0x00000000c9800000, 0x00000000c9900000|  0%| F|  |TAMS 0x00000000c9800000, 0x00000000c9800000| Untracked 
| 153|0x00000000c9900000, 0x00000000c9900000, 0x00000000c9a00000|  0%| F|  |TAMS 0x00000000c9900000, 0x00000000c9900000| Untracked 
| 154|0x00000000c9a00000, 0x00000000c9a00000, 0x00000000c9b00000|  0%| F|  |TAMS 0x00000000c9a00000, 0x00000000c9a00000| Untracked 
| 155|0x00000000c9b00000, 0x00000000c9b00000, 0x00000000c9c00000|  0%| F|  |TAMS 0x00000000c9b00000, 0x00000000c9b00000| Untracked 
| 156|0x00000000c9c00000, 0x00000000c9c00000, 0x00000000c9d00000|  0%| F|  |TAMS 0x00000000c9c00000, 0x00000000c9c00000| Untracked 
| 157|0x00000000c9d00000, 0x00000000c9d00000, 0x00000000c9e00000|  0%| F|  |TAMS 0x00000000c9d00000, 0x00000000c9d00000| Untracked 
| 158|0x00000000c9e00000, 0x00000000c9e00000, 0x00000000c9f00000|  0%| F|  |TAMS 0x00000000c9e00000, 0x00000000c9e00000| Untracked 
| 159|0x00000000c9f00000, 0x00000000c9f00000, 0x00000000ca000000|  0%| F|  |TAMS 0x00000000c9f00000, 0x00000000c9f00000| Untracked 
| 160|0x00000000ca000000, 0x00000000ca000000, 0x00000000ca100000|  0%| F|  |TAMS 0x00000000ca000000, 0x00000000ca000000| Untracked 
| 161|0x00000000ca100000, 0x00000000ca100000, 0x00000000ca200000|  0%| F|  |TAMS 0x00000000ca100000, 0x00000000ca100000| Untracked 
| 162|0x00000000ca200000, 0x00000000ca200000, 0x00000000ca300000|  0%| F|  |TAMS 0x00000000ca200000, 0x00000000ca200000| Untracked 
| 163|0x00000000ca300000, 0x00000000ca300000, 0x00000000ca400000|  0%| F|  |TAMS 0x00000000ca300000, 0x00000000ca300000| Untracked 
| 164|0x00000000ca400000, 0x00000000ca400000, 0x00000000ca500000|  0%| F|  |TAMS 0x00000000ca400000, 0x00000000ca400000| Untracked 
| 165|0x00000000ca500000, 0x00000000ca500000, 0x00000000ca600000|  0%| F|  |TAMS 0x00000000ca500000, 0x00000000ca500000| Untracked 
| 166|0x00000000ca600000, 0x00000000ca600000, 0x00000000ca700000|  0%| F|  |TAMS 0x00000000ca600000, 0x00000000ca600000| Untracked 
| 167|0x00000000ca700000, 0x00000000ca700000, 0x00000000ca800000|  0%| F|  |TAMS 0x00000000ca700000, 0x00000000ca700000| Untracked 
| 168|0x00000000ca800000, 0x00000000ca800000, 0x00000000ca900000|  0%| F|  |TAMS 0x00000000ca800000, 0x00000000ca800000| Untracked 
| 169|0x00000000ca900000, 0x00000000ca900000, 0x00000000caa00000|  0%| F|  |TAMS 0x00000000ca900000, 0x00000000ca900000| Untracked 
| 170|0x00000000caa00000, 0x00000000caa00000, 0x00000000cab00000|  0%| F|  |TAMS 0x00000000caa00000, 0x00000000caa00000| Untracked 
| 171|0x00000000cab00000, 0x00000000cab00000, 0x00000000cac00000|  0%| F|  |TAMS 0x00000000cab00000, 0x00000000cab00000| Untracked 
| 172|0x00000000cac00000, 0x00000000cac00000, 0x00000000cad00000|  0%| F|  |TAMS 0x00000000cac00000, 0x00000000cac00000| Untracked 
| 173|0x00000000cad00000, 0x00000000cad00000, 0x00000000cae00000|  0%| F|  |TAMS 0x00000000cad00000, 0x00000000cad00000| Untracked 
| 174|0x00000000cae00000, 0x00000000cae00000, 0x00000000caf00000|  0%| F|  |TAMS 0x00000000cae00000, 0x00000000cae00000| Untracked 
| 175|0x00000000caf00000, 0x00000000caf00000, 0x00000000cb000000|  0%| F|  |TAMS 0x00000000caf00000, 0x00000000caf00000| Untracked 
| 176|0x00000000cb000000, 0x00000000cb000000, 0x00000000cb100000|  0%| F|  |TAMS 0x00000000cb000000, 0x00000000cb000000| Untracked 
| 177|0x00000000cb100000, 0x00000000cb100000, 0x00000000cb200000|  0%| F|  |TAMS 0x00000000cb100000, 0x00000000cb100000| Untracked 
| 178|0x00000000cb200000, 0x00000000cb200000, 0x00000000cb300000|  0%| F|  |TAMS 0x00000000cb200000, 0x00000000cb200000| Untracked 
| 179|0x00000000cb300000, 0x00000000cb300000, 0x00000000cb400000|  0%| F|  |TAMS 0x00000000cb300000, 0x00000000cb300000| Untracked 
| 180|0x00000000cb400000, 0x00000000cb400000, 0x00000000cb500000|  0%| F|  |TAMS 0x00000000cb400000, 0x00000000cb400000| Untracked 
| 181|0x00000000cb500000, 0x00000000cb500000, 0x00000000cb600000|  0%| F|  |TAMS 0x00000000cb500000, 0x00000000cb500000| Untracked 
| 182|0x00000000cb600000, 0x00000000cb600000, 0x00000000cb700000|  0%| F|  |TAMS 0x00000000cb600000, 0x00000000cb600000| Untracked 
| 183|0x00000000cb700000, 0x00000000cb700000, 0x00000000cb800000|  0%| F|  |TAMS 0x00000000cb700000, 0x00000000cb700000| Untracked 
| 184|0x00000000cb800000, 0x00000000cb800000, 0x00000000cb900000|  0%| F|  |TAMS 0x00000000cb800000, 0x00000000cb800000| Untracked 
| 185|0x00000000cb900000, 0x00000000cb900000, 0x00000000cba00000|  0%| F|  |TAMS 0x00000000cb900000, 0x00000000cb900000| Untracked 
| 186|0x00000000cba00000, 0x00000000cba00000, 0x00000000cbb00000|  0%| F|  |TAMS 0x00000000cba00000, 0x00000000cba00000| Untracked 
| 187|0x00000000cbb00000, 0x00000000cbb00000, 0x00000000cbc00000|  0%| F|  |TAMS 0x00000000cbb00000, 0x00000000cbb00000| Untracked 
| 188|0x00000000cbc00000, 0x00000000cbc00000, 0x00000000cbd00000|  0%| F|  |TAMS 0x00000000cbc00000, 0x00000000cbc00000| Untracked 
| 189|0x00000000cbd00000, 0x00000000cbd00000, 0x00000000cbe00000|  0%| F|  |TAMS 0x00000000cbd00000, 0x00000000cbd00000| Untracked 
| 190|0x00000000cbe00000, 0x00000000cbe00000, 0x00000000cbf00000|  0%| F|  |TAMS 0x00000000cbe00000, 0x00000000cbe00000| Untracked 
| 191|0x00000000cbf00000, 0x00000000cbf00000, 0x00000000cc000000|  0%| F|  |TAMS 0x00000000cbf00000, 0x00000000cbf00000| Untracked 
| 192|0x00000000cc000000, 0x00000000cc000000, 0x00000000cc100000|  0%| F|  |TAMS 0x00000000cc000000, 0x00000000cc000000| Untracked 
| 193|0x00000000cc100000, 0x00000000cc100000, 0x00000000cc200000|  0%| F|  |TAMS 0x00000000cc100000, 0x00000000cc100000| Untracked 
| 194|0x00000000cc200000, 0x00000000cc2e4390, 0x00000000cc300000| 89%| O|  |TAMS 0x00000000cc200000, 0x00000000cc200000| Untracked 
| 195|0x00000000cc300000, 0x00000000cc3fffb8, 0x00000000cc400000| 99%| O|  |TAMS 0x00000000cc300000, 0x00000000cc300000| Untracked 
| 196|0x00000000cc400000, 0x00000000cc400000, 0x00000000cc500000|  0%| F|  |TAMS 0x00000000cc400000, 0x00000000cc400000| Untracked 
| 197|0x00000000cc500000, 0x00000000cc500000, 0x00000000cc600000|  0%| F|  |TAMS 0x00000000cc500000, 0x00000000cc500000| Untracked 
| 198|0x00000000cc600000, 0x00000000cc600000, 0x00000000cc700000|  0%| F|  |TAMS 0x00000000cc600000, 0x00000000cc600000| Untracked 
| 199|0x00000000cc700000, 0x00000000cc700000, 0x00000000cc800000|  0%| F|  |TAMS 0x00000000cc700000, 0x00000000cc700000| Untracked 
| 200|0x00000000cc800000, 0x00000000cc800000, 0x00000000cc900000|  0%| F|  |TAMS 0x00000000cc800000, 0x00000000cc800000| Untracked 
| 201|0x00000000cc900000, 0x00000000cc900000, 0x00000000cca00000|  0%| F|  |TAMS 0x00000000cc900000, 0x00000000cc900000| Untracked 
| 202|0x00000000cca00000, 0x00000000cca00000, 0x00000000ccb00000|  0%| F|  |TAMS 0x00000000cca00000, 0x00000000cca00000| Untracked 
| 203|0x00000000ccb00000, 0x00000000ccb00000, 0x00000000ccc00000|  0%| F|  |TAMS 0x00000000ccb00000, 0x00000000ccb00000| Untracked 
| 204|0x00000000ccc00000, 0x00000000ccc00000, 0x00000000ccd00000|  0%| F|  |TAMS 0x00000000ccc00000, 0x00000000ccc00000| Untracked 
| 205|0x00000000ccd00000, 0x00000000ccd00000, 0x00000000cce00000|  0%| F|  |TAMS 0x00000000ccd00000, 0x00000000ccd00000| Untracked 
| 206|0x00000000cce00000, 0x00000000cce00000, 0x00000000ccf00000|  0%| F|  |TAMS 0x00000000cce00000, 0x00000000cce00000| Untracked 
| 207|0x00000000ccf00000, 0x00000000ccf00000, 0x00000000cd000000|  0%| F|  |TAMS 0x00000000ccf00000, 0x00000000ccf00000| Untracked 
| 208|0x00000000cd000000, 0x00000000cd000000, 0x00000000cd100000|  0%| F|  |TAMS 0x00000000cd000000, 0x00000000cd000000| Untracked 
| 209|0x00000000cd100000, 0x00000000cd100000, 0x00000000cd200000|  0%| F|  |TAMS 0x00000000cd100000, 0x00000000cd100000| Untracked 
| 210|0x00000000cd200000, 0x00000000cd200000, 0x00000000cd300000|  0%| F|  |TAMS 0x00000000cd200000, 0x00000000cd200000| Untracked 
| 211|0x00000000cd300000, 0x00000000cd300000, 0x00000000cd400000|  0%| F|  |TAMS 0x00000000cd300000, 0x00000000cd300000| Untracked 
| 212|0x00000000cd400000, 0x00000000cd400000, 0x00000000cd500000|  0%| F|  |TAMS 0x00000000cd400000, 0x00000000cd400000| Untracked 
| 213|0x00000000cd500000, 0x00000000cd500000, 0x00000000cd600000|  0%| F|  |TAMS 0x00000000cd500000, 0x00000000cd500000| Untracked 
| 214|0x00000000cd600000, 0x00000000cd600000, 0x00000000cd700000|  0%| F|  |TAMS 0x00000000cd600000, 0x00000000cd600000| Untracked 
| 215|0x00000000cd700000, 0x00000000cd700000, 0x00000000cd800000|  0%| F|  |TAMS 0x00000000cd700000, 0x00000000cd700000| Untracked 
| 216|0x00000000cd800000, 0x00000000cd800000, 0x00000000cd900000|  0%| F|  |TAMS 0x00000000cd800000, 0x00000000cd800000| Untracked 
| 217|0x00000000cd900000, 0x00000000cd900000, 0x00000000cda00000|  0%| F|  |TAMS 0x00000000cd900000, 0x00000000cd900000| Untracked 
| 218|0x00000000cda00000, 0x00000000cda00000, 0x00000000cdb00000|  0%| F|  |TAMS 0x00000000cda00000, 0x00000000cda00000| Untracked 
| 219|0x00000000cdb00000, 0x00000000cdb00000, 0x00000000cdc00000|  0%| F|  |TAMS 0x00000000cdb00000, 0x00000000cdb00000| Untracked 
| 220|0x00000000cdc00000, 0x00000000cdc00000, 0x00000000cdd00000|  0%| F|  |TAMS 0x00000000cdc00000, 0x00000000cdc00000| Untracked 
| 221|0x00000000cdd00000, 0x00000000cdd00000, 0x00000000cde00000|  0%| F|  |TAMS 0x00000000cdd00000, 0x00000000cdd00000| Untracked 
| 222|0x00000000cde00000, 0x00000000cde00000, 0x00000000cdf00000|  0%| F|  |TAMS 0x00000000cde00000, 0x00000000cde00000| Untracked 
| 223|0x00000000cdf00000, 0x00000000cdf00000, 0x00000000ce000000|  0%| F|  |TAMS 0x00000000cdf00000, 0x00000000cdf00000| Untracked 
| 224|0x00000000ce000000, 0x00000000ce000000, 0x00000000ce100000|  0%| F|  |TAMS 0x00000000ce000000, 0x00000000ce000000| Untracked 
| 225|0x00000000ce100000, 0x00000000ce100000, 0x00000000ce200000|  0%| F|  |TAMS 0x00000000ce100000, 0x00000000ce100000| Untracked 
| 226|0x00000000ce200000, 0x00000000ce200000, 0x00000000ce300000|  0%| F|  |TAMS 0x00000000ce200000, 0x00000000ce200000| Untracked 
| 227|0x00000000ce300000, 0x00000000ce300000, 0x00000000ce400000|  0%| F|  |TAMS 0x00000000ce300000, 0x00000000ce300000| Untracked 
| 228|0x00000000ce400000, 0x00000000ce400000, 0x00000000ce500000|  0%| F|  |TAMS 0x00000000ce400000, 0x00000000ce400000| Untracked 
| 229|0x00000000ce500000, 0x00000000ce500000, 0x00000000ce600000|  0%| F|  |TAMS 0x00000000ce500000, 0x00000000ce500000| Untracked 
| 230|0x00000000ce600000, 0x00000000ce600000, 0x00000000ce700000|  0%| F|  |TAMS 0x00000000ce600000, 0x00000000ce600000| Untracked 
| 231|0x00000000ce700000, 0x00000000ce700000, 0x00000000ce800000|  0%| F|  |TAMS 0x00000000ce700000, 0x00000000ce700000| Untracked 
| 232|0x00000000ce800000, 0x00000000ce800000, 0x00000000ce900000|  0%| F|  |TAMS 0x00000000ce800000, 0x00000000ce800000| Untracked 
| 233|0x00000000ce900000, 0x00000000ce900000, 0x00000000cea00000|  0%| F|  |TAMS 0x00000000ce900000, 0x00000000ce900000| Untracked 
| 234|0x00000000cea00000, 0x00000000cea00000, 0x00000000ceb00000|  0%| F|  |TAMS 0x00000000cea00000, 0x00000000cea00000| Untracked 
| 235|0x00000000ceb00000, 0x00000000ceb00000, 0x00000000cec00000|  0%| F|  |TAMS 0x00000000ceb00000, 0x00000000ceb00000| Untracked 
| 236|0x00000000cec00000, 0x00000000cec00000, 0x00000000ced00000|  0%| F|  |TAMS 0x00000000cec00000, 0x00000000cec00000| Untracked 
| 237|0x00000000ced00000, 0x00000000ced00000, 0x00000000cee00000|  0%| F|  |TAMS 0x00000000ced00000, 0x00000000ced00000| Untracked 
| 238|0x00000000cee00000, 0x00000000cee00000, 0x00000000cef00000|  0%| F|  |TAMS 0x00000000cee00000, 0x00000000cee00000| Untracked 
| 239|0x00000000cef00000, 0x00000000cef00000, 0x00000000cf000000|  0%| F|  |TAMS 0x00000000cef00000, 0x00000000cef00000| Untracked 
| 240|0x00000000cf000000, 0x00000000cf000000, 0x00000000cf100000|  0%| F|  |TAMS 0x00000000cf000000, 0x00000000cf000000| Untracked 
| 241|0x00000000cf100000, 0x00000000cf100000, 0x00000000cf200000|  0%| F|  |TAMS 0x00000000cf100000, 0x00000000cf100000| Untracked 
| 242|0x00000000cf200000, 0x00000000cf200000, 0x00000000cf300000|  0%| F|  |TAMS 0x00000000cf200000, 0x00000000cf200000| Untracked 
| 243|0x00000000cf300000, 0x00000000cf300000, 0x00000000cf400000|  0%| F|  |TAMS 0x00000000cf300000, 0x00000000cf300000| Untracked 
| 244|0x00000000cf400000, 0x00000000cf400000, 0x00000000cf500000|  0%| F|  |TAMS 0x00000000cf400000, 0x00000000cf400000| Untracked 
| 245|0x00000000cf500000, 0x00000000cf500000, 0x00000000cf600000|  0%| F|  |TAMS 0x00000000cf500000, 0x00000000cf500000| Untracked 
| 246|0x00000000cf600000, 0x00000000cf600000, 0x00000000cf700000|  0%| F|  |TAMS 0x00000000cf600000, 0x00000000cf600000| Untracked 
| 247|0x00000000cf700000, 0x00000000cf700000, 0x00000000cf800000|  0%| F|  |TAMS 0x00000000cf700000, 0x00000000cf700000| Untracked 
| 248|0x00000000cf800000, 0x00000000cf800000, 0x00000000cf900000|  0%| F|  |TAMS 0x00000000cf800000, 0x00000000cf800000| Untracked 
| 249|0x00000000cf900000, 0x00000000cf900000, 0x00000000cfa00000|  0%| F|  |TAMS 0x00000000cf900000, 0x00000000cf900000| Untracked 
| 250|0x00000000cfa00000, 0x00000000cfa00000, 0x00000000cfb00000|  0%| F|  |TAMS 0x00000000cfa00000, 0x00000000cfa00000| Untracked 
| 251|0x00000000cfb00000, 0x00000000cfb00000, 0x00000000cfc00000|  0%| F|  |TAMS 0x00000000cfb00000, 0x00000000cfb00000| Untracked 
| 252|0x00000000cfc00000, 0x00000000cfc00000, 0x00000000cfd00000|  0%| F|  |TAMS 0x00000000cfc00000, 0x00000000cfc00000| Untracked 
| 253|0x00000000cfd00000, 0x00000000cfd00000, 0x00000000cfe00000|  0%| F|  |TAMS 0x00000000cfd00000, 0x00000000cfd00000| Untracked 
| 254|0x00000000cfe00000, 0x00000000cfe00000, 0x00000000cff00000|  0%| F|  |TAMS 0x00000000cfe00000, 0x00000000cfe00000| Untracked 
| 255|0x00000000cff00000, 0x00000000cff00000, 0x00000000d0000000|  0%| F|  |TAMS 0x00000000cff00000, 0x00000000cff00000| Untracked 
| 256|0x00000000d0000000, 0x00000000d0000000, 0x00000000d0100000|  0%| F|  |TAMS 0x00000000d0000000, 0x00000000d0000000| Untracked 
| 257|0x00000000d0100000, 0x00000000d0100000, 0x00000000d0200000|  0%| F|  |TAMS 0x00000000d0100000, 0x00000000d0100000| Untracked 
| 258|0x00000000d0200000, 0x00000000d0200000, 0x00000000d0300000|  0%| F|  |TAMS 0x00000000d0200000, 0x00000000d0200000| Untracked 
| 259|0x00000000d0300000, 0x00000000d0300000, 0x00000000d0400000|  0%| F|  |TAMS 0x00000000d0300000, 0x00000000d0300000| Untracked 
| 260|0x00000000d0400000, 0x00000000d0400000, 0x00000000d0500000|  0%| F|  |TAMS 0x00000000d0400000, 0x00000000d0400000| Untracked 
| 261|0x00000000d0500000, 0x00000000d0500000, 0x00000000d0600000|  0%| F|  |TAMS 0x00000000d0500000, 0x00000000d0500000| Untracked 
| 262|0x00000000d0600000, 0x00000000d0600000, 0x00000000d0700000|  0%| F|  |TAMS 0x00000000d0600000, 0x00000000d0600000| Untracked 
| 263|0x00000000d0700000, 0x00000000d0700000, 0x00000000d0800000|  0%| F|  |TAMS 0x00000000d0700000, 0x00000000d0700000| Untracked 
| 264|0x00000000d0800000, 0x00000000d0900000, 0x00000000d0900000|100%| E|  |TAMS 0x00000000d0800000, 0x00000000d0800000| Complete 
|1016|0x00000000ff800000, 0x00000000ff848000, 0x00000000ff900000| 28%|OA|  |TAMS 0x00000000ff848000, 0x00000000ff800000| Untracked 
|1020|0x00000000ffc00000, 0x00000000ffc6c000, 0x00000000ffd00000| 42%|CA|  |TAMS 0x00000000ffc6c000, 0x00000000ffc00000| Untracked 

Card table byte_map: [0x0000798d34c00000,0x0000798d34e00000] _byte_map_base: 0x0000798d34600000

Marking Bits (Prev, Next): (CMBitMap*) 0x0000000025c904a0, (CMBitMap*) 0x0000000025c90468
 Prev Bits: [0x0000798d15200000, 0x0000798d16200000)
 Next Bits: [0x0000798d16200000, 0x0000798d17200000)

Polling page: 0x0000798d68457000

Metaspace:

Usage:
  Non-class:     10.72 MB capacity,     9.44 MB ( 88%) used,     1.23 MB ( 11%) free+waste,    50.00 KB ( <1%) overhead. 
      Class:      2.05 MB capacity,     1.71 MB ( 83%) used,   323.27 KB ( 15%) free+waste,    26.19 KB (  1%) overhead. 
       Both:     12.77 MB capacity,    11.15 MB ( 87%) used,     1.54 MB ( 12%) free+waste,    76.19 KB ( <1%) overhead. 

Virtual space:
  Non-class space:       12.00 MB reserved,      10.75 MB ( 90%) committed 
      Class space:        1.00 GB reserved,       2.12 MB ( <1%) committed 
             Both:        1.01 GB reserved,      12.88 MB (  1%) committed 

Chunk freelists:
   Non-Class:  29.00 KB
       Class:  11.00 KB
        Both:  40.00 KB

MaxMetaspaceSize: unlimited
CompressedClassSpaceSize: 1.00 GB
Initial GC threshold: 20.80 MB
Current GC threshold: 21.46 MB
CDS: on

CodeHeap 'non-profiled nmethods': size=120032Kb used=2227Kb max_used=2227Kb free=117804Kb
 bounds [0x0000798d1ecc8000, 0x0000798d1ef38000, 0x0000798d26200000]
CodeHeap 'profiled nmethods': size=120032Kb used=6736Kb max_used=6736Kb free=113296Kb
 bounds [0x0000798d17790000, 0x0000798d17e30000, 0x0000798d1ecc8000]
CodeHeap 'non-nmethods': size=5696Kb used=1157Kb max_used=1203Kb free=4538Kb
 bounds [0x0000798d17200000, 0x0000798d17470000, 0x0000798d17790000]
 total_blobs=4142 nmethods=3741 adapters=314
 compilation: enabled
              stopped_count=0, restarted_count=0
 full_count=0

Compilation events (20 events):
Event: 231.342 Thread 0x000000002639f000 nmethod 3764 0x0000798d1eedd510 code [0x0000798d1eedd6a0, 0x0000798d1eedd738]
Event: 231.342 Thread 0x000000002639f000 3752       4       java.util.regex.Pattern$$Lambda$31/0x0000000840084c40::is (5 bytes)
Event: 231.342 Thread 0x000000002639f000 nmethod 3752 0x0000798d1eedd810 code [0x0000798d1eedd9a0, 0x0000798d1eedda78]
Event: 231.342 Thread 0x000000002639f000 3748       4       scala.util.matching.Regex$MatchIterator::hasNext (101 bytes)
Event: 231.361 Thread 0x000000002639f000 nmethod 3748 0x0000798d1eeddb90 code [0x0000798d1eedde00, 0x0000798d1eeded38]
Event: 231.361 Thread 0x000000002639f000 3760       4       java.util.HashMap$HashIterator::hasNext (13 bytes)
Event: 231.361 Thread 0x000000002639f000 nmethod 3760 0x0000798d1eedf990 code [0x0000798d1eedfb20, 0x0000798d1eedfb98]
Event: 231.361 Thread 0x000000002639f000 3753       4       org.openkoreantext.processor.tokenizer.KoreanTokenizer$$$Lambda$131/0x00000008401dd840::apply (8 bytes)
Event: 231.362 Thread 0x000000002639f000 nmethod 3753 0x0000798d1eedfc90 code [0x0000798d1eedfe20, 0x0000798d1eedfed8]
Event: 231.362 Thread 0x000000002639f000 3746       4       org.openkoreantext.processor.tokenizer.KoreanTokenizer$::$anonfun$findTopCandidates$2 (157 bytes)
Event: 231.394 Thread 0x0000798ce4088000 nmethod 3637 0x0000798d1eee0010 code [0x0000798d1eee09c0, 0x0000798d1eee9298]
Event: 231.405 Thread 0x000000002639f000 nmethod 3746 0x0000798d1eeef190 code [0x0000798d1eeef5a0, 0x0000798d1eef1bd8]
Event: 568.269 Thread 0x000000002639f000 3774       4       java.lang.ref.ReferenceQueue::reallyPoll (65 bytes)
Event: 568.272 Thread 0x000000002639f000 nmethod 3774 0x0000798d1eef3790 code [0x0000798d1eef3920, 0x0000798d1eef3c58]
Event: 1280.827 Thread 0x000000002639f000 3775   !   4       java.lang.ref.ReferenceQueue::remove (125 bytes)
Event: 1280.834 Thread 0x000000002639f000 nmethod 3775 0x0000798d1eef3d10 code [0x0000798d1eef3ee0, 0x0000798d1eef4b08]
Event: 1491.187 Thread 0x00000000263a1000 3776   !   3       jdk.internal.ref.PhantomCleanable::isListEmpty (34 bytes)
Event: 1491.187 Thread 0x00000000263a1000 nmethod 3776 0x0000798d17e23610 code [0x0000798d17e237c0, 0x0000798d17e23b10]
Event: 1491.187 Thread 0x00000000263a1000 3777       3       jdk.internal.misc.InnocuousThread::eraseThreadLocals (23 bytes)
Event: 1491.187 Thread 0x00000000263a1000 nmethod 3777 0x0000798d17e23c10 code [0x0000798d17e23dc0, 0x0000798d17e23fb0]

GC Heap History (20 events):
Event: 227.591 GC heap before
{Heap before GC invocations=24 (full 5):
 garbage-first heap   total 27648K, used 18852K [0x00000000c0000000, 0x0000000100000000)
  region size 1024K, 3 young (3072K), 1 survivors (1024K)
 Metaspace       used 7904K, capacity 9857K, committed 9984K, reserved 1058816K
  class space    used 1238K, capacity 1506K, committed 1536K, reserved 1048576K
}
Event: 227.595 GC heap after
{Heap after GC invocations=25 (full 5):
 garbage-first heap   total 27648K, used 16932K [0x00000000c0000000, 0x0000000100000000)
  region size 1024K, 1 young (1024K), 1 survivors (1024K)
 Metaspace       used 7904K, capacity 9857K, committed 9984K, reserved 1058816K
  class space    used 1238K, capacity 1506K, committed 1536K, reserved 1048576K
}
Event: 227.622 GC heap before
{Heap before GC invocations=25 (full 5):
 garbage-first heap   total 27648K, used 18980K [0x00000000c0000000, 0x0000000100000000)
  region size 1024K, 3 young (3072K), 1 survivors (1024K)
 Metaspace       used 8006K, capacity 9965K, committed 10112K, reserved 1058816K
  class space    used 1275K, capacity 1544K, committed 1664K, reserved 1048576K
}
Event: 227.626 GC heap after
{Heap after GC invocations=26 (full 5):
 garbage-first heap   total 271360K, used 17033K [0x00000000c0000000, 0x0000000100000000)
  region size 1024K, 1 young (1024K), 1 survivors (1024K)
 Metaspace       used 8006K, capacity 9965K, committed 10112K, reserved 1058816K
  class space    used 1275K, capacity 1544K, committed 1664K, reserved 1048576K
}
Event: 227.963 GC heap before
{Heap before GC invocations=27 (full 5):
 garbage-first heap   total 271360K, used 115337K [0x00000000c0000000, 0x0000000100000000)
  region size 1024K, 95 young (97280K), 1 survivors (1024K)
 Metaspace       used 8459K, capacity 10410K, committed 10624K, reserved 1058816K
  class space    used 1332K, capacity 1627K, committed 1664K, reserved 1048576K
}
Event: 227.968 GC heap after
{Heap after GC invocations=28 (full 5):
 garbage-first heap   total 271360K, used 21293K [0x00000000c0000000, 0x0000000100000000)
  region size 1024K, 3 young (3072K), 3 survivors (3072K)
 Metaspace       used 8459K, capacity 10410K, committed 10624K, reserved 1058816K
  class space    used 1332K, capacity 1627K, committed 1664K, reserved 1048576K
}
Event: 229.003 GC heap before
{Heap before GC invocations=28 (full 5):
 garbage-first heap   total 271360K, used 193325K [0x00000000c0000000, 0x0000000100000000)
  region size 1024K, 159 young (162816K), 3 survivors (3072K)
 Metaspace       used 9841K, capacity 11567K, committed 11648K, reserved 1058816K
  class space    used 1549K, capacity 1880K, committed 1920K, reserved 1048576K
}
Event: 229.027 GC heap after
{Heap after GC invocations=29 (full 5):
 garbage-first heap   total 271360K, used 44567K [0x00000000c0000000, 0x0000000100000000)
  region size 1024K, 14 young (14336K), 14 survivors (14336K)
 Metaspace       used 9841K, capacity 11567K, committed 11648K, reserved 1058816K
  class space    used 1549K, capacity 1880K, committed 1920K, reserved 1048576K
}
Event: 229.467 GC heap before
{Heap before GC invocations=29 (full 5):
 garbage-first heap   total 271360K, used 194071K [0x00000000c0000000, 0x0000000100000000)
  region size 1024K, 159 young (162816K), 14 survivors (14336K)
 Metaspace       used 10505K, capacity 12196K, committed 12288K, reserved 1058816K
  class space    used 1668K, capacity 2014K, committed 2048K, reserved 1048576K
}
Event: 229.504 GC heap after
{Heap after GC invocations=30 (full 5):
 garbage-first heap   total 271360K, used 65679K [0x00000000c0000000, 0x0000000100000000)
  region size 1024K, 20 young (20480K), 20 survivors (20480K)
 Metaspace       used 10505K, capacity 12196K, committed 12288K, reserved 1058816K
  class space    used 1668K, capacity 2014K, committed 2048K, reserved 1048576K
}
Event: 229.723 GC heap before
{Heap before GC invocations=30 (full 5):
 garbage-first heap   total 271360K, used 206991K [0x00000000c0000000, 0x0000000100000000)
  region size 1024K, 158 young (161792K), 20 survivors (20480K)
 Metaspace       used 10594K, capacity 12303K, committed 12672K, reserved 1060864K
  class space    used 1707K, capacity 2049K, committed 2176K, reserved 1048576K
}
Event: 229.753 GC heap after
{Heap after GC invocations=31 (full 5):
 garbage-first heap   total 271360K, used 77172K [0x00000000c0000000, 0x0000000100000000)
  region size 1024K, 16 young (16384K), 16 survivors (16384K)
 Metaspace       used 10594K, capacity 12303K, committed 12672K, reserved 1060864K
  class space    used 1707K, capacity 2049K, committed 2176K, reserved 1048576K
}
Event: 229.894 GC heap before
{Heap before GC invocations=31 (full 5):
 garbage-first heap   total 271360K, used 207220K [0x00000000c0000000, 0x0000000100000000)
  region size 1024K, 143 young (146432K), 16 survivors (16384K)
 Metaspace       used 10596K, capacity 12303K, committed 12672K, reserved 1060864K
  class space    used 1707K, capacity 2049K, committed 2176K, reserved 1048576K
}
Event: 229.923 GC heap after
{Heap after GC invocations=32 (full 5):
 garbage-first heap   total 415744K, used 90627K [0x00000000c0000000, 0x0000000100000000)
  region size 1024K, 14 young (14336K), 14 survivors (14336K)
 Metaspace       used 10596K, capacity 12303K, committed 12672K, reserved 1060864K
  class space    used 1707K, capacity 2049K, committed 2176K, reserved 1048576K
}
Event: 230.953 GC heap before
{Heap before GC invocations=32 (full 5):
 garbage-first heap   total 415744K, used 295427K [0x00000000c0000000, 0x0000000100000000)
  region size 1024K, 214 young (219136K), 14 survivors (14336K)
 Metaspace       used 11417K, capacity 13078K, committed 13184K, reserved 1060864K
  class space    used 1751K, capacity 2101K, committed 2176K, reserved 1048576K
}
Event: 230.966 GC heap after
{Heap after GC invocations=33 (full 5):
 garbage-first heap   total 415744K, used 88579K [0x00000000c0000000, 0x0000000100000000)
  region size 1024K, 12 young (12288K), 12 survivors (12288K)
 Metaspace       used 11417K, capacity 13078K, committed 13184K, reserved 1060864K
  class space    used 1751K, capacity 2101K, committed 2176K, reserved 1048576K
}
Event: 231.057 GC heap before
{Heap before GC invocations=33 (full 5):
 garbage-first heap   total 415744K, used 88579K [0x00000000c0000000, 0x0000000100000000)
  region size 1024K, 13 young (13312K), 12 survivors (12288K)
 Metaspace       used 11417K, capacity 13078K, committed 13184K, reserved 1060864K
  class space    used 1751K, capacity 2101K, committed 2176K, reserved 1048576K
}
Event: 231.176 GC heap after
{Heap after GC invocations=34 (full 6):
 garbage-first heap   total 276480K, used 79423K [0x00000000c0000000, 0x0000000100000000)
  region size 1024K, 0 young (0K), 0 survivors (0K)
 Metaspace       used 11417K, capacity 13078K, committed 13184K, reserved 1060864K
  class space    used 1751K, capacity 2101K, committed 2176K, reserved 1048576K
}
Event: 232.535 GC heap before
{Heap before GC invocations=34 (full 6):
 garbage-first heap   total 276480K, used 105023K [0x00000000c0000000, 0x0000000100000000)
  region size 1024K, 26 young (26624K), 0 survivors (0K)
 Metaspace       used 11419K, capacity 13080K, committed 13184K, reserved 1060864K
  class space    used 1751K, capacity 2101K, committed 2176K, reserved 1048576K
}
Event: 232.679 GC heap after
{Heap after GC invocations=35 (full 7):
 garbage-first heap   total 273408K, used 79414K [0x00000000c0000000, 0x0000000100000000)
  region size 1024K, 0 young (0K), 0 survivors (0K)
 Metaspace       used 11419K, capacity 13080K, committed 13184K, reserved 1060864K
  class space    used 1751K, capacity 2101K, committed 2176K, reserved 1048576K
}

Deoptimization events (20 events):
Event: 230.221 Thread 0x000000002586b800 DEOPT PACKING pc=0x0000798d1ee74fec sp=0x00007ffe90fe8ab0
Event: 230.221 Thread 0x000000002586b800 DEOPT UNPACKING pc=0x0000798d172082a5 sp=0x00007ffe90fe8a00 mode 2
Event: 230.234 Thread 0x000000002586b800 Uncommon trap: trap_request=0xffffff76 fr.pc=0x0000798d1ee7767c relative=0x00000000000004dc
Event: 230.234 Thread 0x000000002586b800 Uncommon trap: reason=loop_limit_check action=maybe_recompile pc=0x0000798d1ee7767c method=java.util.regex.Pattern$StartS.match(Ljava/util/regex/Matcher;ILjava/lang/CharSequence;)Z @ 34 c2
Event: 230.234 Thread 0x000000002586b800 DEOPT PACKING pc=0x0000798d1ee7767c sp=0x00007ffe90fe87e0
Event: 230.234 Thread 0x000000002586b800 DEOPT UNPACKING pc=0x0000798d172082a5 sp=0x00007ffe90fe8730 mode 2
Event: 230.503 Thread 0x000000002586b800 Uncommon trap: trap_request=0xffffffde fr.pc=0x0000798d1ee9d5f8 relative=0x0000000000000538
Event: 230.503 Thread 0x000000002586b800 Uncommon trap: reason=class_check action=maybe_recompile pc=0x0000798d1ee9d5f8 method=org.openkoreantext.processor.util.CharArrayMap.getHashCode(Ljava/lang/CharSequence;)I @ 15 c2
Event: 230.503 Thread 0x000000002586b800 DEOPT PACKING pc=0x0000798d1ee9d5f8 sp=0x00007ffe90fe8b30
Event: 230.503 Thread 0x000000002586b800 DEOPT UNPACKING pc=0x0000798d172082a5 sp=0x00007ffe90fe8a58 mode 2
Event: 230.570 Thread 0x000000002586b800 Uncommon trap: trap_request=0xffffff4d fr.pc=0x0000798d1ee76a94 relative=0x00000000000000f4
Event: 230.570 Thread 0x000000002586b800 Uncommon trap: reason=unstable_if action=reinterpret pc=0x0000798d1ee76a94 method=java.util.regex.ASCII.isLower(I)Z @ 9 c2
Event: 230.570 Thread 0x000000002586b800 DEOPT PACKING pc=0x0000798d1ee76a94 sp=0x00007ffe90fe8480
Event: 230.570 Thread 0x000000002586b800 DEOPT UNPACKING pc=0x0000798d172082a5 sp=0x00007ffe90fe8308 mode 2
Event: 230.570 Thread 0x000000002586b800 Uncommon trap: trap_request=0xffffff4d fr.pc=0x0000798d1ee76350 relative=0x00000000000000b0
Event: 230.570 Thread 0x000000002586b800 Uncommon trap: reason=unstable_if action=reinterpret pc=0x0000798d1ee76350 method=java.util.regex.ASCII.isLower(I)Z @ 9 c2
Event: 230.570 Thread 0x000000002586b800 DEOPT PACKING pc=0x0000798d1ee76350 sp=0x00007ffe90fe8420
Event: 230.570 Thread 0x000000002586b800 DEOPT UNPACKING pc=0x0000798d172082a5 sp=0x00007ffe90fe8328 mode 2
Event: 230.669 Thread 0x000000002586b800 DEOPT PACKING pc=0x0000798d178f8941 sp=0x00007ffe90fe81d0
Event: 230.669 Thread 0x000000002586b800 DEOPT UNPACKING pc=0x0000798d172499fa sp=0x00007ffe90fe76d0 mode 0

Classes redefined (0 events):
No events

Internal exceptions (19 events):
Event: 0.271 Thread 0x000000002586b800 Exception <a 'java/lang/NoSuchMethodError'{0x00000000df311ae8}: 'int java.lang.invoke.DirectMethodHandle$Holder.invokeStaticInit(java.lang.Object, java.lang.Object)'> (0x00000000df311ae8) thrown at [./src/hotspot/share/interpreter/linkResolver.cpp, line 772]
Event: 0.273 Thread 0x000000002586b800 Exception <a 'java/lang/NoSuchMethodError'{0x00000000df317ae0}: 'java.lang.Object java.lang.invoke.DirectMethodHandle$Holder.invokeStaticInit(java.lang.Object, int)'> (0x00000000df317ae0) thrown at [./src/hotspot/share/interpreter/linkResolver.cpp, line 772]
Event: 0.307 Thread 0x000000002586b800 Exception <a 'java/lang/NoSuchMethodError'{0x00000000df387238}: 'java.lang.Object java.lang.invoke.DirectMethodHandle$Holder.invokeStatic(java.lang.Object, int, java.lang.Object, java.lang.Object, java.lang.Object)'> (0x00000000df387238) thrown at [./src/hotspot/share/interpreter/linkResolver.cpp, line 772]
Event: 226.471 Thread 0x000000002586b800 Exception <a 'java/lang/NoSuchMethodError'{0x00000000cf9e7500}: 'java.lang.Object java.lang.invoke.DirectMethodHandle$Holder.invokeStaticInit(java.lang.Object, java.lang.Object, java.lang.Object)'> (0x00000000cf9e7500) thrown at [./src/hotspot/share/interpreter/linkResolver.cpp, line 772]
Event: 226.476 Thread 0x000000002586b800 Exception <a 'java/lang/NoSuchMethodError'{0x00000000c172f568}: 'java.lang.Object java.lang.invoke.DirectMethodHandle$Holder.invokeStaticInit(java.lang.Object, java.lang.Object, java.lang.Object, java.lang.Object)'> (0x00000000c172f568) thrown at [./src/hotspot/share/interpreter/linkResolver.cpp, line 772]
Event: 227.507 Thread 0x000000002586b800 Exception <a 'java/lang/NoSuchMethodError'{0x00000000cf924210}: 'java.lang.Object java.lang.invoke.DirectMethodHandle$Holder.invokeStatic(java.lang.Object, java.lang.Object, int, java.lang.Object)'> (0x00000000cf924210) thrown at [./src/hotspot/share/interpreter/linkResolver.cpp, line 772]
Event: 227.508 Thread 0x000000002586b800 Exception <a 'java/lang/NoSuchMethodError'{0x00000000cf92d6b8}: 'java.lang.Object java.lang.invoke.Invokers$Holder.linkToTargetMethod(java.lang.Object, int, java.lang.Object)'> (0x00000000cf92d6b8) thrown at [./src/hotspot/share/interpreter/linkResolver.cpp, line 772]
Event: 227.515 Thread 0x000000002586b800 Exception <a 'java/lang/NoSuchMethodError'{0x00000000cf958d68}: 'java.lang.Object java.lang.invoke.DirectMethodHandle$Holder.invokeStatic(java.lang.Object, int, java.lang.Object)'> (0x00000000cf958d68) thrown at [./src/hotspot/share/interpreter/linkResolver.cpp, line 772]
Event: 227.521 Thread 0x000000002586b800 Exception <a 'java/lang/NoSuchMethodError'{0x00000000cf970b68}: 'java.lang.Object java.lang.invoke.DirectMethodHandle$Holder.invokeStatic(java.lang.Object, int, int, java.lang.Object)'> (0x00000000cf970b68) thrown at [./src/hotspot/share/interpreter/linkResolver.cpp, line 772]
Event: 228.818 Thread 0x000000002586b800 Exception <a 'java/lang/NoSuchMethodError'{0x00000000c73c2c78}: 'int java.lang.invoke.DirectMethodHandle$Holder.invokeSpecialIFC(java.lang.Object, java.lang.Object, int)'> (0x00000000c73c2c78) thrown at [./src/hotspot/share/interpreter/linkResolver.cpp, line 772]
Event: 228.863 Thread 0x000000002586b800 Exception <a 'java/lang/NoSuchMethodError'{0x00000000c714e410}: 'java.lang.Object java.lang.invoke.Invokers$Holder.linkToTargetMethod(java.lang.Object, int, java.lang.Object, java.lang.Object)'> (0x00000000c714e410) thrown at [./src/hotspot/share/interpreter/linkResolver.cpp, line 772]
Event: 228.879 Thread 0x000000002586b800 Exception <a 'java/lang/NoSuchMethodError'{0x00000000c71aac70}: 'java.lang.Object java.lang.invoke.DirectMethodHandle$Holder.invokeStatic(java.lang.Object, java.lang.Object, java.lang.Object, java.lang.Object, java.lang.Object, int)'> (0x00000000c71aac70) thrown at [./src/hotspot/share/interpreter/linkResolver.cpp, line 772]
Event: 228.879 Thread 0x000000002586b800 Exception <a 'java/lang/NoSuchMethodError'{0x00000000c71aeba0}: 'java.lang.Object java.lang.invoke.DirectMethodHandle$Holder.invokeSpecial(java.lang.Object, java.lang.Object, java.lang.Object, java.lang.Object, java.lang.Object, java.lang.Object, int)'> (0x00000000c71aeba0) thrown at [./src/hotspot/share/interpreter/linkResolver.cpp, line 772]
Event: 228.912 Thread 0x000000002586b800 Exception <a 'java/lang/NoSuchMethodError'{0x00000000c706b7e0}: 'java.lang.Object java.lang.invoke.DirectMethodHandle$Holder.invokeStatic(java.lang.Object, java.lang.Object, java.lang.Object, java.lang.Object, int, java.lang.Object)'> (0x00000000c706b7e0) thrown at [./src/hotspot/share/interpreter/linkResolver.cpp, line 772]
Event: 228.912 Thread 0x000000002586b800 Exception <a 'java/lang/NoSuchMethodError'{0x00000000c706f2a0}: 'java.lang.Object java.lang.invoke.DirectMethodHandle$Holder.invokeSpecial(java.lang.Object, java.lang.Object, java.lang.Object, java.lang.Object, java.lang.Object, int, java.lang.Object)'> (0x00000000c706f2a0) thrown at [./src/hotspot/share/interpreter/linkResolver.cpp, line 772]
Event: 228.912 Thread 0x000000002586b800 Exception <a 'java/lang/NoSuchMethodError'{0x00000000c7072610}: 'java.lang.Object java.lang.invoke.Invokers$Holder.linkToTargetMethod(java.lang.Object, java.lang.Object, java.lang.Object, int, java.lang.Object, java.lang.Object)'> (0x00000000c7072610) thrown at [./src/hotspot/share/interpreter/linkResolver.cpp, line 772]
Event: 229.192 Thread 0x000000002586b800 Exception <a 'java/lang/NoSuchMethodError'{0x00000000ced8d8b0}: 'java.lang.Object java.lang.invoke.DirectMethodHandle$Holder.invokeStaticInit(java.lang.Object, java.lang.Object, java.lang.Object, java.lang.Object, java.lang.Object)'> (0x00000000ced8d8b0) thrown at [./src/hotspot/share/interpreter/linkResolver.cpp, line 772]
Event: 229.194 Thread 0x000000002586b800 Exception <a 'java/lang/NoSuchMethodError'{0x00000000ced9b7c8}: 'java.lang.Object java.lang.invoke.Invokers$Holder.invoker(java.lang.Object, java.lang.Object, java.lang.Object)'> (0x00000000ced9b7c8) thrown at [./src/hotspot/share/interpreter/linkResolver.cpp, line 772]
Event: 229.195 Thread 0x000000002586b800 Exception <a 'java/lang/NoSuchMethodError'{0x00000000cedab420}: 'void java.lang.invoke.DelegatingMethodHandle$Holder.delegate(java.lang.Object, java.lang.Object, int, java.lang.Object)'> (0x00000000cedab420) thrown at [./src/hotspot/share/interpreter/linkResolver.cpp, line 772]

Events (20 events):
Event: 230.150 loading class org/openkoreantext/processor/util/KoreanSubstantive$ done
Event: 230.150 loading class org/openkoreantext/processor/util/KoreanSubstantive$
Event: 230.150 loading class org/openkoreantext/processor/util/KoreanSubstantive$ done
Event: 230.213 Executing VM operation: ICBufferFull
Event: 230.213 Executing VM operation: ICBufferFull done
Event: 230.503 loading class scala/Predef$any2stringadd$
Event: 230.503 loading class scala/Predef$any2stringadd$ done
Event: 230.622 Executing VM operation: ICBufferFull
Event: 230.622 Executing VM operation: ICBufferFull done
Event: 230.953 Executing VM operation: G1CollectForAllocation
Event: 230.966 Executing VM operation: G1CollectForAllocation done
Event: 231.057 Executing VM operation: G1CollectFull
Event: 231.176 Executing VM operation: G1CollectFull done
Event: 232.535 Executing VM operation: G1CollectFull
Event: 232.679 Executing VM operation: G1CollectFull done
Event: 236.394 Thread 0x0000798ce4088000 Thread exited: 0x0000798ce4088000
Event: 13913.264 loading class jdk/internal/misc/Signal$1
Event: 13913.264 loading class jdk/internal/misc/Signal$1 done
Event: 13913.339 Thread 0x0000798ce8001000 Thread added: 0x0000798ce8001000
Event: 13913.339 Protecting memory [0x0000798d149fc000,0x0000798d14a00000] with protection modes 0


Dynamic libraries:
00400000-0041f000 r--p 00000000 08:11 4939895                            /anaconda/envs/azureml_py38/bin/python3.10
0041f000-0061b000 r-xp 0001f000 08:11 4939895                            /anaconda/envs/azureml_py38/bin/python3.10
0061b000-0071d000 r--p 0021b000 08:11 4939895                            /anaconda/envs/azureml_py38/bin/python3.10
0071e000-0071f000 r--p 0031d000 08:11 4939895                            /anaconda/envs/azureml_py38/bin/python3.10
0071f000-00751000 rw-p 0031e000 08:11 4939895                            /anaconda/envs/azureml_py38/bin/python3.10
00751000-00757000 rw-p 00000000 00:00 0 
237c7000-28372000 rw-p 00000000 00:00 0                                  [heap]
c0000000-d0900000 rw-p 00000000 00:00 0 
d0900000-ff800000 ---p 00000000 00:00 0 
ff800000-ff848000 rw-p 00b14000 08:11 1032193                            /usr/lib/jvm/java-11-openjdk-amd64/lib/server/classes.jsa
ff848000-ff900000 rw-p 00000000 00:00 0 
ff900000-ffc00000 ---p 00000000 00:00 0 
ffc00000-ffc6c000 rw-p 00aa8000 08:11 1032193                            /usr/lib/jvm/java-11-openjdk-amd64/lib/server/classes.jsa
ffc6c000-ffd00000 rw-p 00000000 00:00 0 
ffd00000-100000000 ---p 00000000 00:00 0 
800000000-800002000 rwxp 00001000 08:11 1032193                          /usr/lib/jvm/java-11-openjdk-amd64/lib/server/classes.jsa
800002000-8003ce000 rw-p 00003000 08:11 1032193                          /usr/lib/jvm/java-11-openjdk-amd64/lib/server/classes.jsa
8003ce000-800aa6000 r--p 003cf000 08:11 1032193                          /usr/lib/jvm/java-11-openjdk-amd64/lib/server/classes.jsa
800aa6000-800aa7000 rw-p 00aa7000 08:11 1032193                          /usr/lib/jvm/java-11-openjdk-amd64/lib/server/classes.jsa
840000000-840220000 rw-p 00000000 00:00 0 
840220000-880000000 ---p 00000000 00:00 0 
798ca8000000-798ca8021000 rw-p 00000000 00:00 0 
798ca8021000-798cac000000 ---p 00000000 00:00 0 
798cae1fd000-798cae1fe000 ---p 00000000 00:00 0 
798cae1fe000-798cae9fe000 rw-p 00000000 00:00 0 
798cae9fe000-798cae9ff000 ---p 00000000 00:00 0 
798cae9ff000-798caf1ff000 rw-p 00000000 00:00 0 
798caf1ff000-798caf200000 ---p 00000000 00:00 0 
798caf200000-798cafa00000 rw-p 00000000 00:00 0 
798cafa00000-798cb1a00000 rw-p 00000000 00:00 0 
798cb1b00000-798cb1c00000 rw-p 00000000 00:00 0 
798cb1c00000-798cb1c0a000 r--p 00000000 08:11 6486694                    /anaconda/envs/azureml_py38/lib/python3.10/site-packages/Pillow.libs/libharfbuzz-2a5452dc.so.0.40401.0
798cb1c0a000-798cb1d95000 r-xp 0000a000 08:11 6486694                    /anaconda/envs/azureml_py38/lib/python3.10/site-packages/Pillow.libs/libharfbuzz-2a5452dc.so.0.40401.0
798cb1d95000-798cb1ed1000 r--p 00195000 08:11 6486694                    /anaconda/envs/azureml_py38/lib/python3.10/site-packages/Pillow.libs/libharfbuzz-2a5452dc.so.0.40401.0
798cb1ed1000-798cb1ed2000 r--p 002d0000 08:11 6486694                    /anaconda/envs/azureml_py38/lib/python3.10/site-packages/Pillow.libs/libharfbuzz-2a5452dc.so.0.40401.0
798cb1ed2000-798cb1ed3000 rw-p 002d1000 08:11 6486694                    /anaconda/envs/azureml_py38/lib/python3.10/site-packages/Pillow.libs/libharfbuzz-2a5452dc.so.0.40401.0
798cb1ed3000-798cb1ed4000 rw-p 00000000 00:00 0 
798cb1ed4000-798cb1edb000 rw-p 002d4000 08:11 6486694                    /anaconda/envs/azureml_py38/lib/python3.10/site-packages/Pillow.libs/libharfbuzz-2a5452dc.so.0.40401.0
798cb1ef8000-798cb1f05000 r--p 00000000 08:11 6486691                    /anaconda/envs/azureml_py38/lib/python3.10/site-packages/Pillow.libs/libfreetype-9b226f05.so.6.18.3
798cb1f05000-798cb1fc7000 r-xp 0000d000 08:11 6486691                    /anaconda/envs/azureml_py38/lib/python3.10/site-packages/Pillow.libs/libfreetype-9b226f05.so.6.18.3
798cb1fc7000-798cb1ff2000 r--p 000cf000 08:11 6486691                    /anaconda/envs/azureml_py38/lib/python3.10/site-packages/Pillow.libs/libfreetype-9b226f05.so.6.18.3
798cb1ff2000-798cb1ff3000 ---p 000fa000 08:11 6486691                    /anaconda/envs/azureml_py38/lib/python3.10/site-packages/Pillow.libs/libfreetype-9b226f05.so.6.18.3
798cb1ff3000-798cb1ffa000 r--p 000fa000 08:11 6486691                    /anaconda/envs/azureml_py38/lib/python3.10/site-packages/Pillow.libs/libfreetype-9b226f05.so.6.18.3
798cb1ffa000-798cb1ffc000 rw-p 00101000 08:11 6486691                    /anaconda/envs/azureml_py38/lib/python3.10/site-packages/Pillow.libs/libfreetype-9b226f05.so.6.18.3
798cb1ffc000-798cb2000000 rw-p 00151000 08:11 6486691                    /anaconda/envs/azureml_py38/lib/python3.10/site-packages/Pillow.libs/libfreetype-9b226f05.so.6.18.3
798cb2000000-798cb8000000 rw-p 00000000 00:00 0 
798cb8000000-798cb955e000 rw-p 00000000 00:00 0 
798cb955e000-798cbc000000 ---p 00000000 00:00 0 
798cbc0ff000-798cbca00000 rw-p 00000000 00:00 0 
798cbca00000-798cbca03000 r-xp 00000000 08:11 6486690                    /anaconda/envs/azureml_py38/lib/python3.10/site-packages/Pillow.libs/libXau-154567c4.so.6.0.0
798cbca03000-798cbcc02000 ---p 00003000 08:11 6486690                    /anaconda/envs/azureml_py38/lib/python3.10/site-packages/Pillow.libs/libXau-154567c4.so.6.0.0
798cbcc02000-798cbcc03000 r--p 00002000 08:11 6486690                    /anaconda/envs/azureml_py38/lib/python3.10/site-packages/Pillow.libs/libXau-154567c4.so.6.0.0
798cbcc03000-798cbcc04000 rw-p 00000000 00:00 0 
798cbcc04000-798cbcc05000 rw-p 00005000 08:11 6486690                    /anaconda/envs/azureml_py38/lib/python3.10/site-packages/Pillow.libs/libXau-154567c4.so.6.0.0
798cbccfe000-798cbcdfe000 rw-p 00000000 00:00 0 
798cbcdfe000-798cbcdff000 ---p 00000000 00:00 0 
798cbcdff000-798cbd5ff000 rw-p 00000000 00:00 0 
798cbd5ff000-798cbd600000 ---p 00000000 00:00 0 
798cbd600000-798cbde00000 rw-p 00000000 00:00 0 
798cbde00000-798cbfb99000 r-xp 00000000 08:11 4939663                    /anaconda/envs/azureml_py38/lib/python3.10/site-packages/numpy.libs/libopenblas64_p-r0-742d56dc.3.20.so
798cbfb99000-798cbfd98000 ---p 01d99000 08:11 4939663                    /anaconda/envs/azureml_py38/lib/python3.10/site-packages/numpy.libs/libopenblas64_p-r0-742d56dc.3.20.so
798cbfd98000-798cbfd9e000 r--p 01d98000 08:11 4939663                    /anaconda/envs/azureml_py38/lib/python3.10/site-packages/numpy.libs/libopenblas64_p-r0-742d56dc.3.20.so
798cbfd9e000-798cbfdb7000 rw-p 01d9e000 08:11 4939663                    /anaconda/envs/azureml_py38/lib/python3.10/site-packages/numpy.libs/libopenblas64_p-r0-742d56dc.3.20.so
798cbfdb7000-798cbfdc4000 rw-p 00000000 00:00 0 
798cbfdc4000-798cbfe66000 rw-p 01eb9000 08:11 4939663                    /anaconda/envs/azureml_py38/lib/python3.10/site-packages/numpy.libs/libopenblas64_p-r0-742d56dc.3.20.so
798cbff00000-798cc0000000 rw-p 00000000 00:00 0 
798cc0000000-798cc0021000 rw-p 00000000 00:00 0 
798cc0021000-798cc4000000 ---p 00000000 00:00 0 
798cc4000000-798cc4457000 rw-p 00000000 00:00 0 
798cc4457000-798cc8000000 ---p 00000000 00:00 0 
798cc8000000-798cc8021000 rw-p 00000000 00:00 0 
798cc8021000-798ccc000000 ---p 00000000 00:00 0 
798ccc000000-798ccc021000 rw-p 00000000 00:00 0 
798ccc021000-798cd0000000 ---p 00000000 00:00 0 
798cd0000000-798cd0021000 rw-p 00000000 00:00 0 
798cd0021000-798cd4000000 ---p 00000000 00:00 0 
798cd4000000-798cd4021000 rw-p 00000000 00:00 0 
798cd4021000-798cd8000000 ---p 00000000 00:00 0 
798cd8000000-798cd8021000 rw-p 00000000 00:00 0 
798cd8021000-798cdc000000 ---p 00000000 00:00 0 
798cdc000000-798cdc021000 rw-p 00000000 00:00 0 
798cdc021000-798ce0000000 ---p 00000000 00:00 0 
798ce0000000-798ce0db0000 rw-p 00000000 00:00 0 
798ce0db0000-798ce4000000 ---p 00000000 00:00 0 
798ce4000000-798ce4467000 rw-p 00000000 00:00 0 
798ce4467000-798ce8000000 ---p 00000000 00:00 0 
798ce8000000-798ce8021000 rw-p 00000000 00:00 0 
798ce8021000-798cec000000 ---p 00000000 00:00 0 
798cec000000-798cec021000 rw-p 00000000 00:00 0 
798cec021000-798cf0000000 ---p 00000000 00:00 0 
798cf0000000-798cf0021000 rw-p 00000000 00:00 0 
798cf0021000-798cf4000000 ---p 00000000 00:00 0 
798cf4000000-798cf4021000 rw-p 00000000 00:00 0 
798cf4021000-798cf8000000 ---p 00000000 00:00 0 
798cf8000000-798cf8021000 rw-p 00000000 00:00 0 
798cf8021000-798cfc000000 ---p 00000000 00:00 0 
798cfc000000-798cfcd0e000 rw-p 00000000 00:00 0 
798cfcd0e000-798d00000000 ---p 00000000 00:00 0 
798d00000000-798d00021000 rw-p 00000000 00:00 0 
798d00021000-798d04000000 ---p 00000000 00:00 0 
798d040ff000-798d043ff000 rw-p 00000000 00:00 0 
798d043ff000-798d04400000 ---p 00000000 00:00 0 
798d04400000-798d04c00000 rw-p 00000000 00:00 0 
798d04c00000-798d04c3b000 r-xp 00000000 08:11 4939660                    /anaconda/envs/azureml_py38/lib/python3.10/site-packages/numpy.libs/libquadmath-96973f99.so.0.0.0
798d04c3b000-798d04e3a000 ---p 0003b000 08:11 4939660                    /anaconda/envs/azureml_py38/lib/python3.10/site-packages/numpy.libs/libquadmath-96973f99.so.0.0.0
798d04e3a000-798d04e3b000 r--p 0003a000 08:11 4939660                    /anaconda/envs/azureml_py38/lib/python3.10/site-packages/numpy.libs/libquadmath-96973f99.so.0.0.0
798d04e3b000-798d04e3d000 rw-p 0003b000 08:11 4939660                    /anaconda/envs/azureml_py38/lib/python3.10/site-packages/numpy.libs/libquadmath-96973f99.so.0.0.0
798d04f00000-798d05000000 rw-p 00000000 00:00 0 
798d05000000-798d05276000 r-xp 00000000 08:11 4939666                    /anaconda/envs/azureml_py38/lib/python3.10/site-packages/numpy.libs/libgfortran-040039e1.so.5.0.0
798d05276000-798d05475000 ---p 00276000 08:11 4939666                    /anaconda/envs/azureml_py38/lib/python3.10/site-packages/numpy.libs/libgfortran-040039e1.so.5.0.0
798d05475000-798d05476000 r--p 00275000 08:11 4939666                    /anaconda/envs/azureml_py38/lib/python3.10/site-packages/numpy.libs/libgfortran-040039e1.so.5.0.0
798d05476000-798d05478000 rw-p 00276000 08:11 4939666                    /anaconda/envs/azureml_py38/lib/python3.10/site-packages/numpy.libs/libgfortran-040039e1.so.5.0.0
798d05478000-798d0548d000 rw-p 0027b000 08:11 4939666                    /anaconda/envs/azureml_py38/lib/python3.10/site-packages/numpy.libs/libgfortran-040039e1.so.5.0.0
798d05500000-798d05600000 rw-p 00000000 00:00 0 
798d05600000-798d05628000 r--p 00000000 08:11 4942816                    /anaconda/envs/azureml_py38/lib/python3.10/site-packages/numpy/core/_multiarray_umath.cpython-310-x86_64-linux-gnu.so
798d05628000-798d05a22000 r-xp 00028000 08:11 4942816                    /anaconda/envs/azureml_py38/lib/python3.10/site-packages/numpy/core/_multiarray_umath.cpython-310-x86_64-linux-gnu.so
798d05a22000-798d05b2a000 r--p 00422000 08:11 4942816                    /anaconda/envs/azureml_py38/lib/python3.10/site-packages/numpy/core/_multiarray_umath.cpython-310-x86_64-linux-gnu.so
798d05b2a000-798d05b2b000 ---p 0052a000 08:11 4942816                    /anaconda/envs/azureml_py38/lib/python3.10/site-packages/numpy/core/_multiarray_umath.cpython-310-x86_64-linux-gnu.so
798d05b2b000-798d05b2d000 r--p 0052a000 08:11 4942816                    /anaconda/envs/azureml_py38/lib/python3.10/site-packages/numpy/core/_multiarray_umath.cpython-310-x86_64-linux-gnu.so
798d05b2d000-798d05b4f000 rw-p 0052c000 08:11 4942816                    /anaconda/envs/azureml_py38/lib/python3.10/site-packages/numpy/core/_multiarray_umath.cpython-310-x86_64-linux-gnu.so
798d05b4f000-798d05b70000 rw-p 00000000 00:00 0 
798d05b70000-798d05b77000 rw-p 005a9000 08:11 4942816                    /anaconda/envs/azureml_py38/lib/python3.10/site-packages/numpy/core/_multiarray_umath.cpython-310-x86_64-linux-gnu.so
798d05c00000-798d05cc0000 rw-p 00000000 00:00 0 
798d05cc0000-798d05e00000 ---p 00000000 00:00 0 
798d05e00000-798d08000000 rw-p 00000000 00:00 0 
798d08000000-798d08021000 rw-p 00000000 00:00 0 
798d08021000-798d0c000000 ---p 00000000 00:00 0 
798d0c000000-798d0c021000 rw-p 00000000 00:00 0 
798d0c021000-798d10000000 ---p 00000000 00:00 0 
798d10000000-798d10021000 rw-p 00000000 00:00 0 
798d10021000-798d14000000 ---p 00000000 00:00 0 
798d140fb000-798d142fb000 rw-p 00000000 00:00 0 
798d142fb000-798d142fc000 ---p 00000000 00:00 0 
798d142fc000-798d143fc000 rw-p 00000000 00:00 0 
798d143fc000-798d149fc000 rw-p 00000000 00:00 0 
798d149fc000-798d14a00000 ---p 00000000 00:00 0 
798d14a00000-798d14afc000 rw-p 00000000 00:00 0 
798d14afc000-798d14afd000 ---p 00000000 00:00 0 
798d14afd000-798d14bfd000 rw-p 00000000 00:00 0 
798d14bfd000-798d14bfe000 ---p 00000000 00:00 0 
798d14bfe000-798d14cfe000 rw-p 00000000 00:00 0 
798d14cfe000-798d14cff000 ---p 00000000 00:00 0 
798d14cff000-798d14dff000 rw-p 00000000 00:00 0 
798d14dff000-798d14e03000 ---p 00000000 00:00 0 
798d14e03000-798d14eff000 rw-p 00000000 00:00 0 
798d14eff000-798d14f03000 ---p 00000000 00:00 0 
798d14f03000-798d14fff000 rw-p 00000000 00:00 0 
798d14fff000-798d15000000 ---p 00000000 00:00 0 
798d15000000-798d15100000 rw-p 00000000 00:00 0 
798d15100000-798d15104000 ---p 00000000 00:00 0 
798d15104000-798d15200000 rw-p 00000000 00:00 0 
798d15200000-798d15624000 rw-p 00000000 00:00 0 
798d15624000-798d161e0000 ---p 00000000 00:00 0 
798d161e0000-798d161e4000 rw-p 00000000 00:00 0 
798d161e4000-798d161f0000 ---p 00000000 00:00 0 
798d161f0000-798d161f4000 rw-p 00000000 00:00 0 
798d161f4000-798d16200000 ---p 00000000 00:00 0 
798d16200000-798d16260000 rw-p 00000000 00:00 0 
798d16260000-798d16624000 rw-p 00000000 00:00 0 
798d16624000-798d171e0000 ---p 00000000 00:00 0 
798d171e0000-798d171e4000 rw-p 00000000 00:00 0 
798d171e4000-798d171f0000 ---p 00000000 00:00 0 
798d171f0000-798d171f4000 rw-p 00000000 00:00 0 
798d171f4000-798d17200000 ---p 00000000 00:00 0 
798d17200000-798d17470000 rwxp 00000000 00:00 0 
798d17470000-798d17790000 ---p 00000000 00:00 0 
798d17790000-798d17e30000 rwxp 00000000 00:00 0 
798d17e30000-798d1ecc8000 ---p 00000000 00:00 0 
798d1ecc8000-798d1ef38000 rwxp 00000000 00:00 0 
798d1ef38000-798d26200000 ---p 00000000 00:00 0 
798d26200000-798d2ea41000 r--s 00000000 08:11 1032500                    /usr/lib/jvm/java-11-openjdk-amd64/lib/modules
798d2eb00000-798d2eb04000 ---p 00000000 00:00 0 
798d2eb04000-798d2ec00000 rw-p 00000000 00:00 0 
798d2ec00000-798d2ee83000 r--p 00000000 08:11 1032505                    /usr/lib/jvm/java-11-openjdk-amd64/lib/server/libjvm.so
798d2ee83000-798d2fb2e000 r-xp 00283000 08:11 1032505                    /usr/lib/jvm/java-11-openjdk-amd64/lib/server/libjvm.so
798d2fb2e000-798d2fd8a000 r--p 00f2e000 08:11 1032505                    /usr/lib/jvm/java-11-openjdk-amd64/lib/server/libjvm.so
798d2fd8a000-798d2fe4e000 r--p 01189000 08:11 1032505                    /usr/lib/jvm/java-11-openjdk-amd64/lib/server/libjvm.so
798d2fe4e000-798d2fe89000 rw-p 0124d000 08:11 1032505                    /usr/lib/jvm/java-11-openjdk-amd64/lib/server/libjvm.so
798d2fe89000-798d2fee0000 rw-p 00000000 00:00 0 
798d2ff00000-798d2ff04000 ---p 00000000 00:00 0 
798d2ff04000-798d30000000 rw-p 00000000 00:00 0 
798d30000000-798d30021000 rw-p 00000000 00:00 0 
798d30021000-798d34000000 ---p 00000000 00:00 0 
798d34000000-798d34004000 ---p 00000000 00:00 0 
798d34004000-798d34100000 rw-p 00000000 00:00 0 
798d34100000-798d34104000 ---p 00000000 00:00 0 
798d34104000-798d34200000 rw-p 00000000 00:00 0 
798d34200000-798d349c0000 rw-p 00000000 00:00 0 
798d349c0000-798d34a85000 rw-p 00000000 00:00 0 
798d34a85000-798d34bfc000 ---p 00000000 00:00 0 
798d34bfc000-798d34bfd000 rw-p 00000000 00:00 0 
798d34bfd000-798d34bfe000 ---p 00000000 00:00 0 
798d34bfe000-798d34bff000 rw-p 00000000 00:00 0 
798d34bff000-798d34c00000 ---p 00000000 00:00 0 
798d34c00000-798d34c85000 rw-p 00000000 00:00 0 
798d34c85000-798d34dfc000 ---p 00000000 00:00 0 
798d34dfc000-798d34dfd000 rw-p 00000000 00:00 0 
798d34dfd000-798d34dfe000 ---p 00000000 00:00 0 
798d34dfe000-798d34dff000 rw-p 00000000 00:00 0 
798d34dff000-798d34e00000 ---p 00000000 00:00 0 
798d34e00000-798d34e85000 rw-p 00000000 00:00 0 
798d34e85000-798d34ffc000 ---p 00000000 00:00 0 
798d34ffc000-798d34ffd000 rw-p 00000000 00:00 0 
798d34ffd000-798d34ffe000 ---p 00000000 00:00 0 
798d34ffe000-798d34fff000 rw-p 00000000 00:00 0 
798d34fff000-798d35000000 ---p 00000000 00:00 0 
798d35033000-798d35044000 r--p 00000000 08:11 4970468                    /anaconda/envs/azureml_py38/lib/python3.10/site-packages/matplotlib/ft2font.cpython-310-x86_64-linux-gnu.so
798d35044000-798d350cb000 r-xp 00011000 08:11 4970468                    /anaconda/envs/azureml_py38/lib/python3.10/site-packages/matplotlib/ft2font.cpython-310-x86_64-linux-gnu.so
798d350cb000-798d350f5000 r--p 00098000 08:11 4970468                    /anaconda/envs/azureml_py38/lib/python3.10/site-packages/matplotlib/ft2font.cpython-310-x86_64-linux-gnu.so
798d350f5000-798d350f6000 ---p 000c2000 08:11 4970468                    /anaconda/envs/azureml_py38/lib/python3.10/site-packages/matplotlib/ft2font.cpython-310-x86_64-linux-gnu.so
798d350f6000-798d350fc000 r--p 000c2000 08:11 4970468                    /anaconda/envs/azureml_py38/lib/python3.10/site-packages/matplotlib/ft2font.cpython-310-x86_64-linux-gnu.so
798d350fc000-798d350fd000 rw-p 000c8000 08:11 4970468                    /anaconda/envs/azureml_py38/lib/python3.10/site-packages/matplotlib/ft2font.cpython-310-x86_64-linux-gnu.so
798d350fd000-798d350ff000 rw-p 00000000 00:00 0 
798d350ff000-798d35103000 ---p 00000000 00:00 0 
798d35103000-798d351ff000 rw-p 00000000 00:00 0 
798d351ff000-798d35200000 ---p 00000000 00:00 0 
798d35200000-798d35a00000 rw-p 00000000 00:00 0 
798d35a00000-798d36200000 rw-p 00000000 00:00 0 
798d36200000-798d36260000 r-xp 00000000 08:11 5422175                    /anaconda/envs/azureml_py38/lib/python3.10/site-packages/azureml_dataprep_rslex.libs/libpcre-9513aab5.so.1.2.0
798d36260000-798d36460000 ---p 00060000 08:11 5422175                    /anaconda/envs/azureml_py38/lib/python3.10/site-packages/azureml_dataprep_rslex.libs/libpcre-9513aab5.so.1.2.0
798d36460000-798d36461000 r--p 00060000 08:11 5422175                    /anaconda/envs/azureml_py38/lib/python3.10/site-packages/azureml_dataprep_rslex.libs/libpcre-9513aab5.so.1.2.0
798d36461000-798d36462000 rw-p 00061000 08:11 5422175                    /anaconda/envs/azureml_py38/lib/python3.10/site-packages/azureml_dataprep_rslex.libs/libpcre-9513aab5.so.1.2.0
798d36462000-798d36463000 rw-p 00063000 08:11 5422175                    /anaconda/envs/azureml_py38/lib/python3.10/site-packages/azureml_dataprep_rslex.libs/libpcre-9513aab5.so.1.2.0
798d36479000-798d36483000 r--p 00000000 08:11 4970892                    /anaconda/envs/azureml_py38/lib/python3.10/site-packages/matplotlib/backends/_backend_agg.cpython-310-x86_64-linux-gnu.so
798d36483000-798d364c5000 r-xp 0000a000 08:11 4970892                    /anaconda/envs/azureml_py38/lib/python3.10/site-packages/matplotlib/backends/_backend_agg.cpython-310-x86_64-linux-gnu.so
798d364c5000-798d364cd000 r--p 0004c000 08:11 4970892                    /anaconda/envs/azureml_py38/lib/python3.10/site-packages/matplotlib/backends/_backend_agg.cpython-310-x86_64-linux-gnu.so
798d364cd000-798d364ce000 ---p 00054000 08:11 4970892                    /anaconda/envs/azureml_py38/lib/python3.10/site-packages/matplotlib/backends/_backend_agg.cpython-310-x86_64-linux-gnu.so
798d364ce000-798d364cf000 r--p 00054000 08:11 4970892                    /anaconda/envs/azureml_py38/lib/python3.10/site-packages/matplotlib/backends/_backend_agg.cpython-310-x86_64-linux-gnu.so
798d364cf000-798d364d0000 rw-p 00055000 08:11 4970892                    /anaconda/envs/azureml_py38/lib/python3.10/site-packages/matplotlib/backends/_backend_agg.cpython-310-x86_64-linux-gnu.so
798d364d0000-798d364d1000 rw-p 00000000 00:00 0 
798d364d1000-798d364d6000 r--p 00000000 08:11 4935851                    /anaconda/envs/azureml_py38/lib/python3.10/site-packages/wordcloud/query_integral_image.cpython-310-x86_64-linux-gnu.so
798d364d6000-798d364f7000 r-xp 00005000 08:11 4935851                    /anaconda/envs/azureml_py38/lib/python3.10/site-packages/wordcloud/query_integral_image.cpython-310-x86_64-linux-gnu.so
798d364f7000-798d364fd000 r--p 00026000 08:11 4935851                    /anaconda/envs/azureml_py38/lib/python3.10/site-packages/wordcloud/query_integral_image.cpython-310-x86_64-linux-gnu.so
798d364fd000-798d364fe000 r--p 0002c000 08:11 4935851                    /anaconda/envs/azureml_py38/lib/python3.10/site-packages/wordcloud/query_integral_image.cpython-310-x86_64-linux-gnu.so
798d364fe000-798d36500000 rw-p 0002d000 08:11 4935851                    /anaconda/envs/azureml_py38/lib/python3.10/site-packages/wordcloud/query_integral_image.cpython-310-x86_64-linux-gnu.so
798d36500000-798d36504000 ---p 00000000 00:00 0 
798d36504000-798d36600000 rw-p 00000000 00:00 0 
798d36600000-798d36624000 r-xp 00000000 08:11 5422174                    /anaconda/envs/azureml_py38/lib/python3.10/site-packages/azureml_dataprep_rslex.libs/libselinux-0922c95c.so.1
798d36624000-798d36823000 ---p 00024000 08:11 5422174                    /anaconda/envs/azureml_py38/lib/python3.10/site-packages/azureml_dataprep_rslex.libs/libselinux-0922c95c.so.1
798d36823000-798d36824000 r--p 00023000 08:11 5422174                    /anaconda/envs/azureml_py38/lib/python3.10/site-packages/azureml_dataprep_rslex.libs/libselinux-0922c95c.so.1
798d36824000-798d36825000 rw-p 00024000 08:11 5422174                    /anaconda/envs/azureml_py38/lib/python3.10/site-packages/azureml_dataprep_rslex.libs/libselinux-0922c95c.so.1
798d36825000-798d36827000 rw-p 00000000 00:00 0 
798d36827000-798d3682c000 rw-p 00027000 08:11 5422174                    /anaconda/envs/azureml_py38/lib/python3.10/site-packages/azureml_dataprep_rslex.libs/libselinux-0922c95c.so.1
798d36855000-798d3685e000 r--p 00000000 08:11 6486685                    /anaconda/envs/azureml_py38/lib/python3.10/site-packages/Pillow.libs/libtiff-f706b4a5.so.5.8.0
798d3685e000-798d368c6000 r-xp 00009000 08:11 6486685                    /anaconda/envs/azureml_py38/lib/python3.10/site-packages/Pillow.libs/libtiff-f706b4a5.so.5.8.0
798d368c6000-798d368f4000 r--p 00071000 08:11 6486685                    /anaconda/envs/azureml_py38/lib/python3.10/site-packages/Pillow.libs/libtiff-f706b4a5.so.5.8.0
798d368f4000-798d368f5000 ---p 0009f000 08:11 6486685                    /anaconda/envs/azureml_py38/lib/python3.10/site-packages/Pillow.libs/libtiff-f706b4a5.so.5.8.0
798d368f5000-798d368f9000 r--p 0009f000 08:11 6486685                    /anaconda/envs/azureml_py38/lib/python3.10/site-packages/Pillow.libs/libtiff-f706b4a5.so.5.8.0
798d368f9000-798d368fa000 rw-p 000a3000 08:11 6486685                    /anaconda/envs/azureml_py38/lib/python3.10/site-packages/Pillow.libs/libtiff-f706b4a5.so.5.8.0
798d368fa000-798d368ff000 rw-p 000a5000 08:11 6486685                    /anaconda/envs/azureml_py38/lib/python3.10/site-packages/Pillow.libs/libtiff-f706b4a5.so.5.8.0
798d368ff000-798d36900000 ---p 00000000 00:00 0 
798d36900000-798d36a00000 rw-p 00000000 00:00 0 
798d36a00000-798d36a03000 r-xp 00000000 08:11 5422180                    /anaconda/envs/azureml_py38/lib/python3.10/site-packages/azureml_dataprep_rslex.libs/libkeyutils-dfe70bd6.so.1.5
798d36a03000-798d36c02000 ---p 00003000 08:11 5422180                    /anaconda/envs/azureml_py38/lib/python3.10/site-packages/azureml_dataprep_rslex.libs/libkeyutils-dfe70bd6.so.1.5
798d36c02000-798d36c03000 r--p 00002000 08:11 5422180                    /anaconda/envs/azureml_py38/lib/python3.10/site-packages/azureml_dataprep_rslex.libs/libkeyutils-dfe70bd6.so.1.5
798d36c03000-798d36c05000 rw-p 00003000 08:11 5422180                    /anaconda/envs/azureml_py38/lib/python3.10/site-packages/azureml_dataprep_rslex.libs/libkeyutils-dfe70bd6.so.1.5
798d36c2b000-798d36c30000 r--p 00000000 08:11 6486689                    /anaconda/envs/azureml_py38/lib/python3.10/site-packages/Pillow.libs/libpng16-f3cb5a53.so.16.37.0
798d36c30000-798d36c63000 r-xp 00005000 08:11 6486689                    /anaconda/envs/azureml_py38/lib/python3.10/site-packages/Pillow.libs/libpng16-f3cb5a53.so.16.37.0
798d36c63000-798d36c6d000 r--p 00038000 08:11 6486689                    /anaconda/envs/azureml_py38/lib/python3.10/site-packages/Pillow.libs/libpng16-f3cb5a53.so.16.37.0
798d36c6d000-798d36c6e000 r--p 00041000 08:11 6486689                    /anaconda/envs/azureml_py38/lib/python3.10/site-packages/Pillow.libs/libpng16-f3cb5a53.so.16.37.0
798d36c6e000-798d36c71000 rw-p 00042000 08:11 6486689                    /anaconda/envs/azureml_py38/lib/python3.10/site-packages/Pillow.libs/libpng16-f3cb5a53.so.16.37.0
798d36c71000-798d36c79000 r--p 00000000 08:11 6486686                    /anaconda/envs/azureml_py38/lib/python3.10/site-packages/Pillow.libs/libopenjp2-8fa4ced9.so.2.5.0
798d36c79000-798d36ce6000 r-xp 00008000 08:11 6486686                    /anaconda/envs/azureml_py38/lib/python3.10/site-packages/Pillow.libs/libopenjp2-8fa4ced9.so.2.5.0
798d36ce6000-798d36cf9000 r--p 00075000 08:11 6486686                    /anaconda/envs/azureml_py38/lib/python3.10/site-packages/Pillow.libs/libopenjp2-8fa4ced9.so.2.5.0
798d36cf9000-798d36cfa000 ---p 00088000 08:11 6486686                    /anaconda/envs/azureml_py38/lib/python3.10/site-packages/Pillow.libs/libopenjp2-8fa4ced9.so.2.5.0
798d36cfa000-798d36cfb000 r--p 00088000 08:11 6486686                    /anaconda/envs/azureml_py38/lib/python3.10/site-packages/Pillow.libs/libopenjp2-8fa4ced9.so.2.5.0
798d36cfb000-798d36cfc000 rw-p 00089000 08:11 6486686                    /anaconda/envs/azureml_py38/lib/python3.10/site-packages/Pillow.libs/libopenjp2-8fa4ced9.so.2.5.0
798d36cfc000-798d36cff000 rw-p 0008b000 08:11 6486686                    /anaconda/envs/azureml_py38/lib/python3.10/site-packages/Pillow.libs/libopenjp2-8fa4ced9.so.2.5.0
798d36cff000-798d36d00000 ---p 00000000 00:00 0 
798d36d00000-798d36e00000 rw-p 00000000 00:00 0 
798d36e00000-798d36e0e000 r-xp 00000000 08:11 5422178                    /anaconda/envs/azureml_py38/lib/python3.10/site-packages/azureml_dataprep_rslex.libs/libkrb5support-d0bcff84.so.0.1
798d36e0e000-798d3700e000 ---p 0000e000 08:11 5422178                    /anaconda/envs/azureml_py38/lib/python3.10/site-packages/azureml_dataprep_rslex.libs/libkrb5support-d0bcff84.so.0.1
798d3700e000-798d3700f000 r--p 0000e000 08:11 5422178                    /anaconda/envs/azureml_py38/lib/python3.10/site-packages/azureml_dataprep_rslex.libs/libkrb5support-d0bcff84.so.0.1
798d3700f000-798d37010000 rw-p 0000f000 08:11 5422178                    /anaconda/envs/azureml_py38/lib/python3.10/site-packages/azureml_dataprep_rslex.libs/libkrb5support-d0bcff84.so.0.1
798d37010000-798d37013000 rw-p 00011000 08:11 5422178                    /anaconda/envs/azureml_py38/lib/python3.10/site-packages/azureml_dataprep_rslex.libs/libkrb5support-d0bcff84.so.0.1
798d3701a000-798d37024000 r--p 00000000 08:11 4970437                    /anaconda/envs/azureml_py38/lib/python3.10/site-packages/matplotlib/_image.cpython-310-x86_64-linux-gnu.so
798d37024000-798d3704d000 r-xp 0000a000 08:11 4970437                    /anaconda/envs/azureml_py38/lib/python3.10/site-packages/matplotlib/_image.cpython-310-x86_64-linux-gnu.so
798d3704d000-798d37053000 r--p 00033000 08:11 4970437                    /anaconda/envs/azureml_py38/lib/python3.10/site-packages/matplotlib/_image.cpython-310-x86_64-linux-gnu.so
798d37053000-798d37054000 r--p 00038000 08:11 4970437                    /anaconda/envs/azureml_py38/lib/python3.10/site-packages/matplotlib/_image.cpython-310-x86_64-linux-gnu.so
798d37054000-798d37055000 rw-p 00039000 08:11 4970437                    /anaconda/envs/azureml_py38/lib/python3.10/site-packages/matplotlib/_image.cpython-310-x86_64-linux-gnu.so
798d37055000-798d37056000 rw-p 00000000 00:00 0 
798d37056000-798d3705a000 r--p 00000000 08:11 6486683                    /anaconda/envs/azureml_py38/lib/python3.10/site-packages/Pillow.libs/libjpeg-a4c3d5e9.so.62.3.0
798d3705a000-798d370b8000 r-xp 00004000 08:11 6486683                    /anaconda/envs/azureml_py38/lib/python3.10/site-packages/Pillow.libs/libjpeg-a4c3d5e9.so.62.3.0
798d370b8000-798d370fb000 r--p 00062000 08:11 6486683                    /anaconda/envs/azureml_py38/lib/python3.10/site-packages/Pillow.libs/libjpeg-a4c3d5e9.so.62.3.0
798d370fb000-798d370fc000 r--p 000a4000 08:11 6486683                    /anaconda/envs/azureml_py38/lib/python3.10/site-packages/Pillow.libs/libjpeg-a4c3d5e9.so.62.3.0
798d370fc000-798d370ff000 rw-p 000a5000 08:11 6486683                    /anaconda/envs/azureml_py38/lib/python3.10/site-packages/Pillow.libs/libjpeg-a4c3d5e9.so.62.3.0
798d370ff000-798d37100000 ---p 00000000 00:00 0 
798d37100000-798d37200000 rw-p 00000000 00:00 0 
798d37200000-798d37231000 r-xp 00000000 08:11 5422177                    /anaconda/envs/azureml_py38/lib/python3.10/site-packages/azureml_dataprep_rslex.libs/libk5crypto-b1f99d5c.so.3.1
798d37231000-798d37430000 ---p 00031000 08:11 5422177                    /anaconda/envs/azureml_py38/lib/python3.10/site-packages/azureml_dataprep_rslex.libs/libk5crypto-b1f99d5c.so.3.1
798d37430000-798d37432000 r--p 00030000 08:11 5422177                    /anaconda/envs/azureml_py38/lib/python3.10/site-packages/azureml_dataprep_rslex.libs/libk5crypto-b1f99d5c.so.3.1
798d37432000-798d37433000 rw-p 00032000 08:11 5422177                    /anaconda/envs/azureml_py38/lib/python3.10/site-packages/azureml_dataprep_rslex.libs/libk5crypto-b1f99d5c.so.3.1
798d37433000-798d37436000 rw-p 00034000 08:11 5422177                    /anaconda/envs/azureml_py38/lib/python3.10/site-packages/azureml_dataprep_rslex.libs/libk5crypto-b1f99d5c.so.3.1
798d37456000-798d37469000 r--p 00000000 08:11 6486644                    /anaconda/envs/azureml_py38/lib/python3.10/site-packages/PIL/_imaging.cpython-310-x86_64-linux-gnu.so
798d37469000-798d374df000 r-xp 00013000 08:11 6486644                    /anaconda/envs/azureml_py38/lib/python3.10/site-packages/PIL/_imaging.cpython-310-x86_64-linux-gnu.so
798d374df000-798d374f0000 r--p 00089000 08:11 6486644                    /anaconda/envs/azureml_py38/lib/python3.10/site-packages/PIL/_imaging.cpython-310-x86_64-linux-gnu.so
798d374f0000-798d374f4000 r--p 00099000 08:11 6486644                    /anaconda/envs/azureml_py38/lib/python3.10/site-packages/PIL/_imaging.cpython-310-x86_64-linux-gnu.so
798d374f4000-798d374f8000 rw-p 0009d000 08:11 6486644                    /anaconda/envs/azureml_py38/lib/python3.10/site-packages/PIL/_imaging.cpython-310-x86_64-linux-gnu.so
798d374f8000-798d374ff000 rw-p 000a2000 08:11 6486644                    /anaconda/envs/azureml_py38/lib/python3.10/site-packages/PIL/_imaging.cpython-310-x86_64-linux-gnu.so
798d374ff000-798d37500000 ---p 00000000 00:00 0 
798d37500000-798d37600000 rw-p 00000000 00:00 0 
798d37600000-798d37603000 r-xp 00000000 08:11 5422170                    /anaconda/envs/azureml_py38/lib/python3.10/site-packages/azureml_dataprep_rslex.libs/libcom_err-2abe824b.so.2.1
798d37603000-798d37802000 ---p 00003000 08:11 5422170                    /anaconda/envs/azureml_py38/lib/python3.10/site-packages/azureml_dataprep_rslex.libs/libcom_err-2abe824b.so.2.1
798d37802000-798d37803000 r--p 00002000 08:11 5422170                    /anaconda/envs/azureml_py38/lib/python3.10/site-packages/azureml_dataprep_rslex.libs/libcom_err-2abe824b.so.2.1
798d37803000-798d37805000 rw-p 00003000 08:11 5422170                    /anaconda/envs/azureml_py38/lib/python3.10/site-packages/azureml_dataprep_rslex.libs/libcom_err-2abe824b.so.2.1
798d3781c000-798d3782c000 r--p 00000000 08:11 4939999                    /anaconda/envs/azureml_py38/lib/python3.10/site-packages/numpy/random/_generator.cpython-310-x86_64-linux-gnu.so
798d3782c000-798d378a2000 r-xp 00010000 08:11 4939999                    /anaconda/envs/azureml_py38/lib/python3.10/site-packages/numpy/random/_generator.cpython-310-x86_64-linux-gnu.so
798d378a2000-798d378d4000 r--p 00086000 08:11 4939999                    /anaconda/envs/azureml_py38/lib/python3.10/site-packages/numpy/random/_generator.cpython-310-x86_64-linux-gnu.so
798d378d4000-798d378d5000 ---p 000b8000 08:11 4939999                    /anaconda/envs/azureml_py38/lib/python3.10/site-packages/numpy/random/_generator.cpython-310-x86_64-linux-gnu.so
798d378d5000-798d378d6000 r--p 000b8000 08:11 4939999                    /anaconda/envs/azureml_py38/lib/python3.10/site-packages/numpy/random/_generator.cpython-310-x86_64-linux-gnu.so
798d378d6000-798d378fd000 rw-p 000b9000 08:11 4939999                    /anaconda/envs/azureml_py38/lib/python3.10/site-packages/numpy/random/_generator.cpython-310-x86_64-linux-gnu.so
798d378fd000-798d378ff000 rw-p 00000000 00:00 0 
798d378ff000-798d37900000 ---p 00000000 00:00 0 
798d37900000-798d37a00000 rw-p 00000000 00:00 0 
798d37a00000-798d37ad9000 r-xp 00000000 08:11 5422179                    /anaconda/envs/azureml_py38/lib/python3.10/site-packages/azureml_dataprep_rslex.libs/libkrb5-fcafa220.so.3.3
798d37ad9000-798d37cd8000 ---p 000d9000 08:11 5422179                    /anaconda/envs/azureml_py38/lib/python3.10/site-packages/azureml_dataprep_rslex.libs/libkrb5-fcafa220.so.3.3
798d37cd8000-798d37ce6000 r--p 000d8000 08:11 5422179                    /anaconda/envs/azureml_py38/lib/python3.10/site-packages/azureml_dataprep_rslex.libs/libkrb5-fcafa220.so.3.3
798d37ce6000-798d37ce9000 rw-p 000e6000 08:11 5422179                    /anaconda/envs/azureml_py38/lib/python3.10/site-packages/azureml_dataprep_rslex.libs/libkrb5-fcafa220.so.3.3
798d37ce9000-798d37d04000 rw-p 000ed000 08:11 5422179                    /anaconda/envs/azureml_py38/lib/python3.10/site-packages/azureml_dataprep_rslex.libs/libkrb5-fcafa220.so.3.3
798d37d15000-798d37d18000 r--p 00000000 08:11 6486688                    /anaconda/envs/azureml_py38/lib/python3.10/site-packages/Pillow.libs/liblzma-96284f0d.so.5.2.5
798d37d18000-798d37d3d000 r-xp 00003000 08:11 6486688                    /anaconda/envs/azureml_py38/lib/python3.10/site-packages/Pillow.libs/liblzma-96284f0d.so.5.2.5
798d37d3d000-798d37d48000 r--p 00028000 08:11 6486688                    /anaconda/envs/azureml_py38/lib/python3.10/site-packages/Pillow.libs/liblzma-96284f0d.so.5.2.5
798d37d48000-798d37d49000 ---p 00033000 08:11 6486688                    /anaconda/envs/azureml_py38/lib/python3.10/site-packages/Pillow.libs/liblzma-96284f0d.so.5.2.5
798d37d49000-798d37d4a000 r--p 00033000 08:11 6486688                    /anaconda/envs/azureml_py38/lib/python3.10/site-packages/Pillow.libs/liblzma-96284f0d.so.5.2.5
798d37d4a000-798d37d4c000 rw-p 00034000 08:11 6486688                    /anaconda/envs/azureml_py38/lib/python3.10/site-packages/Pillow.libs/liblzma-96284f0d.so.5.2.5
798d37d4c000-798d37d5b000 r--p 00000000 08:11 4939993                    /anaconda/envs/azureml_py38/lib/python3.10/site-packages/numpy/random/mtrand.cpython-310-x86_64-linux-gnu.so
798d37d5b000-798d37da8000 r-xp 0000f000 08:11 4939993                    /anaconda/envs/azureml_py38/lib/python3.10/site-packages/numpy/random/mtrand.cpython-310-x86_64-linux-gnu.so
798d37da8000-798d37dd6000 r--p 0005c000 08:11 4939993                    /anaconda/envs/azureml_py38/lib/python3.10/site-packages/numpy/random/mtrand.cpython-310-x86_64-linux-gnu.so
798d37dd6000-798d37dd7000 r--p 00089000 08:11 4939993                    /anaconda/envs/azureml_py38/lib/python3.10/site-packages/numpy/random/mtrand.cpython-310-x86_64-linux-gnu.so
798d37dd7000-798d37dfe000 rw-p 0008a000 08:11 4939993                    /anaconda/envs/azureml_py38/lib/python3.10/site-packages/numpy/random/mtrand.cpython-310-x86_64-linux-gnu.so
798d37dfe000-798d37e00000 rw-p 00000000 00:00 0 
798d37e00000-798d37e4a000 r-xp 00000000 08:11 5422172                    /anaconda/envs/azureml_py38/lib/python3.10/site-packages/azureml_dataprep_rslex.libs/libgssapi_krb5-497db0c6.so.2.2
798d37e4a000-798d3804a000 ---p 0004a000 08:11 5422172                    /anaconda/envs/azureml_py38/lib/python3.10/site-packages/azureml_dataprep_rslex.libs/libgssapi_krb5-497db0c6.so.2.2
798d3804a000-798d3804b000 r--p 0004a000 08:11 5422172                    /anaconda/envs/azureml_py38/lib/python3.10/site-packages/azureml_dataprep_rslex.libs/libgssapi_krb5-497db0c6.so.2.2
798d3804b000-798d3804d000 rw-p 0004b000 08:11 5422172                    /anaconda/envs/azureml_py38/lib/python3.10/site-packages/azureml_dataprep_rslex.libs/libgssapi_krb5-497db0c6.so.2.2
798d3804d000-798d3805f000 rw-p 0004f000 08:11 5422172                    /anaconda/envs/azureml_py38/lib/python3.10/site-packages/azureml_dataprep_rslex.libs/libgssapi_krb5-497db0c6.so.2.2
798d38065000-798d38071000 r--p 00000000 08:11 6486692                    /anaconda/envs/azureml_py38/lib/python3.10/site-packages/Pillow.libs/libxcb-4971137c.so.1.1.0
798d38071000-798d3808c000 r-xp 0000c000 08:11 6486692                    /anaconda/envs/azureml_py38/lib/python3.10/site-packages/Pillow.libs/libxcb-4971137c.so.1.1.0
798d3808c000-798d38096000 r--p 00027000 08:11 6486692                    /anaconda/envs/azureml_py38/lib/python3.10/site-packages/Pillow.libs/libxcb-4971137c.so.1.1.0
798d38096000-798d38097000 r--p 00030000 08:11 6486692                    /anaconda/envs/azureml_py38/lib/python3.10/site-packages/Pillow.libs/libxcb-4971137c.so.1.1.0
798d38097000-798d380a3000 rw-p 00031000 08:11 6486692                    /anaconda/envs/azureml_py38/lib/python3.10/site-packages/Pillow.libs/libxcb-4971137c.so.1.1.0
798d380a3000-798d380ab000 r--p 00000000 08:11 4939998                    /anaconda/envs/azureml_py38/lib/python3.10/site-packages/numpy/random/_bounded_integers.cpython-310-x86_64-linux-gnu.so
798d380ab000-798d380f1000 r-xp 00008000 08:11 4939998                    /anaconda/envs/azureml_py38/lib/python3.10/site-packages/numpy/random/_bounded_integers.cpython-310-x86_64-linux-gnu.so
798d380f1000-798d380fb000 r--p 0004e000 08:11 4939998                    /anaconda/envs/azureml_py38/lib/python3.10/site-packages/numpy/random/_bounded_integers.cpython-310-x86_64-linux-gnu.so
798d380fb000-798d380fc000 r--p 00057000 08:11 4939998                    /anaconda/envs/azureml_py38/lib/python3.10/site-packages/numpy/random/_bounded_integers.cpython-310-x86_64-linux-gnu.so
798d380fc000-798d380fe000 rw-p 00058000 08:11 4939998                    /anaconda/envs/azureml_py38/lib/python3.10/site-packages/numpy/random/_bounded_integers.cpython-310-x86_64-linux-gnu.so
798d380fe000-798d380ff000 rw-p 00000000 00:00 0 
798d380ff000-798d38100000 ---p 00000000 00:00 0 
798d38100000-798d38200000 rw-p 00000000 00:00 0 
798d38200000-798d38437000 r-xp 00000000 08:11 5422173                    /anaconda/envs/azureml_py38/lib/python3.10/site-packages/azureml_dataprep_rslex.libs/libcrypto-d3570994.so.1.0.2k
798d38437000-798d38636000 ---p 00237000 08:11 5422173                    /anaconda/envs/azureml_py38/lib/python3.10/site-packages/azureml_dataprep_rslex.libs/libcrypto-d3570994.so.1.0.2k
798d38636000-798d38652000 r--p 00236000 08:11 5422173                    /anaconda/envs/azureml_py38/lib/python3.10/site-packages/azureml_dataprep_rslex.libs/libcrypto-d3570994.so.1.0.2k
798d38652000-798d3865f000 rw-p 00252000 08:11 5422173                    /anaconda/envs/azureml_py38/lib/python3.10/site-packages/azureml_dataprep_rslex.libs/libcrypto-d3570994.so.1.0.2k
798d3865f000-798d38663000 rw-p 00000000 00:00 0 
798d38663000-798d38681000 rw-p 00268000 08:11 5422173                    /anaconda/envs/azureml_py38/lib/python3.10/site-packages/azureml_dataprep_rslex.libs/libcrypto-d3570994.so.1.0.2k
798d3869a000-798d3869c000 r--p 00000000 08:11 4815                       /usr/lib/x86_64-linux-gnu/libfribidi.so.0.4.0
798d3869c000-798d3869f000 r-xp 00002000 08:11 4815                       /usr/lib/x86_64-linux-gnu/libfribidi.so.0.4.0
798d3869f000-798d386b4000 r--p 00005000 08:11 4815                       /usr/lib/x86_64-linux-gnu/libfribidi.so.0.4.0
798d386b4000-798d386b5000 r--p 00019000 08:11 4815                       /usr/lib/x86_64-linux-gnu/libfribidi.so.0.4.0
798d386b5000-798d386b6000 rw-p 0001a000 08:11 4815                       /usr/lib/x86_64-linux-gnu/libfribidi.so.0.4.0
798d386b6000-798d386b7000 r--p 00000000 08:11 4970500                    /anaconda/envs/azureml_py38/lib/python3.10/site-packages/matplotlib/_c_internal_utils.cpython-310-x86_64-linux-gnu.so
798d386b7000-798d386b8000 r-xp 00001000 08:11 4970500                    /anaconda/envs/azureml_py38/lib/python3.10/site-packages/matplotlib/_c_internal_utils.cpython-310-x86_64-linux-gnu.so
798d386b8000-798d386b9000 r--p 00002000 08:11 4970500                    /anaconda/envs/azureml_py38/lib/python3.10/site-packages/matplotlib/_c_internal_utils.cpython-310-x86_64-linux-gnu.so
798d386b9000-798d386ba000 r--p 00002000 08:11 4970500                    /anaconda/envs/azureml_py38/lib/python3.10/site-packages/matplotlib/_c_internal_utils.cpython-310-x86_64-linux-gnu.so
798d386ba000-798d386bb000 rw-p 00003000 08:11 4970500                    /anaconda/envs/azureml_py38/lib/python3.10/site-packages/matplotlib/_c_internal_utils.cpython-310-x86_64-linux-gnu.so
798d386bb000-798d386bf000 r--p 00000000 08:11 4939992                    /anaconda/envs/azureml_py38/lib/python3.10/site-packages/numpy/random/_pcg64.cpython-310-x86_64-linux-gnu.so
798d386bf000-798d386cd000 r-xp 00004000 08:11 4939992                    /anaconda/envs/azureml_py38/lib/python3.10/site-packages/numpy/random/_pcg64.cpython-310-x86_64-linux-gnu.so
798d386cd000-798d386d1000 r--p 00012000 08:11 4939992                    /anaconda/envs/azureml_py38/lib/python3.10/site-packages/numpy/random/_pcg64.cpython-310-x86_64-linux-gnu.so
798d386d1000-798d386d2000 r--p 00015000 08:11 4939992                    /anaconda/envs/azureml_py38/lib/python3.10/site-packages/numpy/random/_pcg64.cpython-310-x86_64-linux-gnu.so
798d386d2000-798d386d5000 rw-p 00016000 08:11 4939992                    /anaconda/envs/azureml_py38/lib/python3.10/site-packages/numpy/random/_pcg64.cpython-310-x86_64-linux-gnu.so
798d386d5000-798d386da000 r--p 00000000 08:11 4939985                    /anaconda/envs/azureml_py38/lib/python3.10/site-packages/numpy/random/_common.cpython-310-x86_64-linux-gnu.so
798d386da000-798d3870d000 r-xp 00005000 08:11 4939985                    /anaconda/envs/azureml_py38/lib/python3.10/site-packages/numpy/random/_common.cpython-310-x86_64-linux-gnu.so
798d3870d000-798d38711000 r--p 00038000 08:11 4939985                    /anaconda/envs/azureml_py38/lib/python3.10/site-packages/numpy/random/_common.cpython-310-x86_64-linux-gnu.so
798d38711000-798d38712000 r--p 0003b000 08:11 4939985                    /anaconda/envs/azureml_py38/lib/python3.10/site-packages/numpy/random/_common.cpython-310-x86_64-linux-gnu.so
798d38712000-798d38714000 rw-p 0003c000 08:11 4939985                    /anaconda/envs/azureml_py38/lib/python3.10/site-packages/numpy/random/_common.cpython-310-x86_64-linux-gnu.so
798d38714000-798d3871a000 rw-p 00000000 00:00 0 
798d3871a000-798d38800000 ---p 00000000 00:00 0 
798d38800000-798d38867000 r-xp 00000000 08:11 5422176                    /anaconda/envs/azureml_py38/lib/python3.10/site-packages/azureml_dataprep_rslex.libs/libssl-cd1d6220.so.1.0.2k
798d38867000-798d38a67000 ---p 00067000 08:11 5422176                    /anaconda/envs/azureml_py38/lib/python3.10/site-packages/azureml_dataprep_rslex.libs/libssl-cd1d6220.so.1.0.2k
798d38a67000-798d38a6b000 r--p 00067000 08:11 5422176                    /anaconda/envs/azureml_py38/lib/python3.10/site-packages/azureml_dataprep_rslex.libs/libssl-cd1d6220.so.1.0.2k
798d38a6b000-798d38a72000 rw-p 0006b000 08:11 5422176                    /anaconda/envs/azureml_py38/lib/python3.10/site-packages/azureml_dataprep_rslex.libs/libssl-cd1d6220.so.1.0.2k
798d38a72000-798d38a92000 rw-p 00073000 08:11 5422176                    /anaconda/envs/azureml_py38/lib/python3.10/site-packages/azureml_dataprep_rslex.libs/libssl-cd1d6220.so.1.0.2k
798d38a96000-798d38a9a000 r--p 00000000 08:11 4939977                    /anaconda/envs/azureml_py38/lib/python3.10/site-packages/numpy/random/_mt19937.cpython-310-x86_64-linux-gnu.so
798d38a9a000-798d38aa8000 r-xp 00004000 08:11 4939977                    /anaconda/envs/azureml_py38/lib/python3.10/site-packages/numpy/random/_mt19937.cpython-310-x86_64-linux-gnu.so
798d38aa8000-798d38aac000 r--p 00012000 08:11 4939977                    /anaconda/envs/azureml_py38/lib/python3.10/site-packages/numpy/random/_mt19937.cpython-310-x86_64-linux-gnu.so
798d38aac000-798d38aad000 ---p 00016000 08:11 4939977                    /anaconda/envs/azureml_py38/lib/python3.10/site-packages/numpy/random/_mt19937.cpython-310-x86_64-linux-gnu.so
798d38aad000-798d38aae000 r--p 00016000 08:11 4939977                    /anaconda/envs/azureml_py38/lib/python3.10/site-packages/numpy/random/_mt19937.cpython-310-x86_64-linux-gnu.so
798d38aae000-798d38ab0000 rw-p 00017000 08:11 4939977                    /anaconda/envs/azureml_py38/lib/python3.10/site-packages/numpy/random/_mt19937.cpython-310-x86_64-linux-gnu.so
798d38ab0000-798d38ab6000 r--p 00000000 08:11 4939978                    /anaconda/envs/azureml_py38/lib/python3.10/site-packages/numpy/random/bit_generator.cpython-310-x86_64-linux-gnu.so
798d38ab6000-798d38ad1000 r-xp 00006000 08:11 4939978                    /anaconda/envs/azureml_py38/lib/python3.10/site-packages/numpy/random/bit_generator.cpython-310-x86_64-linux-gnu.so
798d38ad1000-798d38ad9000 r--p 00021000 08:11 4939978                    /anaconda/envs/azureml_py38/lib/python3.10/site-packages/numpy/random/bit_generator.cpython-310-x86_64-linux-gnu.so
798d38ad9000-798d38ada000 r--p 00028000 08:11 4939978                    /anaconda/envs/azureml_py38/lib/python3.10/site-packages/numpy/random/bit_generator.cpython-310-x86_64-linux-gnu.so
798d38ada000-798d38adf000 rw-p 00029000 08:11 4939978                    /anaconda/envs/azureml_py38/lib/python3.10/site-packages/numpy/random/bit_generator.cpython-310-x86_64-linux-gnu.so
798d38adf000-798d38ae7000 r--p 00000000 08:11 4940518                    /anaconda/envs/azureml_py38/lib/python3.10/site-packages/numpy/linalg/_umath_linalg.cpython-310-x86_64-linux-gnu.so
798d38ae7000-798d38b08000 r-xp 00008000 08:11 4940518                    /anaconda/envs/azureml_py38/lib/python3.10/site-packages/numpy/linalg/_umath_linalg.cpython-310-x86_64-linux-gnu.so
798d38b08000-798d38b0e000 r--p 00029000 08:11 4940518                    /anaconda/envs/azureml_py38/lib/python3.10/site-packages/numpy/linalg/_umath_linalg.cpython-310-x86_64-linux-gnu.so
798d38b0e000-798d38b0f000 r--p 0002e000 08:11 4940518                    /anaconda/envs/azureml_py38/lib/python3.10/site-packages/numpy/linalg/_umath_linalg.cpython-310-x86_64-linux-gnu.so
798d38b0f000-798d38b11000 rw-p 0002f000 08:11 4940518                    /anaconda/envs/azureml_py38/lib/python3.10/site-packages/numpy/linalg/_umath_linalg.cpython-310-x86_64-linux-gnu.so
798d38b11000-798d38b15000 rw-p 00037000 08:11 4940518                    /anaconda/envs/azureml_py38/lib/python3.10/site-packages/numpy/linalg/_umath_linalg.cpython-310-x86_64-linux-gnu.so
798d38b15000-798d38b23000 rw-p 00000000 00:00 0 
798d38b23000-798d38c00000 ---p 00000000 00:00 0 
798d38c00000-798d38c2b000 r-xp 00000000 08:11 5422171                    /anaconda/envs/azureml_py38/lib/python3.10/site-packages/azureml_dataprep_rslex.libs/libfuse-244bbfcb.so.2.9.2
798d38c2b000-798d38e2b000 ---p 0002b000 08:11 5422171                    /anaconda/envs/azureml_py38/lib/python3.10/site-packages/azureml_dataprep_rslex.libs/libfuse-244bbfcb.so.2.9.2
798d38e2b000-798d38e3d000 r--p 0002b000 08:11 5422171                    /anaconda/envs/azureml_py38/lib/python3.10/site-packages/azureml_dataprep_rslex.libs/libfuse-244bbfcb.so.2.9.2
798d38e3d000-798d38e3e000 rw-p 0003d000 08:11 5422171                    /anaconda/envs/azureml_py38/lib/python3.10/site-packages/azureml_dataprep_rslex.libs/libfuse-244bbfcb.so.2.9.2
798d38e3e000-798d38e40000 rw-p 0003f000 08:11 5422171                    /anaconda/envs/azureml_py38/lib/python3.10/site-packages/azureml_dataprep_rslex.libs/libfuse-244bbfcb.so.2.9.2
798d38e40000-798d38f40000 rw-p 00000000 00:00 0 
798d38f40000-798d38f7b000 r--p 00000000 08:11 4971504                    /anaconda/envs/azureml_py38/lib/python3.10/site-packages/_jpype.cpython-310-x86_64-linux-gnu.so
798d38f7b000-798d38fcf000 r-xp 0003b000 08:11 4971504                    /anaconda/envs/azureml_py38/lib/python3.10/site-packages/_jpype.cpython-310-x86_64-linux-gnu.so
798d38fcf000-798d38ff8000 r--p 0008f000 08:11 4971504                    /anaconda/envs/azureml_py38/lib/python3.10/site-packages/_jpype.cpython-310-x86_64-linux-gnu.so
798d38ff8000-798d38ffc000 r--p 000b7000 08:11 4971504                    /anaconda/envs/azureml_py38/lib/python3.10/site-packages/_jpype.cpython-310-x86_64-linux-gnu.so
798d38ffc000-798d39000000 rw-p 000bb000 08:11 4971504                    /anaconda/envs/azureml_py38/lib/python3.10/site-packages/_jpype.cpython-310-x86_64-linux-gnu.so
798d39000000-798d392b4000 r--p 00000000 08:11 5422183                    /anaconda/envs/azureml_py38/lib/python3.10/site-packages/azureml/dataprep/rslex.cpython-310-x86_64-linux-gnu.so
798d392b4000-798d3b2eb000 r-xp 002b4000 08:11 5422183                    /anaconda/envs/azureml_py38/lib/python3.10/site-packages/azureml/dataprep/rslex.cpython-310-x86_64-linux-gnu.so
798d3b2eb000-798d3ba25000 r--p 022eb000 08:11 5422183                    /anaconda/envs/azureml_py38/lib/python3.10/site-packages/azureml/dataprep/rslex.cpython-310-x86_64-linux-gnu.so
798d3ba25000-798d3bc75000 r--p 02a24000 08:11 5422183                    /anaconda/envs/azureml_py38/lib/python3.10/site-packages/azureml/dataprep/rslex.cpython-310-x86_64-linux-gnu.so
798d3bc75000-798d3bc7e000 rw-p 02c74000 08:11 5422183                    /anaconda/envs/azureml_py38/lib/python3.10/site-packages/azureml/dataprep/rslex.cpython-310-x86_64-linux-gnu.so
798d3bc7e000-798d3be89000 rw-p 00000000 00:00 0 
798d3be89000-798d3be91000 rw-p 040b3000 08:11 5422183                    /anaconda/envs/azureml_py38/lib/python3.10/site-packages/azureml/dataprep/rslex.cpython-310-x86_64-linux-gnu.so
798d3be91000-798d3be94000 r--p 00000000 08:11 4939989                    /anaconda/envs/azureml_py38/lib/python3.10/site-packages/numpy/random/_philox.cpython-310-x86_64-linux-gnu.so
798d3be94000-798d3bea0000 r-xp 00003000 08:11 4939989                    /anaconda/envs/azureml_py38/lib/python3.10/site-packages/numpy/random/_philox.cpython-310-x86_64-linux-gnu.so
798d3bea0000-798d3bea3000 r--p 0000f000 08:11 4939989                    /anaconda/envs/azureml_py38/lib/python3.10/site-packages/numpy/random/_philox.cpython-310-x86_64-linux-gnu.so
798d3bea3000-798d3bea4000 ---p 00012000 08:11 4939989                    /anaconda/envs/azureml_py38/lib/python3.10/site-packages/numpy/random/_philox.cpython-310-x86_64-linux-gnu.so
798d3bea4000-798d3bea5000 r--p 00012000 08:11 4939989                    /anaconda/envs/azureml_py38/lib/python3.10/site-packages/numpy/random/_philox.cpython-310-x86_64-linux-gnu.so
798d3bea5000-798d3bea7000 rw-p 00013000 08:11 4939989                    /anaconda/envs/azureml_py38/lib/python3.10/site-packages/numpy/random/_philox.cpython-310-x86_64-linux-gnu.so
798d3bea7000-798d3bea8000 r--p 00000000 08:11 4942993                    /anaconda/envs/azureml_py38/lib/python3.10/site-packages/numpy/fft/_pocketfft_internal.cpython-310-x86_64-linux-gnu.so
798d3bea8000-798d3bebb000 r-xp 00001000 08:11 4942993                    /anaconda/envs/azureml_py38/lib/python3.10/site-packages/numpy/fft/_pocketfft_internal.cpython-310-x86_64-linux-gnu.so
798d3bebb000-798d3bebd000 r--p 00014000 08:11 4942993                    /anaconda/envs/azureml_py38/lib/python3.10/site-packages/numpy/fft/_pocketfft_internal.cpython-310-x86_64-linux-gnu.so
798d3bebd000-798d3bebe000 r--p 00015000 08:11 4942993                    /anaconda/envs/azureml_py38/lib/python3.10/site-packages/numpy/fft/_pocketfft_internal.cpython-310-x86_64-linux-gnu.so
798d3bebe000-798d3bebf000 rw-p 00016000 08:11 4942993                    /anaconda/envs/azureml_py38/lib/python3.10/site-packages/numpy/fft/_pocketfft_internal.cpython-310-x86_64-linux-gnu.so
798d3bebf000-798d3bec7000 r--p 00000000 08:11 4942801                    /anaconda/envs/azureml_py38/lib/python3.10/site-packages/numpy/core/_multiarray_tests.cpython-310-x86_64-linux-gnu.so
798d3bec7000-798d3bede000 r-xp 00008000 08:11 4942801                    /anaconda/envs/azureml_py38/lib/python3.10/site-packages/numpy/core/_multiarray_tests.cpython-310-x86_64-linux-gnu.so
798d3bede000-798d3bee4000 r--p 0001f000 08:11 4942801                    /anaconda/envs/azureml_py38/lib/python3.10/site-packages/numpy/core/_multiarray_tests.cpython-310-x86_64-linux-gnu.so
798d3bee4000-798d3bee5000 ---p 00025000 08:11 4942801                    /anaconda/envs/azureml_py38/lib/python3.10/site-packages/numpy/core/_multiarray_tests.cpython-310-x86_64-linux-gnu.so
798d3bee5000-798d3bee6000 r--p 00025000 08:11 4942801                    /anaconda/envs/azureml_py38/lib/python3.10/site-packages/numpy/core/_multiarray_tests.cpython-310-x86_64-linux-gnu.so
798d3bee6000-798d3bee8000 rw-p 00026000 08:11 4942801                    /anaconda/envs/azureml_py38/lib/python3.10/site-packages/numpy/core/_multiarray_tests.cpython-310-x86_64-linux-gnu.so
798d3bee8000-798d3beec000 r--p 00000000 08:11 1032490                    /usr/lib/jvm/java-11-openjdk-amd64/lib/libnet.so
798d3beec000-798d3befa000 r-xp 00004000 08:11 1032490                    /usr/lib/jvm/java-11-openjdk-amd64/lib/libnet.so
798d3befa000-798d3befe000 r--p 00012000 08:11 1032490                    /usr/lib/jvm/java-11-openjdk-amd64/lib/libnet.so
798d3befe000-798d3beff000 r--p 00015000 08:11 1032490                    /usr/lib/jvm/java-11-openjdk-amd64/lib/libnet.so
798d3beff000-798d3bf00000 rw-p 00016000 08:11 1032490                    /usr/lib/jvm/java-11-openjdk-amd64/lib/libnet.so
798d3bf00000-798d3c000000 rw-p 00000000 00:00 0 
798d3c000000-798d3c02d000 rw-p 00000000 00:00 0 
798d3c02d000-798d40000000 ---p 00000000 00:00 0 
798d40000000-798d40021000 rw-p 00000000 00:00 0 
798d40021000-798d44000000 ---p 00000000 00:00 0 
798d44004000-798d44007000 r--p 00000000 08:11 4939996                    /anaconda/envs/azureml_py38/lib/python3.10/site-packages/numpy/random/_sfc64.cpython-310-x86_64-linux-gnu.so
798d44007000-798d4400e000 r-xp 00003000 08:11 4939996                    /anaconda/envs/azureml_py38/lib/python3.10/site-packages/numpy/random/_sfc64.cpython-310-x86_64-linux-gnu.so
798d4400e000-798d44010000 r--p 0000a000 08:11 4939996                    /anaconda/envs/azureml_py38/lib/python3.10/site-packages/numpy/random/_sfc64.cpython-310-x86_64-linux-gnu.so
798d44010000-798d44011000 ---p 0000c000 08:11 4939996                    /anaconda/envs/azureml_py38/lib/python3.10/site-packages/numpy/random/_sfc64.cpython-310-x86_64-linux-gnu.so
798d44011000-798d44012000 r--p 0000c000 08:11 4939996                    /anaconda/envs/azureml_py38/lib/python3.10/site-packages/numpy/random/_sfc64.cpython-310-x86_64-linux-gnu.so
798d44012000-798d44013000 rw-p 0000d000 08:11 4939996                    /anaconda/envs/azureml_py38/lib/python3.10/site-packages/numpy/random/_sfc64.cpython-310-x86_64-linux-gnu.so
798d44013000-798d4401a000 r--p 00000000 08:11 1032491                    /usr/lib/jvm/java-11-openjdk-amd64/lib/libnio.so
798d4401a000-798d44022000 r-xp 00007000 08:11 1032491                    /usr/lib/jvm/java-11-openjdk-amd64/lib/libnio.so
798d44022000-798d44025000 r--p 0000f000 08:11 1032491                    /usr/lib/jvm/java-11-openjdk-amd64/lib/libnio.so
798d44025000-798d44026000 r--p 00011000 08:11 1032491                    /usr/lib/jvm/java-11-openjdk-amd64/lib/libnio.so
798d44026000-798d44027000 rw-p 00012000 08:11 1032491                    /usr/lib/jvm/java-11-openjdk-amd64/lib/libnio.so
798d44027000-798d4404f000 rw-p 00000000 00:00 0 
798d4404f000-798d44056000 ---p 00000000 00:00 0 
798d44056000-798d44058000 r--p 00000000 08:11 1032499                    /usr/lib/jvm/java-11-openjdk-amd64/lib/libzip.so
798d44058000-798d4405d000 r-xp 00002000 08:11 1032499                    /usr/lib/jvm/java-11-openjdk-amd64/lib/libzip.so
798d4405d000-798d4405f000 r--p 00007000 08:11 1032499                    /usr/lib/jvm/java-11-openjdk-amd64/lib/libzip.so
798d4405f000-798d44060000 r--p 00008000 08:11 1032499                    /usr/lib/jvm/java-11-openjdk-amd64/lib/libzip.so
798d44060000-798d44061000 rw-p 00009000 08:11 1032499                    /usr/lib/jvm/java-11-openjdk-amd64/lib/libzip.so
798d44061000-798d44063000 r--p 00000000 08:11 1032482                    /usr/lib/jvm/java-11-openjdk-amd64/lib/libjimage.so
798d44063000-798d44066000 r-xp 00002000 08:11 1032482                    /usr/lib/jvm/java-11-openjdk-amd64/lib/libjimage.so
798d44066000-798d44067000 r--p 00005000 08:11 1032482                    /usr/lib/jvm/java-11-openjdk-amd64/lib/libjimage.so
798d44067000-798d44068000 ---p 00006000 08:11 1032482                    /usr/lib/jvm/java-11-openjdk-amd64/lib/libjimage.so
798d44068000-798d44069000 r--p 00006000 08:11 1032482                    /usr/lib/jvm/java-11-openjdk-amd64/lib/libjimage.so
798d44069000-798d4406a000 rw-p 00007000 08:11 1032482                    /usr/lib/jvm/java-11-openjdk-amd64/lib/libjimage.so
798d4406a000-798d44078000 r--p 00000000 08:11 1032479                    /usr/lib/jvm/java-11-openjdk-amd64/lib/libjava.so
798d44078000-798d4408e000 r-xp 0000e000 08:11 1032479                    /usr/lib/jvm/java-11-openjdk-amd64/lib/libjava.so
798d4408e000-798d44095000 r--p 00024000 08:11 1032479                    /usr/lib/jvm/java-11-openjdk-amd64/lib/libjava.so
798d44095000-798d44096000 r--p 0002a000 08:11 1032479                    /usr/lib/jvm/java-11-openjdk-amd64/lib/libjava.so
798d44096000-798d44097000 rw-p 0002b000 08:11 1032479                    /usr/lib/jvm/java-11-openjdk-amd64/lib/libjava.so
798d44097000-798d44098000 rw-p 00000000 00:00 0 
798d44098000-798d4409d000 r--p 00000000 08:11 1032498                    /usr/lib/jvm/java-11-openjdk-amd64/lib/libverify.so
798d4409d000-798d440a4000 r-xp 00005000 08:11 1032498                    /usr/lib/jvm/java-11-openjdk-amd64/lib/libverify.so
798d440a4000-798d440a6000 r--p 0000c000 08:11 1032498                    /usr/lib/jvm/java-11-openjdk-amd64/lib/libverify.so
798d440a6000-798d440a8000 r--p 0000d000 08:11 1032498                    /usr/lib/jvm/java-11-openjdk-amd64/lib/libverify.so
798d440a8000-798d440a9000 rw-p 0000f000 08:11 1032498                    /usr/lib/jvm/java-11-openjdk-amd64/lib/libverify.so
798d440a9000-798d455a9000 rw-p 00000000 00:00 0 
798d455a9000-798d455ad000 r--p 00000000 08:11 5432783                    /anaconda/envs/azureml_py38/lib/python3.10/site-packages/frozenlist/_frozenlist.cpython-310-x86_64-linux-gnu.so
798d455ad000-798d455c0000 r-xp 00004000 08:11 5432783                    /anaconda/envs/azureml_py38/lib/python3.10/site-packages/frozenlist/_frozenlist.cpython-310-x86_64-linux-gnu.so
798d455c0000-798d455c4000 r--p 00017000 08:11 5432783                    /anaconda/envs/azureml_py38/lib/python3.10/site-packages/frozenlist/_frozenlist.cpython-310-x86_64-linux-gnu.so
798d455c4000-798d455c5000 r--p 0001a000 08:11 5432783                    /anaconda/envs/azureml_py38/lib/python3.10/site-packages/frozenlist/_frozenlist.cpython-310-x86_64-linux-gnu.so
798d455c5000-798d455c7000 rw-p 0001b000 08:11 5432783                    /anaconda/envs/azureml_py38/lib/python3.10/site-packages/frozenlist/_frozenlist.cpython-310-x86_64-linux-gnu.so
798d455c7000-798d456c7000 rw-p 00000000 00:00 0 
798d456c7000-798d456cc000 r--p 00000000 08:11 5688761                    /anaconda/envs/azureml_py38/lib/python3.10/site-packages/aiohttp/_websocket/reader_c.cpython-310-x86_64-linux-gnu.so
798d456cc000-798d456f6000 r-xp 00005000 08:11 5688761                    /anaconda/envs/azureml_py38/lib/python3.10/site-packages/aiohttp/_websocket/reader_c.cpython-310-x86_64-linux-gnu.so
798d456f6000-798d456fc000 r--p 0002f000 08:11 5688761                    /anaconda/envs/azureml_py38/lib/python3.10/site-packages/aiohttp/_websocket/reader_c.cpython-310-x86_64-linux-gnu.so
798d456fc000-798d456fd000 r--p 00034000 08:11 5688761                    /anaconda/envs/azureml_py38/lib/python3.10/site-packages/aiohttp/_websocket/reader_c.cpython-310-x86_64-linux-gnu.so
798d456fd000-798d456ff000 rw-p 00035000 08:11 5688761                    /anaconda/envs/azureml_py38/lib/python3.10/site-packages/aiohttp/_websocket/reader_c.cpython-310-x86_64-linux-gnu.so
798d456ff000-798d45a00000 rw-p 00000000 00:00 0 
798d45a00000-798d45a77000 r-xp 00000000 08:11 5677784                    /anaconda/envs/azureml_py38/lib/python3.10/site-packages/nacl/_sodium.abi3.so
798d45a77000-798d45c76000 ---p 00077000 08:11 5677784                    /anaconda/envs/azureml_py38/lib/python3.10/site-packages/nacl/_sodium.abi3.so
798d45c76000-798d45c78000 r--p 00076000 08:11 5677784                    /anaconda/envs/azureml_py38/lib/python3.10/site-packages/nacl/_sodium.abi3.so
798d45c78000-798d45c7a000 rw-p 00078000 08:11 5677784                    /anaconda/envs/azureml_py38/lib/python3.10/site-packages/nacl/_sodium.abi3.so
798d45c7a000-798d45c82000 r--p 00000000 08:11 5688753                    /anaconda/envs/azureml_py38/lib/python3.10/site-packages/aiohttp/_http_parser.cpython-310-x86_64-linux-gnu.so
798d45c82000-798d45ced000 r-xp 00008000 08:11 5688753                    /anaconda/envs/azureml_py38/lib/python3.10/site-packages/aiohttp/_http_parser.cpython-310-x86_64-linux-gnu.so
798d45ced000-798d45cf9000 r--p 00073000 08:11 5688753                    /anaconda/envs/azureml_py38/lib/python3.10/site-packages/aiohttp/_http_parser.cpython-310-x86_64-linux-gnu.so
798d45cf9000-798d45cfa000 ---p 0007f000 08:11 5688753                    /anaconda/envs/azureml_py38/lib/python3.10/site-packages/aiohttp/_http_parser.cpython-310-x86_64-linux-gnu.so
798d45cfa000-798d45cfb000 r--p 0007f000 08:11 5688753                    /anaconda/envs/azureml_py38/lib/python3.10/site-packages/aiohttp/_http_parser.cpython-310-x86_64-linux-gnu.so
798d45cfb000-798d45cfe000 rw-p 00080000 08:11 5688753                    /anaconda/envs/azureml_py38/lib/python3.10/site-packages/aiohttp/_http_parser.cpython-310-x86_64-linux-gnu.so
798d45cfe000-798d46000000 rw-p 00000000 00:00 0 
798d46000000-798d46086000 r--p 00000000 08:11 6485991                    /anaconda/envs/azureml_py38/lib/python3.10/site-packages/cryptography/hazmat/bindings/_openssl.abi3.so
798d46086000-798d46399000 r-xp 00086000 08:11 6485991                    /anaconda/envs/azureml_py38/lib/python3.10/site-packages/cryptography/hazmat/bindings/_openssl.abi3.so
798d46399000-798d4649b000 r--p 00399000 08:11 6485991                    /anaconda/envs/azureml_py38/lib/python3.10/site-packages/cryptography/hazmat/bindings/_openssl.abi3.so
798d4649b000-798d46503000 r--p 0049a000 08:11 6485991                    /anaconda/envs/azureml_py38/lib/python3.10/site-packages/cryptography/hazmat/bindings/_openssl.abi3.so
798d46503000-798d4650f000 rw-p 00502000 08:11 6485991                    /anaconda/envs/azureml_py38/lib/python3.10/site-packages/cryptography/hazmat/bindings/_openssl.abi3.so
798d4650f000-798d46512000 rw-p 00000000 00:00 0 
798d46514000-798d46517000 r--p 00000000 08:11 5688760                    /anaconda/envs/azureml_py38/lib/python3.10/site-packages/aiohttp/_websocket/mask.cpython-310-x86_64-linux-gnu.so
798d46517000-798d4651c000 r-xp 00003000 08:11 5688760                    /anaconda/envs/azureml_py38/lib/python3.10/site-packages/aiohttp/_websocket/mask.cpython-310-x86_64-linux-gnu.so
798d4651c000-798d4651e000 r--p 00008000 08:11 5688760                    /anaconda/envs/azureml_py38/lib/python3.10/site-packages/aiohttp/_websocket/mask.cpython-310-x86_64-linux-gnu.so
798d4651e000-798d4651f000 r--p 00009000 08:11 5688760                    /anaconda/envs/azureml_py38/lib/python3.10/site-packages/aiohttp/_websocket/mask.cpython-310-x86_64-linux-gnu.so
798d4651f000-798d46520000 rw-p 0000a000 08:11 5688760                    /anaconda/envs/azureml_py38/lib/python3.10/site-packages/aiohttp/_websocket/mask.cpython-310-x86_64-linux-gnu.so
798d46520000-798d46523000 r--p 00000000 08:11 5688731                    /anaconda/envs/azureml_py38/lib/python3.10/site-packages/aiohttp/_http_writer.cpython-310-x86_64-linux-gnu.so
798d46523000-798d4652d000 r-xp 00003000 08:11 5688731                    /anaconda/envs/azureml_py38/lib/python3.10/site-packages/aiohttp/_http_writer.cpython-310-x86_64-linux-gnu.so
798d4652d000-798d4652f000 r--p 0000d000 08:11 5688731                    /anaconda/envs/azureml_py38/lib/python3.10/site-packages/aiohttp/_http_writer.cpython-310-x86_64-linux-gnu.so
798d4652f000-798d46530000 r--p 0000e000 08:11 5688731                    /anaconda/envs/azureml_py38/lib/python3.10/site-packages/aiohttp/_http_writer.cpython-310-x86_64-linux-gnu.so
798d46530000-798d46531000 rw-p 0000f000 08:11 5688731                    /anaconda/envs/azureml_py38/lib/python3.10/site-packages/aiohttp/_http_writer.cpython-310-x86_64-linux-gnu.so
798d46531000-798d46535000 rw-p 00000000 00:00 0 
798d46535000-798d46539000 r--p 00000000 08:11 5430062                    /anaconda/envs/azureml_py38/lib/python3.10/site-packages/propcache/_helpers_c.cpython-310-x86_64-linux-gnu.so
798d46539000-798d46549000 r-xp 00004000 08:11 5430062                    /anaconda/envs/azureml_py38/lib/python3.10/site-packages/propcache/_helpers_c.cpython-310-x86_64-linux-gnu.so
798d46549000-798d4654d000 r--p 00014000 08:11 5430062                    /anaconda/envs/azureml_py38/lib/python3.10/site-packages/propcache/_helpers_c.cpython-310-x86_64-linux-gnu.so
798d4654d000-798d4654e000 r--p 00017000 08:11 5430062                    /anaconda/envs/azureml_py38/lib/python3.10/site-packages/propcache/_helpers_c.cpython-310-x86_64-linux-gnu.so
798d4654e000-798d4654f000 rw-p 00018000 08:11 5430062                    /anaconda/envs/azureml_py38/lib/python3.10/site-packages/propcache/_helpers_c.cpython-310-x86_64-linux-gnu.so
798d4654f000-798d46550000 rw-p 00000000 00:00 0 
798d46550000-798d46554000 r--p 00000000 08:11 5467848                    /anaconda/envs/azureml_py38/lib/python3.10/site-packages/yarl/_quoting_c.cpython-310-x86_64-linux-gnu.so
798d46554000-798d4656c000 r-xp 00004000 08:11 5467848                    /anaconda/envs/azureml_py38/lib/python3.10/site-packages/yarl/_quoting_c.cpython-310-x86_64-linux-gnu.so
798d4656c000-798d46570000 r--p 0001c000 08:11 5467848                    /anaconda/envs/azureml_py38/lib/python3.10/site-packages/yarl/_quoting_c.cpython-310-x86_64-linux-gnu.so
798d46570000-798d46571000 r--p 0001f000 08:11 5467848                    /anaconda/envs/azureml_py38/lib/python3.10/site-packages/yarl/_quoting_c.cpython-310-x86_64-linux-gnu.so
798d46571000-798d46572000 rw-p 00020000 08:11 5467848                    /anaconda/envs/azureml_py38/lib/python3.10/site-packages/yarl/_quoting_c.cpython-310-x86_64-linux-gnu.so
798d46572000-798d46575000 rw-p 00000000 00:00 0 
798d46575000-798d46579000 r--p 00000000 08:11 5455956                    /anaconda/envs/azureml_py38/lib/python3.10/site-packages/multidict/_multidict.cpython-310-x86_64-linux-gnu.so
798d46579000-798d46588000 r-xp 00004000 08:11 5455956                    /anaconda/envs/azureml_py38/lib/python3.10/site-packages/multidict/_multidict.cpython-310-x86_64-linux-gnu.so
798d46588000-798d4658b000 r--p 00013000 08:11 5455956                    /anaconda/envs/azureml_py38/lib/python3.10/site-packages/multidict/_multidict.cpython-310-x86_64-linux-gnu.so
798d4658b000-798d4658c000 r--p 00015000 08:11 5455956                    /anaconda/envs/azureml_py38/lib/python3.10/site-packages/multidict/_multidict.cpython-310-x86_64-linux-gnu.so
798d4658c000-798d4658e000 rw-p 00016000 08:11 5455956                    /anaconda/envs/azureml_py38/lib/python3.10/site-packages/multidict/_multidict.cpython-310-x86_64-linux-gnu.so
798d4658e000-798d4678e000 rw-p 00000000 00:00 0 
798d4678e000-798d46797000 r--p 00000000 08:11 5435013                    /anaconda/envs/azureml_py38/lib/python3.10/site-packages/bcrypt/_bcrypt.abi3.so
798d46797000-798d467f1000 r-xp 00009000 08:11 5435013                    /anaconda/envs/azureml_py38/lib/python3.10/site-packages/bcrypt/_bcrypt.abi3.so
798d467f1000-798d46808000 r--p 00063000 08:11 5435013                    /anaconda/envs/azureml_py38/lib/python3.10/site-packages/bcrypt/_bcrypt.abi3.so
798d46808000-798d4680d000 r--p 0007a000 08:11 5435013                    /anaconda/envs/azureml_py38/lib/python3.10/site-packages/bcrypt/_bcrypt.abi3.so
798d4680d000-798d4680e000 rw-p 0007f000 08:11 5435013                    /anaconda/envs/azureml_py38/lib/python3.10/site-packages/bcrypt/_bcrypt.abi3.so
798d4680e000-798d4681f000 r--p 00000000 08:11 6485990                    /anaconda/envs/azureml_py38/lib/python3.10/site-packages/cryptography/hazmat/bindings/_rust.abi3.so
798d4681f000-798d46968000 r-xp 00011000 08:11 6485990                    /anaconda/envs/azureml_py38/lib/python3.10/site-packages/cryptography/hazmat/bindings/_rust.abi3.so
798d46968000-798d469a6000 r--p 0015a000 08:11 6485990                    /anaconda/envs/azureml_py38/lib/python3.10/site-packages/cryptography/hazmat/bindings/_rust.abi3.so
798d469a6000-798d469b1000 r--p 00197000 08:11 6485990                    /anaconda/envs/azureml_py38/lib/python3.10/site-packages/cryptography/hazmat/bindings/_rust.abi3.so
798d469b1000-798d469b3000 rw-p 001a2000 08:11 6485990                    /anaconda/envs/azureml_py38/lib/python3.10/site-packages/cryptography/hazmat/bindings/_rust.abi3.so
798d469b3000-798d473b3000 rw-p 00000000 00:00 0 
798d473c3000-798d473c7000 r--p 00000000 08:11 6486634                    /anaconda/envs/azureml_py38/lib/python3.10/site-packages/PIL/_imagingft.cpython-310-x86_64-linux-gnu.so
798d473c7000-798d473cd000 r-xp 00004000 08:11 6486634                    /anaconda/envs/azureml_py38/lib/python3.10/site-packages/PIL/_imagingft.cpython-310-x86_64-linux-gnu.so
798d473cd000-798d473cf000 r--p 0000a000 08:11 6486634                    /anaconda/envs/azureml_py38/lib/python3.10/site-packages/PIL/_imagingft.cpython-310-x86_64-linux-gnu.so
798d473cf000-798d473d0000 r--p 0000b000 08:11 6486634                    /anaconda/envs/azureml_py38/lib/python3.10/site-packages/PIL/_imagingft.cpython-310-x86_64-linux-gnu.so
798d473d0000-798d473d1000 rw-p 0000c000 08:11 6486634                    /anaconda/envs/azureml_py38/lib/python3.10/site-packages/PIL/_imagingft.cpython-310-x86_64-linux-gnu.so
798d473d1000-798d473d3000 rw-p 0000e000 08:11 6486634                    /anaconda/envs/azureml_py38/lib/python3.10/site-packages/PIL/_imagingft.cpython-310-x86_64-linux-gnu.so
798d473d3000-798d473da000 r--p 00000000 08:11 4961820                    /anaconda/envs/azureml_py38/lib/python3.10/site-packages/kiwisolver/_cext.cpython-310-x86_64-linux-gnu.so
798d473da000-798d473f4000 r-xp 00007000 08:11 4961820                    /anaconda/envs/azureml_py38/lib/python3.10/site-packages/kiwisolver/_cext.cpython-310-x86_64-linux-gnu.so
798d473f4000-798d473fa000 r--p 00021000 08:11 4961820                    /anaconda/envs/azureml_py38/lib/python3.10/site-packages/kiwisolver/_cext.cpython-310-x86_64-linux-gnu.so
798d473fa000-798d473fb000 r--p 00026000 08:11 4961820                    /anaconda/envs/azureml_py38/lib/python3.10/site-packages/kiwisolver/_cext.cpython-310-x86_64-linux-gnu.so
798d473fb000-798d473fc000 rw-p 00027000 08:11 4961820                    /anaconda/envs/azureml_py38/lib/python3.10/site-packages/kiwisolver/_cext.cpython-310-x86_64-linux-gnu.so
798d473fc000-798d475fc000 rw-p 00000000 00:00 0 
798d475fc000-798d47606000 r--p 00000000 08:11 4970479                    /anaconda/envs/azureml_py38/lib/python3.10/site-packages/matplotlib/_path.cpython-310-x86_64-linux-gnu.so
798d47606000-798d47629000 r-xp 0000a000 08:11 4970479                    /anaconda/envs/azureml_py38/lib/python3.10/site-packages/matplotlib/_path.cpython-310-x86_64-linux-gnu.so
798d47629000-798d47630000 r--p 0002d000 08:11 4970479                    /anaconda/envs/azureml_py38/lib/python3.10/site-packages/matplotlib/_path.cpython-310-x86_64-linux-gnu.so
798d47630000-798d47631000 ---p 00034000 08:11 4970479                    /anaconda/envs/azureml_py38/lib/python3.10/site-packages/matplotlib/_path.cpython-310-x86_64-linux-gnu.so
798d47631000-798d47632000 r--p 00034000 08:11 4970479                    /anaconda/envs/azureml_py38/lib/python3.10/site-packages/matplotlib/_path.cpython-310-x86_64-linux-gnu.so
798d47632000-798d47633000 rw-p 00035000 08:11 4970479                    /anaconda/envs/azureml_py38/lib/python3.10/site-packages/matplotlib/_path.cpython-310-x86_64-linux-gnu.so
798d47633000-798d47634000 rw-p 00000000 00:00 0 
798d47634000-798d47648000 r--p 00000000 08:11 5982651                    /anaconda/envs/azureml_py38/lib/python3.10/site-packages/zstandard/backend_c.cpython-310-x86_64-linux-gnu.so
798d47648000-798d47724000 r-xp 00014000 08:11 5982651                    /anaconda/envs/azureml_py38/lib/python3.10/site-packages/zstandard/backend_c.cpython-310-x86_64-linux-gnu.so
798d47724000-798d4773c000 r--p 000f0000 08:11 5982651                    /anaconda/envs/azureml_py38/lib/python3.10/site-packages/zstandard/backend_c.cpython-310-x86_64-linux-gnu.so
798d4773c000-798d4773e000 r--p 00107000 08:11 5982651                    /anaconda/envs/azureml_py38/lib/python3.10/site-packages/zstandard/backend_c.cpython-310-x86_64-linux-gnu.so
798d4773e000-798d47741000 rw-p 00109000 08:11 5982651                    /anaconda/envs/azureml_py38/lib/python3.10/site-packages/zstandard/backend_c.cpython-310-x86_64-linux-gnu.so
798d47741000-798d47744000 r--p 00000000 08:11 4959334                    /anaconda/envs/azureml_py38/lib/python3.10/site-packages/brotlicffi/_brotlicffi.abi3.so
798d47744000-798d4778a000 r-xp 00003000 08:11 4959334                    /anaconda/envs/azureml_py38/lib/python3.10/site-packages/brotlicffi/_brotlicffi.abi3.so
798d4778a000-798d477fd000 r--p 00049000 08:11 4959334                    /anaconda/envs/azureml_py38/lib/python3.10/site-packages/brotlicffi/_brotlicffi.abi3.so
798d477fd000-798d477fe000 r--p 000bc000 08:11 4959334                    /anaconda/envs/azureml_py38/lib/python3.10/site-packages/brotlicffi/_brotlicffi.abi3.so
798d477fe000-798d477ff000 rw-p 000bd000 08:11 4959334                    /anaconda/envs/azureml_py38/lib/python3.10/site-packages/brotlicffi/_brotlicffi.abi3.so
798d477ff000-798d47800000 ---p 00000000 00:00 0 
798d47800000-798d48000000 rw-p 00000000 00:00 0 
798d48000000-798d48021000 rw-p 00000000 00:00 0 
798d48021000-798d4c000000 ---p 00000000 00:00 0 
798d4c000000-798d4c021000 rw-p 00000000 00:00 0 
798d4c021000-798d50000000 ---p 00000000 00:00 0 
798d50000000-798d50021000 rw-p 00000000 00:00 0 
798d50021000-798d54000000 ---p 00000000 00:00 0 
798d54000000-798d54021000 rw-p 00000000 00:00 0 
798d54021000-798d58000000 ---p 00000000 00:00 0 
798d58000000-798d58021000 rw-p 00000000 00:00 0 
798d58021000-798d5c000000 ---p 00000000 00:00 0 
798d5c000000-798d5c0a1000 rw-p 00000000 00:00 0 
798d5c0a1000-798d60000000 ---p 00000000 00:00 0 
798d60000000-798d60008000 rw-s 00000000 08:01 1835027                    /tmp/hsperfdata_azureuser/74462
798d60008000-798d6000a000 r--p 00000000 08:11 4961762                    /anaconda/envs/azureml_py38/lib/libyaml-0.so.2.0.9
798d6000a000-798d60020000 r-xp 00002000 08:11 4961762                    /anaconda/envs/azureml_py38/lib/libyaml-0.so.2.0.9
798d60020000-798d60023000 r--p 00018000 08:11 4961762                    /anaconda/envs/azureml_py38/lib/libyaml-0.so.2.0.9
798d60023000-798d60024000 ---p 0001b000 08:11 4961762                    /anaconda/envs/azureml_py38/lib/libyaml-0.so.2.0.9
798d60024000-798d60025000 r--p 0001b000 08:11 4961762                    /anaconda/envs/azureml_py38/lib/libyaml-0.so.2.0.9
798d60025000-798d60026000 rw-p 0001c000 08:11 4961762                    /anaconda/envs/azureml_py38/lib/libyaml-0.so.2.0.9
798d60026000-798d6002b000 r--p 00000000 08:11 4960603                    /anaconda/envs/azureml_py38/lib/python3.10/site-packages/yaml/_yaml.cpython-310-x86_64-linux-gnu.so
798d6002b000-798d6005a000 r-xp 00005000 08:11 4960603                    /anaconda/envs/azureml_py38/lib/python3.10/site-packages/yaml/_yaml.cpython-310-x86_64-linux-gnu.so
798d6005a000-798d60060000 r--p 00034000 08:11 4960603                    /anaconda/envs/azureml_py38/lib/python3.10/site-packages/yaml/_yaml.cpython-310-x86_64-linux-gnu.so
798d60060000-798d60061000 r--p 00039000 08:11 4960603                    /anaconda/envs/azureml_py38/lib/python3.10/site-packages/yaml/_yaml.cpython-310-x86_64-linux-gnu.so
798d60061000-798d60063000 rw-p 0003a000 08:11 4960603                    /anaconda/envs/azureml_py38/lib/python3.10/site-packages/yaml/_yaml.cpython-310-x86_64-linux-gnu.so
798d60063000-798d60064000 rw-p 00000000 00:00 0 
798d60064000-798d60067000 r--p 00000000 08:11 5957596                    /anaconda/envs/azureml_py38/lib/python3.10/lib-dynload/_multibytecodec.cpython-310-x86_64-linux-gnu.so
798d60067000-798d6006d000 r-xp 00003000 08:11 5957596                    /anaconda/envs/azureml_py38/lib/python3.10/lib-dynload/_multibytecodec.cpython-310-x86_64-linux-gnu.so
798d6006d000-798d6006f000 r--p 00009000 08:11 5957596                    /anaconda/envs/azureml_py38/lib/python3.10/lib-dynload/_multibytecodec.cpython-310-x86_64-linux-gnu.so
798d6006f000-798d60070000 r--p 0000a000 08:11 5957596                    /anaconda/envs/azureml_py38/lib/python3.10/lib-dynload/_multibytecodec.cpython-310-x86_64-linux-gnu.so
798d60070000-798d60071000 rw-p 0000b000 08:11 5957596                    /anaconda/envs/azureml_py38/lib/python3.10/lib-dynload/_multibytecodec.cpython-310-x86_64-linux-gnu.so
798d60071000-798d60079000 r--p 00000000 08:11 4960302                    /anaconda/envs/azureml_py38/lib/python3.10/site-packages/_cffi_backend.cpython-310-x86_64-linux-gnu.so
798d60079000-798d60090000 r-xp 00008000 08:11 4960302                    /anaconda/envs/azureml_py38/lib/python3.10/site-packages/_cffi_backend.cpython-310-x86_64-linux-gnu.so
798d60090000-798d6009b000 r--p 0001f000 08:11 4960302                    /anaconda/envs/azureml_py38/lib/python3.10/site-packages/_cffi_backend.cpython-310-x86_64-linux-gnu.so
798d6009b000-798d6009d000 r--p 0002a000 08:11 4960302                    /anaconda/envs/azureml_py38/lib/python3.10/site-packages/_cffi_backend.cpython-310-x86_64-linux-gnu.so
798d6009d000-798d600a0000 rw-p 0002c000 08:11 4960302                    /anaconda/envs/azureml_py38/lib/python3.10/site-packages/_cffi_backend.cpython-310-x86_64-linux-gnu.so
798d600a0000-798d600a3000 rw-p 00000000 00:00 0 
798d600a3000-798d600a7000 r--p 00000000 08:11 5957608                    /anaconda/envs/azureml_py38/lib/python3.10/lib-dynload/_elementtree.cpython-310-x86_64-linux-gnu.so
798d600a7000-798d600b0000 r-xp 00004000 08:11 5957608                    /anaconda/envs/azureml_py38/lib/python3.10/lib-dynload/_elementtree.cpython-310-x86_64-linux-gnu.so
798d600b0000-798d600b4000 r--p 0000d000 08:11 5957608                    /anaconda/envs/azureml_py38/lib/python3.10/lib-dynload/_elementtree.cpython-310-x86_64-linux-gnu.so
798d600b4000-798d600b5000 r--p 00010000 08:11 5957608                    /anaconda/envs/azureml_py38/lib/python3.10/lib-dynload/_elementtree.cpython-310-x86_64-linux-gnu.so
798d600b5000-798d600b7000 rw-p 00011000 08:11 5957608                    /anaconda/envs/azureml_py38/lib/python3.10/lib-dynload/_elementtree.cpython-310-x86_64-linux-gnu.so
798d600b7000-798d602b7000 rw-p 00000000 00:00 0 
798d602b7000-798d602b9000 r--p 00000000 08:11 5957557                    /anaconda/envs/azureml_py38/lib/python3.10/lib-dynload/grp.cpython-310-x86_64-linux-gnu.so
798d602b9000-798d602ba000 r-xp 00002000 08:11 5957557                    /anaconda/envs/azureml_py38/lib/python3.10/lib-dynload/grp.cpython-310-x86_64-linux-gnu.so
798d602ba000-798d602bb000 r--p 00003000 08:11 5957557                    /anaconda/envs/azureml_py38/lib/python3.10/lib-dynload/grp.cpython-310-x86_64-linux-gnu.so
798d602bb000-798d602bc000 r--p 00003000 08:11 5957557                    /anaconda/envs/azureml_py38/lib/python3.10/lib-dynload/grp.cpython-310-x86_64-linux-gnu.so
798d602bc000-798d602bd000 rw-p 00004000 08:11 5957557                    /anaconda/envs/azureml_py38/lib/python3.10/lib-dynload/grp.cpython-310-x86_64-linux-gnu.so
798d602bd000-798d606bd000 rw-p 00000000 00:00 0 
798d606bd000-798d606c3000 r--p 00000000 08:11 5981560                    /anaconda/envs/azureml_py38/lib/python3.10/site-packages/debugpy/_vendored/pydevd/_pydevd_bundle/pydevd_cython.cpython-310-x86_64-linux-gnu.so
798d606c3000-798d60751000 r-xp 00006000 08:11 5981560                    /anaconda/envs/azureml_py38/lib/python3.10/site-packages/debugpy/_vendored/pydevd/_pydevd_bundle/pydevd_cython.cpython-310-x86_64-linux-gnu.so
798d60751000-798d6075d000 r--p 00094000 08:11 5981560                    /anaconda/envs/azureml_py38/lib/python3.10/site-packages/debugpy/_vendored/pydevd/_pydevd_bundle/pydevd_cython.cpython-310-x86_64-linux-gnu.so
798d6075d000-798d6075e000 r--p 0009f000 08:11 5981560                    /anaconda/envs/azureml_py38/lib/python3.10/site-packages/debugpy/_vendored/pydevd/_pydevd_bundle/pydevd_cython.cpython-310-x86_64-linux-gnu.so
798d6075e000-798d60761000 rw-p 000a0000 08:11 5981560                    /anaconda/envs/azureml_py38/lib/python3.10/site-packages/debugpy/_vendored/pydevd/_pydevd_bundle/pydevd_cython.cpython-310-x86_64-linux-gnu.so
798d60761000-798d60862000 rw-p 00000000 00:00 0 
798d60862000-798d60867000 r--p 00000000 08:11 5957617                    /anaconda/envs/azureml_py38/lib/python3.10/lib-dynload/pyexpat.cpython-310-x86_64-linux-gnu.so
798d60867000-798d60892000 r-xp 00005000 08:11 5957617                    /anaconda/envs/azureml_py38/lib/python3.10/lib-dynload/pyexpat.cpython-310-x86_64-linux-gnu.so
798d60892000-798d6089e000 r--p 00030000 08:11 5957617                    /anaconda/envs/azureml_py38/lib/python3.10/lib-dynload/pyexpat.cpython-310-x86_64-linux-gnu.so
798d6089e000-798d6089f000 ---p 0003c000 08:11 5957617                    /anaconda/envs/azureml_py38/lib/python3.10/lib-dynload/pyexpat.cpython-310-x86_64-linux-gnu.so
798d6089f000-798d608a1000 r--p 0003c000 08:11 5957617                    /anaconda/envs/azureml_py38/lib/python3.10/lib-dynload/pyexpat.cpython-310-x86_64-linux-gnu.so
798d608a1000-798d608a3000 rw-p 0003e000 08:11 5957617                    /anaconda/envs/azureml_py38/lib/python3.10/lib-dynload/pyexpat.cpython-310-x86_64-linux-gnu.so
798d608a3000-798d608a4000 ---p 00000000 00:00 0 
798d608a4000-798d610a4000 rw-p 00000000 00:00 0 
798d610a4000-798d610a5000 ---p 00000000 00:00 0 
798d610a5000-798d618a5000 rw-p 00000000 00:00 0 
798d618a5000-798d618a6000 ---p 00000000 00:00 0 
798d618a6000-798d620a6000 rw-p 00000000 00:00 0 
798d620a6000-798d620a7000 ---p 00000000 00:00 0 
798d620a7000-798d628a7000 rw-p 00000000 00:00 0 
798d628a7000-798d628a8000 ---p 00000000 00:00 0 
798d628a8000-798d630a8000 rw-p 00000000 00:00 0 
798d630a8000-798d630a9000 ---p 00000000 00:00 0 
798d630a9000-798d638a9000 rw-p 00000000 00:00 0 
798d638a9000-798d638aa000 ---p 00000000 00:00 0 
798d638aa000-798d640aa000 rw-p 00000000 00:00 0 
798d640aa000-798d640ab000 ---p 00000000 00:00 0 
798d640ab000-798d648ab000 rw-p 00000000 00:00 0 
798d648ab000-798d648ac000 ---p 00000000 00:00 0 
798d648ac000-798d650ac000 rw-p 00000000 00:00 0 
798d650ac000-798d651ac000 rw-p 00000000 00:00 0 
798d651ac000-798d651ad000 r--p 00000000 08:11 4971312                    /anaconda/envs/azureml_py38/lib/python3.10/site-packages/psutil/_psutil_posix.cpython-310-x86_64-linux-gnu.so
798d651ad000-798d651ae000 r-xp 00001000 08:11 4971312                    /anaconda/envs/azureml_py38/lib/python3.10/site-packages/psutil/_psutil_posix.cpython-310-x86_64-linux-gnu.so
798d651ae000-798d651af000 r--p 00002000 08:11 4971312                    /anaconda/envs/azureml_py38/lib/python3.10/site-packages/psutil/_psutil_posix.cpython-310-x86_64-linux-gnu.so
798d651af000-798d651b0000 r--p 00002000 08:11 4971312                    /anaconda/envs/azureml_py38/lib/python3.10/site-packages/psutil/_psutil_posix.cpython-310-x86_64-linux-gnu.so
798d651b0000-798d651b1000 rw-p 00003000 08:11 4971312                    /anaconda/envs/azureml_py38/lib/python3.10/site-packages/psutil/_psutil_posix.cpython-310-x86_64-linux-gnu.so
798d651b1000-798d651b3000 r--p 00000000 08:11 4971311                    /anaconda/envs/azureml_py38/lib/python3.10/site-packages/psutil/_psutil_linux.cpython-310-x86_64-linux-gnu.so
798d651b3000-798d651b5000 r-xp 00002000 08:11 4971311                    /anaconda/envs/azureml_py38/lib/python3.10/site-packages/psutil/_psutil_linux.cpython-310-x86_64-linux-gnu.so
798d651b5000-798d651b6000 r--p 00004000 08:11 4971311                    /anaconda/envs/azureml_py38/lib/python3.10/site-packages/psutil/_psutil_linux.cpython-310-x86_64-linux-gnu.so
798d651b6000-798d651b7000 r--p 00004000 08:11 4971311                    /anaconda/envs/azureml_py38/lib/python3.10/site-packages/psutil/_psutil_linux.cpython-310-x86_64-linux-gnu.so
798d651b7000-798d651b8000 rw-p 00005000 08:11 4971311                    /anaconda/envs/azureml_py38/lib/python3.10/site-packages/psutil/_psutil_linux.cpython-310-x86_64-linux-gnu.so
798d651b8000-798d652b8000 rw-p 00000000 00:00 0 
798d652b8000-798d652ba000 r--p 00000000 08:11 5957556                    /anaconda/envs/azureml_py38/lib/python3.10/lib-dynload/resource.cpython-310-x86_64-linux-gnu.so
798d652ba000-798d652bb000 r-xp 00002000 08:11 5957556                    /anaconda/envs/azureml_py38/lib/python3.10/lib-dynload/resource.cpython-310-x86_64-linux-gnu.so
798d652bb000-798d652bc000 r--p 00003000 08:11 5957556                    /anaconda/envs/azureml_py38/lib/python3.10/lib-dynload/resource.cpython-310-x86_64-linux-gnu.so
798d652bc000-798d652bd000 r--p 00003000 08:11 5957556                    /anaconda/envs/azureml_py38/lib/python3.10/lib-dynload/resource.cpython-310-x86_64-linux-gnu.so
798d652bd000-798d652be000 rw-p 00004000 08:11 5957556                    /anaconda/envs/azureml_py38/lib/python3.10/lib-dynload/resource.cpython-310-x86_64-linux-gnu.so
798d652be000-798d652c0000 r--p 00000000 08:11 5957575                    /anaconda/envs/azureml_py38/lib/python3.10/lib-dynload/_lsprof.cpython-310-x86_64-linux-gnu.so
798d652c0000-798d652c2000 r-xp 00002000 08:11 5957575                    /anaconda/envs/azureml_py38/lib/python3.10/lib-dynload/_lsprof.cpython-310-x86_64-linux-gnu.so
798d652c2000-798d652c3000 r--p 00004000 08:11 5957575                    /anaconda/envs/azureml_py38/lib/python3.10/lib-dynload/_lsprof.cpython-310-x86_64-linux-gnu.so
798d652c3000-798d652c4000 ---p 00005000 08:11 5957575                    /anaconda/envs/azureml_py38/lib/python3.10/lib-dynload/_lsprof.cpython-310-x86_64-linux-gnu.so
798d652c4000-798d652c5000 r--p 00005000 08:11 5957575                    /anaconda/envs/azureml_py38/lib/python3.10/lib-dynload/_lsprof.cpython-310-x86_64-linux-gnu.so
798d652c5000-798d652c6000 rw-p 00006000 08:11 5957575                    /anaconda/envs/azureml_py38/lib/python3.10/lib-dynload/_lsprof.cpython-310-x86_64-linux-gnu.so
798d652c6000-798d656c6000 rw-p 00000000 00:00 0 
798d656c6000-798d656c9000 r--p 00000000 08:11 5957618                    /anaconda/envs/azureml_py38/lib/python3.10/lib-dynload/unicodedata.cpython-310-x86_64-linux-gnu.so
798d656c9000-798d656cd000 r-xp 00003000 08:11 5957618                    /anaconda/envs/azureml_py38/lib/python3.10/lib-dynload/unicodedata.cpython-310-x86_64-linux-gnu.so
798d656cd000-798d657d5000 r--p 00007000 08:11 5957618                    /anaconda/envs/azureml_py38/lib/python3.10/lib-dynload/unicodedata.cpython-310-x86_64-linux-gnu.so
798d657d5000-798d657d6000 ---p 0010f000 08:11 5957618                    /anaconda/envs/azureml_py38/lib/python3.10/lib-dynload/unicodedata.cpython-310-x86_64-linux-gnu.so
798d657d6000-798d657d7000 r--p 0010f000 08:11 5957618                    /anaconda/envs/azureml_py38/lib/python3.10/lib-dynload/unicodedata.cpython-310-x86_64-linux-gnu.so
798d657d7000-798d657d8000 rw-p 00110000 08:11 5957618                    /anaconda/envs/azureml_py38/lib/python3.10/lib-dynload/unicodedata.cpython-310-x86_64-linux-gnu.so
798d657d8000-798d65bd8000 rw-p 00000000 00:00 0 
798d65bd8000-798d65bea000 r--p 00000000 08:11 4933417                    /anaconda/envs/azureml_py38/lib/libsqlite3.so.0.8.6
798d65bea000-798d65cf9000 r-xp 00012000 08:11 4933417                    /anaconda/envs/azureml_py38/lib/libsqlite3.so.0.8.6
798d65cf9000-798d65d2f000 r--p 00121000 08:11 4933417                    /anaconda/envs/azureml_py38/lib/libsqlite3.so.0.8.6
798d65d2f000-798d65d30000 ---p 00157000 08:11 4933417                    /anaconda/envs/azureml_py38/lib/libsqlite3.so.0.8.6
798d65d30000-798d65d34000 r--p 00157000 08:11 4933417                    /anaconda/envs/azureml_py38/lib/libsqlite3.so.0.8.6
798d65d34000-798d65d38000 rw-p 0015b000 08:11 4933417                    /anaconda/envs/azureml_py38/lib/libsqlite3.so.0.8.6
798d65d38000-798d65d39000 rw-p 00000000 00:00 0 
798d65d39000-798d65d40000 r--p 00000000 08:11 5957612                    /anaconda/envs/azureml_py38/lib/python3.10/lib-dynload/_sqlite3.cpython-310-x86_64-linux-gnu.so
798d65d40000-798d65d4d000 r-xp 00007000 08:11 5957612                    /anaconda/envs/azureml_py38/lib/python3.10/lib-dynload/_sqlite3.cpython-310-x86_64-linux-gnu.so
798d65d4d000-798d65d52000 r--p 00014000 08:11 5957612                    /anaconda/envs/azureml_py38/lib/python3.10/lib-dynload/_sqlite3.cpython-310-x86_64-linux-gnu.so
798d65d52000-798d65d53000 ---p 00019000 08:11 5957612                    /anaconda/envs/azureml_py38/lib/python3.10/lib-dynload/_sqlite3.cpython-310-x86_64-linux-gnu.so
798d65d53000-798d65d54000 r--p 00019000 08:11 5957612                    /anaconda/envs/azureml_py38/lib/python3.10/lib-dynload/_sqlite3.cpython-310-x86_64-linux-gnu.so
798d65d54000-798d65d56000 rw-p 0001a000 08:11 5957612                    /anaconda/envs/azureml_py38/lib/python3.10/lib-dynload/_sqlite3.cpython-310-x86_64-linux-gnu.so
798d65d56000-798d66056000 rw-p 00000000 00:00 0 
798d66056000-798d66057000 r--p 00000000 00:00 0 
798d66057000-798d66064000 r--p 00000000 08:11 5434540                    /anaconda/envs/azureml_py38/lib/python3.10/site-packages/charset_normalizer/md__mypyc.cpython-310-x86_64-linux-gnu.so
798d66064000-798d66082000 r-xp 0000d000 08:11 5434540                    /anaconda/envs/azureml_py38/lib/python3.10/site-packages/charset_normalizer/md__mypyc.cpython-310-x86_64-linux-gnu.so
798d66082000-798d6608b000 r--p 0002b000 08:11 5434540                    /anaconda/envs/azureml_py38/lib/python3.10/site-packages/charset_normalizer/md__mypyc.cpython-310-x86_64-linux-gnu.so
798d6608b000-798d6608c000 ---p 00034000 08:11 5434540                    /anaconda/envs/azureml_py38/lib/python3.10/site-packages/charset_normalizer/md__mypyc.cpython-310-x86_64-linux-gnu.so
798d6608c000-798d6608d000 r--p 00034000 08:11 5434540                    /anaconda/envs/azureml_py38/lib/python3.10/site-packages/charset_normalizer/md__mypyc.cpython-310-x86_64-linux-gnu.so
798d6608d000-798d66091000 rw-p 00035000 08:11 5434540                    /anaconda/envs/azureml_py38/lib/python3.10/site-packages/charset_normalizer/md__mypyc.cpython-310-x86_64-linux-gnu.so
798d66091000-798d66092000 rw-p 00000000 00:00 0 
798d66092000-798d66093000 r--p 00000000 08:11 5434544                    /anaconda/envs/azureml_py38/lib/python3.10/site-packages/charset_normalizer/md.cpython-310-x86_64-linux-gnu.so
798d66093000-798d66094000 r-xp 00001000 08:11 5434544                    /anaconda/envs/azureml_py38/lib/python3.10/site-packages/charset_normalizer/md.cpython-310-x86_64-linux-gnu.so
798d66094000-798d66095000 r--p 00002000 08:11 5434544                    /anaconda/envs/azureml_py38/lib/python3.10/site-packages/charset_normalizer/md.cpython-310-x86_64-linux-gnu.so
798d66095000-798d66096000 r--p 00002000 08:11 5434544                    /anaconda/envs/azureml_py38/lib/python3.10/site-packages/charset_normalizer/md.cpython-310-x86_64-linux-gnu.so
798d66096000-798d66097000 rw-p 00003000 08:11 5434544                    /anaconda/envs/azureml_py38/lib/python3.10/site-packages/charset_normalizer/md.cpython-310-x86_64-linux-gnu.so
798d66097000-798d66197000 rw-p 00000000 00:00 0 
798d66197000-798d6619a000 r--p 00000000 08:11 5957585                    /anaconda/envs/azureml_py38/lib/python3.10/lib-dynload/_csv.cpython-310-x86_64-linux-gnu.so
798d6619a000-798d6619f000 r-xp 00003000 08:11 5957585                    /anaconda/envs/azureml_py38/lib/python3.10/lib-dynload/_csv.cpython-310-x86_64-linux-gnu.so
798d6619f000-798d661a2000 r--p 00008000 08:11 5957585                    /anaconda/envs/azureml_py38/lib/python3.10/lib-dynload/_csv.cpython-310-x86_64-linux-gnu.so
798d661a2000-798d661a3000 r--p 0000a000 08:11 5957585                    /anaconda/envs/azureml_py38/lib/python3.10/lib-dynload/_csv.cpython-310-x86_64-linux-gnu.so
798d661a3000-798d661a4000 rw-p 0000b000 08:11 5957585                    /anaconda/envs/azureml_py38/lib/python3.10/lib-dynload/_csv.cpython-310-x86_64-linux-gnu.so
798d661a4000-798d665a4000 rw-p 00000000 00:00 0 
798d665a4000-798d665a6000 r--p 00000000 08:11 4937019                    /anaconda/envs/azureml_py38/lib/libuuid.so.1.3.0
798d665a6000-798d665aa000 r-xp 00002000 08:11 4937019                    /anaconda/envs/azureml_py38/lib/libuuid.so.1.3.0
798d665aa000-798d665ab000 r--p 00006000 08:11 4937019                    /anaconda/envs/azureml_py38/lib/libuuid.so.1.3.0
798d665ab000-798d665ac000 r--p 00006000 08:11 4937019                    /anaconda/envs/azureml_py38/lib/libuuid.so.1.3.0
798d665ac000-798d665ad000 rw-p 00007000 08:11 4937019                    /anaconda/envs/azureml_py38/lib/libuuid.so.1.3.0
798d665ad000-798d665ae000 r--p 00000000 08:11 5957546                    /anaconda/envs/azureml_py38/lib/python3.10/lib-dynload/_uuid.cpython-310-x86_64-linux-gnu.so
798d665ae000-798d665af000 r-xp 00001000 08:11 5957546                    /anaconda/envs/azureml_py38/lib/python3.10/lib-dynload/_uuid.cpython-310-x86_64-linux-gnu.so
798d665af000-798d665b0000 r--p 00002000 08:11 5957546                    /anaconda/envs/azureml_py38/lib/python3.10/lib-dynload/_uuid.cpython-310-x86_64-linux-gnu.so
798d665b0000-798d665b1000 r--p 00002000 08:11 5957546                    /anaconda/envs/azureml_py38/lib/python3.10/lib-dynload/_uuid.cpython-310-x86_64-linux-gnu.so
798d665b1000-798d665b2000 rw-p 00003000 08:11 5957546                    /anaconda/envs/azureml_py38/lib/python3.10/lib-dynload/_uuid.cpython-310-x86_64-linux-gnu.so
798d665b2000-798d666b2000 rw-p 00000000 00:00 0 
798d666b2000-798d666b6000 r--p 00000000 08:11 4913178                    /anaconda/envs/azureml_py38/lib/liblzma.so.5.6.4
798d666b6000-798d666d4000 r-xp 00004000 08:11 4913178                    /anaconda/envs/azureml_py38/lib/liblzma.so.5.6.4
798d666d4000-798d666e0000 r--p 00022000 08:11 4913178                    /anaconda/envs/azureml_py38/lib/liblzma.so.5.6.4
798d666e0000-798d666e1000 r--p 0002e000 08:11 4913178                    /anaconda/envs/azureml_py38/lib/liblzma.so.5.6.4
798d666e1000-798d666e2000 rw-p 0002f000 08:11 4913178                    /anaconda/envs/azureml_py38/lib/liblzma.so.5.6.4
798d666e2000-798d666e5000 r--p 00000000 08:11 5957587                    /anaconda/envs/azureml_py38/lib/python3.10/lib-dynload/_lzma.cpython-310-x86_64-linux-gnu.so
798d666e5000-798d666e9000 r-xp 00003000 08:11 5957587                    /anaconda/envs/azureml_py38/lib/python3.10/lib-dynload/_lzma.cpython-310-x86_64-linux-gnu.so
798d666e9000-798d666ec000 r--p 00007000 08:11 5957587                    /anaconda/envs/azureml_py38/lib/python3.10/lib-dynload/_lzma.cpython-310-x86_64-linux-gnu.so
798d666ec000-798d666ed000 r--p 00009000 08:11 5957587                    /anaconda/envs/azureml_py38/lib/python3.10/lib-dynload/_lzma.cpython-310-x86_64-linux-gnu.so
798d666ed000-798d666ee000 rw-p 0000a000 08:11 5957587                    /anaconda/envs/azureml_py38/lib/python3.10/lib-dynload/_lzma.cpython-310-x86_64-linux-gnu.so
798d666ee000-798d666f0000 r--p 00000000 08:11 4918307                    /anaconda/envs/azureml_py38/lib/libbz2.so.1.0.8
798d666f0000-798d666fe000 r-xp 00002000 08:11 4918307                    /anaconda/envs/azureml_py38/lib/libbz2.so.1.0.8
798d666fe000-798d66700000 r--p 00010000 08:11 4918307                    /anaconda/envs/azureml_py38/lib/libbz2.so.1.0.8
798d66700000-798d66701000 r--p 00011000 08:11 4918307                    /anaconda/envs/azureml_py38/lib/libbz2.so.1.0.8
798d66701000-798d66702000 rw-p 00012000 08:11 4918307                    /anaconda/envs/azureml_py38/lib/libbz2.so.1.0.8
798d66702000-798d66704000 r--p 00000000 08:11 5957574                    /anaconda/envs/azureml_py38/lib/python3.10/lib-dynload/_bz2.cpython-310-x86_64-linux-gnu.so
798d66704000-798d66706000 r-xp 00002000 08:11 5957574                    /anaconda/envs/azureml_py38/lib/python3.10/lib-dynload/_bz2.cpython-310-x86_64-linux-gnu.so
798d66706000-798d66708000 r--p 00004000 08:11 5957574                    /anaconda/envs/azureml_py38/lib/python3.10/lib-dynload/_bz2.cpython-310-x86_64-linux-gnu.so
798d66708000-798d66709000 r--p 00005000 08:11 5957574                    /anaconda/envs/azureml_py38/lib/python3.10/lib-dynload/_bz2.cpython-310-x86_64-linux-gnu.so
798d66709000-798d6670a000 rw-p 00006000 08:11 5957574                    /anaconda/envs/azureml_py38/lib/python3.10/lib-dynload/_bz2.cpython-310-x86_64-linux-gnu.so
798d6670a000-798d6670d000 r--p 00000000 08:11 5957567                    /anaconda/envs/azureml_py38/lib/python3.10/lib-dynload/termios.cpython-310-x86_64-linux-gnu.so
798d6670d000-798d6670e000 r-xp 00003000 08:11 5957567                    /anaconda/envs/azureml_py38/lib/python3.10/lib-dynload/termios.cpython-310-x86_64-linux-gnu.so
798d6670e000-798d66710000 r--p 00004000 08:11 5957567                    /anaconda/envs/azureml_py38/lib/python3.10/lib-dynload/termios.cpython-310-x86_64-linux-gnu.so
798d66710000-798d66711000 r--p 00005000 08:11 5957567                    /anaconda/envs/azureml_py38/lib/python3.10/lib-dynload/termios.cpython-310-x86_64-linux-gnu.so
798d66711000-798d66713000 rw-p 00006000 08:11 5957567                    /anaconda/envs/azureml_py38/lib/python3.10/lib-dynload/termios.cpython-310-x86_64-linux-gnu.so
798d66713000-798d6671a000 r--p 00000000 08:11 5957619                    /anaconda/envs/azureml_py38/lib/python3.10/lib-dynload/_decimal.cpython-310-x86_64-linux-gnu.so
798d6671a000-798d6674b000 r-xp 00007000 08:11 5957619                    /anaconda/envs/azureml_py38/lib/python3.10/lib-dynload/_decimal.cpython-310-x86_64-linux-gnu.so
798d6674b000-798d6675b000 r--p 00038000 08:11 5957619                    /anaconda/envs/azureml_py38/lib/python3.10/lib-dynload/_decimal.cpython-310-x86_64-linux-gnu.so
798d6675b000-798d6675c000 ---p 00048000 08:11 5957619                    /anaconda/envs/azureml_py38/lib/python3.10/lib-dynload/_decimal.cpython-310-x86_64-linux-gnu.so
798d6675c000-798d6675d000 r--p 00048000 08:11 5957619                    /anaconda/envs/azureml_py38/lib/python3.10/lib-dynload/_decimal.cpython-310-x86_64-linux-gnu.so
798d6675d000-798d66760000 rw-p 00049000 08:11 5957619                    /anaconda/envs/azureml_py38/lib/python3.10/lib-dynload/_decimal.cpython-310-x86_64-linux-gnu.so
798d66760000-798d66860000 rw-p 00000000 00:00 0 
798d66860000-798d66871000 r--p 00000000 08:11 5946729                    /anaconda/envs/azureml_py38/lib/libtinfow.so.6.5
798d66871000-798d6688e000 r-xp 00011000 08:11 5946729                    /anaconda/envs/azureml_py38/lib/libtinfow.so.6.5
798d6688e000-798d6689f000 r--p 0002e000 08:11 5946729                    /anaconda/envs/azureml_py38/lib/libtinfow.so.6.5
798d6689f000-798d668a3000 r--p 0003f000 08:11 5946729                    /anaconda/envs/azureml_py38/lib/libtinfow.so.6.5
798d668a3000-798d668a4000 rw-p 00043000 08:11 5946729                    /anaconda/envs/azureml_py38/lib/libtinfow.so.6.5
798d668a4000-798d668b0000 r--p 00000000 08:11 5945912                    /anaconda/envs/azureml_py38/lib/libncursesw.so.6.5
798d668b0000-798d668d5000 r-xp 0000c000 08:11 5945912                    /anaconda/envs/azureml_py38/lib/libncursesw.so.6.5
798d668d5000-798d668dd000 r--p 00031000 08:11 5945912                    /anaconda/envs/azureml_py38/lib/libncursesw.so.6.5
798d668dd000-798d668de000 r--p 00039000 08:11 5945912                    /anaconda/envs/azureml_py38/lib/libncursesw.so.6.5
798d668de000-798d668df000 rw-p 0003a000 08:11 5945912                    /anaconda/envs/azureml_py38/lib/libncursesw.so.6.5
798d668df000-798d668e7000 r--p 00000000 08:11 5957611                    /anaconda/envs/azureml_py38/lib/python3.10/lib-dynload/_curses.cpython-310-x86_64-linux-gnu.so
798d668e7000-798d668f4000 r-xp 00008000 08:11 5957611                    /anaconda/envs/azureml_py38/lib/python3.10/lib-dynload/_curses.cpython-310-x86_64-linux-gnu.so
798d668f4000-798d668ff000 r--p 00015000 08:11 5957611                    /anaconda/envs/azureml_py38/lib/python3.10/lib-dynload/_curses.cpython-310-x86_64-linux-gnu.so
798d668ff000-798d66900000 r--p 0001f000 08:11 5957611                    /anaconda/envs/azureml_py38/lib/python3.10/lib-dynload/_curses.cpython-310-x86_64-linux-gnu.so
798d66900000-798d66902000 rw-p 00020000 08:11 5957611                    /anaconda/envs/azureml_py38/lib/python3.10/lib-dynload/_curses.cpython-310-x86_64-linux-gnu.so
798d66902000-798d66a02000 rw-p 00000000 00:00 0 
798d66a02000-798d66a05000 r--p 00000000 08:11 4936390                    /anaconda/envs/azureml_py38/lib/libffi.so.8.1.2
798d66a05000-798d66a0f000 r-xp 00003000 08:11 4936390                    /anaconda/envs/azureml_py38/lib/libffi.so.8.1.2
798d66a0f000-798d66a11000 r--p 0000d000 08:11 4936390                    /anaconda/envs/azureml_py38/lib/libffi.so.8.1.2
798d66a11000-798d66a12000 r--p 0000e000 08:11 4936390                    /anaconda/envs/azureml_py38/lib/libffi.so.8.1.2
798d66a12000-798d66a13000 rw-p 0000f000 08:11 4936390                    /anaconda/envs/azureml_py38/lib/libffi.so.8.1.2
798d66a13000-798d66a1a000 r--p 00000000 08:11 5957615                    /anaconda/envs/azureml_py38/lib/python3.10/lib-dynload/_ctypes.cpython-310-x86_64-linux-gnu.so
798d66a1a000-798d66a28000 r-xp 00007000 08:11 5957615                    /anaconda/envs/azureml_py38/lib/python3.10/lib-dynload/_ctypes.cpython-310-x86_64-linux-gnu.so
798d66a28000-798d66a2e000 r--p 00015000 08:11 5957615                    /anaconda/envs/azureml_py38/lib/python3.10/lib-dynload/_ctypes.cpython-310-x86_64-linux-gnu.so
798d66a2e000-798d66a2f000 r--p 0001a000 08:11 5957615                    /anaconda/envs/azureml_py38/lib/python3.10/lib-dynload/_ctypes.cpython-310-x86_64-linux-gnu.so
798d66a2f000-798d66a33000 rw-p 0001b000 08:11 5957615                    /anaconda/envs/azureml_py38/lib/python3.10/lib-dynload/_ctypes.cpython-310-x86_64-linux-gnu.so
798d66a33000-798d66a34000 r--p 00000000 08:11 5987395                    /anaconda/envs/azureml_py38/lib/python3.10/site-packages/tornado/speedups.abi3.so
798d66a34000-798d66a35000 r-xp 00001000 08:11 5987395                    /anaconda/envs/azureml_py38/lib/python3.10/site-packages/tornado/speedups.abi3.so
798d66a35000-798d66a36000 r--p 00002000 08:11 5987395                    /anaconda/envs/azureml_py38/lib/python3.10/site-packages/tornado/speedups.abi3.so
798d66a36000-798d66a37000 r--p 00002000 08:11 5987395                    /anaconda/envs/azureml_py38/lib/python3.10/site-packages/tornado/speedups.abi3.so
798d66a37000-798d66a38000 rw-p 00003000 08:11 5987395                    /anaconda/envs/azureml_py38/lib/python3.10/site-packages/tornado/speedups.abi3.so
798d66a38000-798d66a3b000 r--p 00000000 08:11 5957584                    /anaconda/envs/azureml_py38/lib/python3.10/lib-dynload/zlib.cpython-310-x86_64-linux-gnu.so
798d66a3b000-798d66a3f000 r-xp 00003000 08:11 5957584                    /anaconda/envs/azureml_py38/lib/python3.10/lib-dynload/zlib.cpython-310-x86_64-linux-gnu.so
798d66a3f000-798d66a42000 r--p 00007000 08:11 5957584                    /anaconda/envs/azureml_py38/lib/python3.10/lib-dynload/zlib.cpython-310-x86_64-linux-gnu.so
798d66a42000-798d66a43000 r--p 00009000 08:11 5957584                    /anaconda/envs/azureml_py38/lib/python3.10/lib-dynload/zlib.cpython-310-x86_64-linux-gnu.so
798d66a43000-798d66a44000 rw-p 0000a000 08:11 5957584                    /anaconda/envs/azureml_py38/lib/python3.10/lib-dynload/zlib.cpython-310-x86_64-linux-gnu.so
798d66a44000-798d66a49000 r--p 00000000 08:11 5957616                    /anaconda/envs/azureml_py38/lib/python3.10/lib-dynload/_datetime.cpython-310-x86_64-linux-gnu.so
798d66a49000-798d66a5a000 r-xp 00005000 08:11 5957616                    /anaconda/envs/azureml_py38/lib/python3.10/lib-dynload/_datetime.cpython-310-x86_64-linux-gnu.so
798d66a5a000-798d66a60000 r--p 00016000 08:11 5957616                    /anaconda/envs/azureml_py38/lib/python3.10/lib-dynload/_datetime.cpython-310-x86_64-linux-gnu.so
798d66a60000-798d66a61000 r--p 0001b000 08:11 5957616                    /anaconda/envs/azureml_py38/lib/python3.10/lib-dynload/_datetime.cpython-310-x86_64-linux-gnu.so
798d66a61000-798d66a63000 rw-p 0001c000 08:11 5957616                    /anaconda/envs/azureml_py38/lib/python3.10/lib-dynload/_datetime.cpython-310-x86_64-linux-gnu.so
798d66a63000-798d66a65000 r--p 00000000 08:11 5957604                    /anaconda/envs/azureml_py38/lib/python3.10/lib-dynload/_blake2.cpython-310-x86_64-linux-gnu.so
798d66a65000-798d66a6d000 r-xp 00002000 08:11 5957604                    /anaconda/envs/azureml_py38/lib/python3.10/lib-dynload/_blake2.cpython-310-x86_64-linux-gnu.so
798d66a6d000-798d66a6f000 r--p 0000a000 08:11 5957604                    /anaconda/envs/azureml_py38/lib/python3.10/lib-dynload/_blake2.cpython-310-x86_64-linux-gnu.so
798d66a6f000-798d66a70000 r--p 0000b000 08:11 5957604                    /anaconda/envs/azureml_py38/lib/python3.10/lib-dynload/_blake2.cpython-310-x86_64-linux-gnu.so
798d66a70000-798d66a71000 rw-p 0000c000 08:11 5957604                    /anaconda/envs/azureml_py38/lib/python3.10/lib-dynload/_blake2.cpython-310-x86_64-linux-gnu.so
798d66a71000-798d66b71000 rw-p 00000000 00:00 0 
798d66b71000-798d66b75000 r--p 00000000 08:11 5957598                    /anaconda/envs/azureml_py38/lib/python3.10/lib-dynload/_hashlib.cpython-310-x86_64-linux-gnu.so
798d66b75000-798d66b7b000 r-xp 00004000 08:11 5957598                    /anaconda/envs/azureml_py38/lib/python3.10/lib-dynload/_hashlib.cpython-310-x86_64-linux-gnu.so
798d66b7b000-798d66b7f000 r--p 0000a000 08:11 5957598                    /anaconda/envs/azureml_py38/lib/python3.10/lib-dynload/_hashlib.cpython-310-x86_64-linux-gnu.so
798d66b7f000-798d66b80000 ---p 0000e000 08:11 5957598                    /anaconda/envs/azureml_py38/lib/python3.10/lib-dynload/_hashlib.cpython-310-x86_64-linux-gnu.so
798d66b80000-798d66b81000 r--p 0000e000 08:11 5957598                    /anaconda/envs/azureml_py38/lib/python3.10/lib-dynload/_hashlib.cpython-310-x86_64-linux-gnu.so
798d66b81000-798d66b82000 rw-p 0000f000 08:11 5957598                    /anaconda/envs/azureml_py38/lib/python3.10/lib-dynload/_hashlib.cpython-310-x86_64-linux-gnu.so
798d66b82000-798d66b84000 r--p 00000000 08:11 5957578                    /anaconda/envs/azureml_py38/lib/python3.10/lib-dynload/_sha512.cpython-310-x86_64-linux-gnu.so
798d66b84000-798d66b89000 r-xp 00002000 08:11 5957578                    /anaconda/envs/azureml_py38/lib/python3.10/lib-dynload/_sha512.cpython-310-x86_64-linux-gnu.so
798d66b89000-798d66b8a000 r--p 00007000 08:11 5957578                    /anaconda/envs/azureml_py38/lib/python3.10/lib-dynload/_sha512.cpython-310-x86_64-linux-gnu.so
798d66b8a000-798d66b8b000 r--p 00007000 08:11 5957578                    /anaconda/envs/azureml_py38/lib/python3.10/lib-dynload/_sha512.cpython-310-x86_64-linux-gnu.so
798d66b8b000-798d66b8c000 rw-p 00008000 08:11 5957578                    /anaconda/envs/azureml_py38/lib/python3.10/lib-dynload/_sha512.cpython-310-x86_64-linux-gnu.so
798d66b8c000-798d66b91000 r--p 00000000 08:11 5957614                    /anaconda/envs/azureml_py38/lib/python3.10/lib-dynload/_pickle.cpython-310-x86_64-linux-gnu.so
798d66b91000-798d66ba3000 r-xp 00005000 08:11 5957614                    /anaconda/envs/azureml_py38/lib/python3.10/lib-dynload/_pickle.cpython-310-x86_64-linux-gnu.so
798d66ba3000-798d66ba9000 r--p 00017000 08:11 5957614                    /anaconda/envs/azureml_py38/lib/python3.10/lib-dynload/_pickle.cpython-310-x86_64-linux-gnu.so
798d66ba9000-798d66baa000 ---p 0001d000 08:11 5957614                    /anaconda/envs/azureml_py38/lib/python3.10/lib-dynload/_pickle.cpython-310-x86_64-linux-gnu.so
798d66baa000-798d66bab000 r--p 0001d000 08:11 5957614                    /anaconda/envs/azureml_py38/lib/python3.10/lib-dynload/_pickle.cpython-310-x86_64-linux-gnu.so
798d66bab000-798d66bad000 rw-p 0001e000 08:11 5957614                    /anaconda/envs/azureml_py38/lib/python3.10/lib-dynload/_pickle.cpython-310-x86_64-linux-gnu.so
798d66bad000-798d66bb0000 r--p 00000000 08:11 5038                       /usr/lib/x86_64-linux-gnu/libresolv.so.2
798d66bb0000-798d66bba000 r-xp 00003000 08:11 5038                       /usr/lib/x86_64-linux-gnu/libresolv.so.2
798d66bba000-798d66bbd000 r--p 0000d000 08:11 5038                       /usr/lib/x86_64-linux-gnu/libresolv.so.2
798d66bbd000-798d66bbe000 r--p 0000f000 08:11 5038                       /usr/lib/x86_64-linux-gnu/libresolv.so.2
798d66bbe000-798d66bbf000 rw-p 00010000 08:11 5038                       /usr/lib/x86_64-linux-gnu/libresolv.so.2
798d66bbf000-798d66bc1000 rw-p 00000000 00:00 0 
798d66bc1000-798d66bc5000 r--p 00000000 08:11 5981036                    /anaconda/envs/azureml_py38/lib/libkrb5support.so.0.1
798d66bc5000-798d66bcb000 r-xp 00004000 08:11 5981036                    /anaconda/envs/azureml_py38/lib/libkrb5support.so.0.1
798d66bcb000-798d66bcd000 r--p 0000a000 08:11 5981036                    /anaconda/envs/azureml_py38/lib/libkrb5support.so.0.1
798d66bcd000-798d66bce000 ---p 0000c000 08:11 5981036                    /anaconda/envs/azureml_py38/lib/libkrb5support.so.0.1
798d66bce000-798d66bcf000 r--p 0000c000 08:11 5981036                    /anaconda/envs/azureml_py38/lib/libkrb5support.so.0.1
798d66bcf000-798d66bd0000 rw-p 0000d000 08:11 5981036                    /anaconda/envs/azureml_py38/lib/libkrb5support.so.0.1
798d66bd0000-798d66bd6000 r--p 00000000 08:11 5981038                    /anaconda/envs/azureml_py38/lib/libk5crypto.so.3.1
798d66bd6000-798d66be2000 r-xp 00006000 08:11 5981038                    /anaconda/envs/azureml_py38/lib/libk5crypto.so.3.1
798d66be2000-798d66be6000 r--p 00012000 08:11 5981038                    /anaconda/envs/azureml_py38/lib/libk5crypto.so.3.1
798d66be6000-798d66be8000 r--p 00015000 08:11 5981038                    /anaconda/envs/azureml_py38/lib/libk5crypto.so.3.1
798d66be8000-798d66be9000 rw-p 00017000 08:11 5981038                    /anaconda/envs/azureml_py38/lib/libk5crypto.so.3.1
798d66be9000-798d66c0d000 r--p 00000000 08:11 4940288                    /anaconda/envs/azureml_py38/lib/libkrb5.so.3.3
798d66c0d000-798d66c65000 r-xp 00024000 08:11 4940288                    /anaconda/envs/azureml_py38/lib/libkrb5.so.3.3
798d66c65000-798d66cac000 r--p 0007c000 08:11 4940288                    /anaconda/envs/azureml_py38/lib/libkrb5.so.3.3
798d66cac000-798d66cba000 r--p 000c2000 08:11 4940288                    /anaconda/envs/azureml_py38/lib/libkrb5.so.3.3
798d66cba000-798d66cbc000 rw-p 000d0000 08:11 4940288                    /anaconda/envs/azureml_py38/lib/libkrb5.so.3.3
798d66cbc000-798d66d6a000 r--p 00000000 08:11 5980888                    /anaconda/envs/azureml_py38/lib/libstdc++.so.6.0.34
798d66d6a000-798d66e0b000 r-xp 000ae000 08:11 5980888                    /anaconda/envs/azureml_py38/lib/libstdc++.so.6.0.34
798d66e0b000-798d66e93000 r--p 0014f000 08:11 5980888                    /anaconda/envs/azureml_py38/lib/libstdc++.so.6.0.34
798d66e93000-798d66ea1000 r--p 001d7000 08:11 5980888                    /anaconda/envs/azureml_py38/lib/libstdc++.so.6.0.34
798d66ea1000-798d66ea5000 rw-p 001e5000 08:11 5980888                    /anaconda/envs/azureml_py38/lib/libstdc++.so.6.0.34
798d66ea5000-798d66ea9000 rw-p 00000000 00:00 0 
798d66ea9000-798d66eb7000 r--p 00000000 08:11 4940284                    /anaconda/envs/azureml_py38/lib/libgssapi_krb5.so.2.2
798d66eb7000-798d66eec000 r-xp 0000e000 08:11 4940284                    /anaconda/envs/azureml_py38/lib/libgssapi_krb5.so.2.2
798d66eec000-798d66ef9000 r--p 00043000 08:11 4940284                    /anaconda/envs/azureml_py38/lib/libgssapi_krb5.so.2.2
798d66ef9000-798d66efa000 ---p 00050000 08:11 4940284                    /anaconda/envs/azureml_py38/lib/libgssapi_krb5.so.2.2
798d66efa000-798d66efc000 r--p 00050000 08:11 4940284                    /anaconda/envs/azureml_py38/lib/libgssapi_krb5.so.2.2
798d66efc000-798d66efd000 rw-p 00052000 08:11 4940284                    /anaconda/envs/azureml_py38/lib/libgssapi_krb5.so.2.2
798d66efd000-798d66f0c000 r--p 00000000 08:11 5989279                    /anaconda/envs/azureml_py38/lib/libsodium.so.26.2.0
798d66f0c000-798d66f4b000 r-xp 0000f000 08:11 5989279                    /anaconda/envs/azureml_py38/lib/libsodium.so.26.2.0
798d66f4b000-798d66f5d000 r--p 0004e000 08:11 5989279                    /anaconda/envs/azureml_py38/lib/libsodium.so.26.2.0
798d66f5d000-798d66f5e000 r--p 00060000 08:11 5989279                    /anaconda/envs/azureml_py38/lib/libsodium.so.26.2.0
798d66f5e000-798d66f5f000 rw-p 00061000 08:11 5989279                    /anaconda/envs/azureml_py38/lib/libsodium.so.26.2.0
798d66f5f000-798d66f76000 r--p 00000000 08:11 5988526                    /anaconda/envs/azureml_py38/lib/libzmq.so.5.2.5
798d66f76000-798d66fda000 r-xp 00017000 08:11 5988526                    /anaconda/envs/azureml_py38/lib/libzmq.so.5.2.5
798d66fda000-798d66ff7000 r--p 0007b000 08:11 5988526                    /anaconda/envs/azureml_py38/lib/libzmq.so.5.2.5
798d66ff7000-798d66fff000 r--p 00097000 08:11 5988526                    /anaconda/envs/azureml_py38/lib/libzmq.so.5.2.5
798d66fff000-798d67000000 rw-p 0009f000 08:11 5988526                    /anaconda/envs/azureml_py38/lib/libzmq.so.5.2.5
798d67000000-798d670ed000 r--p 00000000 08:11 5946893                    /anaconda/envs/azureml_py38/lib/libcrypto.so.3
798d670ed000-798d6743a000 r-xp 000ed000 08:11 5946893                    /anaconda/envs/azureml_py38/lib/libcrypto.so.3
798d6743a000-798d6756c000 r--p 0043a000 08:11 5946893                    /anaconda/envs/azureml_py38/lib/libcrypto.so.3
798d6756c000-798d675ec000 r--p 0056c000 08:11 5946893                    /anaconda/envs/azureml_py38/lib/libcrypto.so.3
798d675ec000-798d675ef000 rw-p 005ec000 08:11 5946893                    /anaconda/envs/azureml_py38/lib/libcrypto.so.3
798d675ef000-798d675f2000 rw-p 00000000 00:00 0 
798d675f2000-798d675f3000 r--p 00000000 08:11 6189                       /usr/lib/locale/C.utf8/LC_NUMERIC
798d675f3000-798d675f4000 r--p 00000000 08:11 6192                       /usr/lib/locale/C.utf8/LC_TIME
798d675f4000-798d675f5000 r--p 00000000 08:11 6183                       /usr/lib/locale/C.utf8/LC_COLLATE
798d675f5000-798d675f6000 r--p 00000000 08:11 6187                       /usr/lib/locale/C.utf8/LC_MONETARY
798d675f6000-798d675f8000 r--p 00000000 08:11 5981058                    /anaconda/envs/azureml_py38/lib/libcom_err.so.3.0
798d675f8000-798d675f9000 r-xp 00002000 08:11 5981058                    /anaconda/envs/azureml_py38/lib/libcom_err.so.3.0
798d675f9000-798d675fa000 r--p 00003000 08:11 5981058                    /anaconda/envs/azureml_py38/lib/libcom_err.so.3.0
798d675fa000-798d675fb000 r--p 00003000 08:11 5981058                    /anaconda/envs/azureml_py38/lib/libcom_err.so.3.0
798d675fb000-798d675fc000 rw-p 00004000 08:11 5981058                    /anaconda/envs/azureml_py38/lib/libcom_err.so.3.0
798d675fc000-798d67600000 r--p 00000000 08:11 4958203                    /anaconda/envs/azureml_py38/lib/libgcc_s.so.1
798d67600000-798d67615000 r-xp 00004000 08:11 4958203                    /anaconda/envs/azureml_py38/lib/libgcc_s.so.1
798d67615000-798d67619000 r--p 00019000 08:11 4958203                    /anaconda/envs/azureml_py38/lib/libgcc_s.so.1
798d67619000-798d6761a000 r--p 0001c000 08:11 4958203                    /anaconda/envs/azureml_py38/lib/libgcc_s.so.1
798d6761a000-798d6761b000 rw-p 0001d000 08:11 4958203                    /anaconda/envs/azureml_py38/lib/libgcc_s.so.1
798d6761b000-798d6761c000 r--p 00000000 08:11 5039                       /usr/lib/x86_64-linux-gnu/librt.so.1
798d6761c000-798d6761d000 r-xp 00001000 08:11 5039                       /usr/lib/x86_64-linux-gnu/librt.so.1
798d6761d000-798d6761e000 r--p 00002000 08:11 5039                       /usr/lib/x86_64-linux-gnu/librt.so.1
798d6761e000-798d6761f000 r--p 00002000 08:11 5039                       /usr/lib/x86_64-linux-gnu/librt.so.1
798d6761f000-798d67620000 rw-p 00003000 08:11 5039                       /usr/lib/x86_64-linux-gnu/librt.so.1
798d67620000-798d67621000 r--p 00000000 08:11 6181                       /usr/lib/locale/C.utf8/LC_MESSAGES/SYS_LC_MESSAGES
798d67621000-798d67622000 r--p 00000000 08:11 6190                       /usr/lib/locale/C.utf8/LC_PAPER
798d67622000-798d67624000 r--p 00000000 08:11 5957568                    /anaconda/envs/azureml_py38/lib/python3.10/lib-dynload/_random.cpython-310-x86_64-linux-gnu.so
798d67624000-798d67626000 r-xp 00002000 08:11 5957568                    /anaconda/envs/azureml_py38/lib/python3.10/lib-dynload/_random.cpython-310-x86_64-linux-gnu.so
798d67626000-798d67627000 r--p 00004000 08:11 5957568                    /anaconda/envs/azureml_py38/lib/python3.10/lib-dynload/_random.cpython-310-x86_64-linux-gnu.so
798d67627000-798d67628000 r--p 00004000 08:11 5957568                    /anaconda/envs/azureml_py38/lib/python3.10/lib-dynload/_random.cpython-310-x86_64-linux-gnu.so
798d67628000-798d67629000 rw-p 00005000 08:11 5957568                    /anaconda/envs/azureml_py38/lib/python3.10/lib-dynload/_random.cpython-310-x86_64-linux-gnu.so
798d67629000-798d6762b000 r--p 00000000 08:11 5957564                    /anaconda/envs/azureml_py38/lib/python3.10/lib-dynload/_bisect.cpython-310-x86_64-linux-gnu.so
798d6762b000-798d6762d000 r-xp 00002000 08:11 5957564                    /anaconda/envs/azureml_py38/lib/python3.10/lib-dynload/_bisect.cpython-310-x86_64-linux-gnu.so
798d6762d000-798d6762e000 r--p 00004000 08:11 5957564                    /anaconda/envs/azureml_py38/lib/python3.10/lib-dynload/_bisect.cpython-310-x86_64-linux-gnu.so
798d6762e000-798d6762f000 r--p 00004000 08:11 5957564                    /anaconda/envs/azureml_py38/lib/python3.10/lib-dynload/_bisect.cpython-310-x86_64-linux-gnu.so
798d6762f000-798d67630000 rw-p 00005000 08:11 5957564                    /anaconda/envs/azureml_py38/lib/python3.10/lib-dynload/_bisect.cpython-310-x86_64-linux-gnu.so
798d67630000-798d67639000 r--p 00000000 08:11 5988414                    /anaconda/envs/azureml_py38/lib/python3.10/site-packages/zmq/backend/cython/_zmq.cpython-310-x86_64-linux-gnu.so
798d67639000-798d67664000 r-xp 00009000 08:11 5988414                    /anaconda/envs/azureml_py38/lib/python3.10/site-packages/zmq/backend/cython/_zmq.cpython-310-x86_64-linux-gnu.so
798d67664000-798d6766e000 r--p 00034000 08:11 5988414                    /anaconda/envs/azureml_py38/lib/python3.10/site-packages/zmq/backend/cython/_zmq.cpython-310-x86_64-linux-gnu.so
798d6766e000-798d67670000 r--p 0003e000 08:11 5988414                    /anaconda/envs/azureml_py38/lib/python3.10/site-packages/zmq/backend/cython/_zmq.cpython-310-x86_64-linux-gnu.so
798d67670000-798d67672000 rw-p 00040000 08:11 5988414                    /anaconda/envs/azureml_py38/lib/python3.10/site-packages/zmq/backend/cython/_zmq.cpython-310-x86_64-linux-gnu.so
798d67672000-798d67673000 rw-p 00000000 00:00 0 
798d67673000-798d67675000 r--p 00000000 08:11 5957558                    /anaconda/envs/azureml_py38/lib/python3.10/lib-dynload/_queue.cpython-310-x86_64-linux-gnu.so
798d67675000-798d67676000 r-xp 00002000 08:11 5957558                    /anaconda/envs/azureml_py38/lib/python3.10/lib-dynload/_queue.cpython-310-x86_64-linux-gnu.so
798d67676000-798d67677000 r--p 00003000 08:11 5957558                    /anaconda/envs/azureml_py38/lib/python3.10/lib-dynload/_queue.cpython-310-x86_64-linux-gnu.so
798d67677000-798d67678000 r--p 00003000 08:11 5957558                    /anaconda/envs/azureml_py38/lib/python3.10/lib-dynload/_queue.cpython-310-x86_64-linux-gnu.so
798d67678000-798d67679000 rw-p 00004000 08:11 5957558                    /anaconda/envs/azureml_py38/lib/python3.10/lib-dynload/_queue.cpython-310-x86_64-linux-gnu.so
798d67679000-798d67779000 rw-p 00000000 00:00 0 
798d67779000-798d6777e000 r--p 00000000 08:11 5957601                    /anaconda/envs/azureml_py38/lib/python3.10/lib-dynload/_asyncio.cpython-310-x86_64-linux-gnu.so
798d6777e000-798d67783000 r-xp 00005000 08:11 5957601                    /anaconda/envs/azureml_py38/lib/python3.10/lib-dynload/_asyncio.cpython-310-x86_64-linux-gnu.so
798d67783000-798d67787000 r--p 0000a000 08:11 5957601                    /anaconda/envs/azureml_py38/lib/python3.10/lib-dynload/_asyncio.cpython-310-x86_64-linux-gnu.so
798d67787000-798d67788000 r--p 0000d000 08:11 5957601                    /anaconda/envs/azureml_py38/lib/python3.10/lib-dynload/_asyncio.cpython-310-x86_64-linux-gnu.so
798d67788000-798d6778a000 rw-p 0000e000 08:11 5957601                    /anaconda/envs/azureml_py38/lib/python3.10/lib-dynload/_asyncio.cpython-310-x86_64-linux-gnu.so
798d6778a000-798d6778d000 r--p 00000000 08:11 4936704                    /anaconda/envs/azureml_py38/lib/libz.so.1.2.13
798d6778d000-798d6779f000 r-xp 00003000 08:11 4936704                    /anaconda/envs/azureml_py38/lib/libz.so.1.2.13
798d6779f000-798d677a6000 r--p 00015000 08:11 4936704                    /anaconda/envs/azureml_py38/lib/libz.so.1.2.13
798d677a6000-798d677a7000 r--p 0001b000 08:11 4936704                    /anaconda/envs/azureml_py38/lib/libz.so.1.2.13
798d677a7000-798d677a8000 rw-p 0001c000 08:11 4936704                    /anaconda/envs/azureml_py38/lib/libz.so.1.2.13
798d677a8000-798d677ac000 r--p 00000000 08:11 5957600                    /anaconda/envs/azureml_py38/lib/python3.10/lib-dynload/_struct.cpython-310-x86_64-linux-gnu.so
798d677ac000-798d677b1000 r-xp 00004000 08:11 5957600                    /anaconda/envs/azureml_py38/lib/python3.10/lib-dynload/_struct.cpython-310-x86_64-linux-gnu.so
798d677b1000-798d677b5000 r--p 00009000 08:11 5957600                    /anaconda/envs/azureml_py38/lib/python3.10/lib-dynload/_struct.cpython-310-x86_64-linux-gnu.so
798d677b5000-798d677b6000 r--p 0000c000 08:11 5957600                    /anaconda/envs/azureml_py38/lib/python3.10/lib-dynload/_struct.cpython-310-x86_64-linux-gnu.so
798d677b6000-798d677b7000 rw-p 0000d000 08:11 5957600                    /anaconda/envs/azureml_py38/lib/python3.10/lib-dynload/_struct.cpython-310-x86_64-linux-gnu.so
798d677b7000-798d677db000 r--p 00000000 08:11 5946053                    /anaconda/envs/azureml_py38/lib/libssl.so.3
798d677db000-798d67874000 r-xp 00024000 08:11 5946053                    /anaconda/envs/azureml_py38/lib/libssl.so.3
798d67874000-798d678a4000 r--p 000bd000 08:11 5946053                    /anaconda/envs/azureml_py38/lib/libssl.so.3
798d678a4000-798d678ae000 r--p 000ed000 08:11 5946053                    /anaconda/envs/azureml_py38/lib/libssl.so.3
798d678ae000-798d678b2000 rw-p 000f7000 08:11 5946053                    /anaconda/envs/azureml_py38/lib/libssl.so.3
798d678b2000-798d678c5000 r--p 00000000 08:11 5957613                    /anaconda/envs/azureml_py38/lib/python3.10/lib-dynload/_ssl.cpython-310-x86_64-linux-gnu.so
798d678c5000-798d678cf000 r-xp 00013000 08:11 5957613                    /anaconda/envs/azureml_py38/lib/python3.10/lib-dynload/_ssl.cpython-310-x86_64-linux-gnu.so
798d678cf000-798d678dd000 r--p 0001d000 08:11 5957613                    /anaconda/envs/azureml_py38/lib/python3.10/lib-dynload/_ssl.cpython-310-x86_64-linux-gnu.so
798d678dd000-798d678de000 ---p 0002b000 08:11 5957613                    /anaconda/envs/azureml_py38/lib/python3.10/lib-dynload/_ssl.cpython-310-x86_64-linux-gnu.so
798d678de000-798d678df000 r--p 0002b000 08:11 5957613                    /anaconda/envs/azureml_py38/lib/python3.10/lib-dynload/_ssl.cpython-310-x86_64-linux-gnu.so
798d678df000-798d678e7000 rw-p 0002c000 08:11 5957613                    /anaconda/envs/azureml_py38/lib/python3.10/lib-dynload/_ssl.cpython-310-x86_64-linux-gnu.so
798d678e7000-798d679e7000 rw-p 00000000 00:00 0 
798d679e7000-798d679ec000 r--p 00000000 08:11 5957606                    /anaconda/envs/azureml_py38/lib/python3.10/lib-dynload/_socket.cpython-310-x86_64-linux-gnu.so
798d679ec000-798d679f5000 r-xp 00005000 08:11 5957606                    /anaconda/envs/azureml_py38/lib/python3.10/lib-dynload/_socket.cpython-310-x86_64-linux-gnu.so
798d679f5000-798d679fd000 r--p 0000e000 08:11 5957606                    /anaconda/envs/azureml_py38/lib/python3.10/lib-dynload/_socket.cpython-310-x86_64-linux-gnu.so
798d679fd000-798d679fe000 ---p 00016000 08:11 5957606                    /anaconda/envs/azureml_py38/lib/python3.10/lib-dynload/_socket.cpython-310-x86_64-linux-gnu.so
798d679fe000-798d679ff000 r--p 00016000 08:11 5957606                    /anaconda/envs/azureml_py38/lib/python3.10/lib-dynload/_socket.cpython-310-x86_64-linux-gnu.so
798d679ff000-798d67a00000 rw-p 00017000 08:11 5957606                    /anaconda/envs/azureml_py38/lib/python3.10/lib-dynload/_socket.cpython-310-x86_64-linux-gnu.so
798d67a00000-798d67e00000 rw-p 00000000 00:00 0 
798d67e00000-798d680e9000 r--p 00000000 08:11 6193                       /usr/lib/locale/locale-archive
798d680e9000-798d680ea000 r--p 00000000 08:11 5957547                    /anaconda/envs/azureml_py38/lib/python3.10/lib-dynload/_contextvars.cpython-310-x86_64-linux-gnu.so
798d680ea000-798d680eb000 r-xp 00001000 08:11 5957547                    /anaconda/envs/azureml_py38/lib/python3.10/lib-dynload/_contextvars.cpython-310-x86_64-linux-gnu.so
798d680eb000-798d680ec000 r--p 00002000 08:11 5957547                    /anaconda/envs/azureml_py38/lib/python3.10/lib-dynload/_contextvars.cpython-310-x86_64-linux-gnu.so
798d680ec000-798d680ed000 r--p 00002000 08:11 5957547                    /anaconda/envs/azureml_py38/lib/python3.10/lib-dynload/_contextvars.cpython-310-x86_64-linux-gnu.so
798d680ed000-798d680ee000 rw-p 00003000 08:11 5957547                    /anaconda/envs/azureml_py38/lib/python3.10/lib-dynload/_contextvars.cpython-310-x86_64-linux-gnu.so
798d680ee000-798d680f2000 r--p 00000000 08:11 5957602                    /anaconda/envs/azureml_py38/lib/python3.10/lib-dynload/array.cpython-310-x86_64-linux-gnu.so
798d680f2000-798d680f9000 r-xp 00004000 08:11 5957602                    /anaconda/envs/azureml_py38/lib/python3.10/lib-dynload/array.cpython-310-x86_64-linux-gnu.so
798d680f9000-798d680fd000 r--p 0000b000 08:11 5957602                    /anaconda/envs/azureml_py38/lib/python3.10/lib-dynload/array.cpython-310-x86_64-linux-gnu.so
798d680fd000-798d680fe000 ---p 0000f000 08:11 5957602                    /anaconda/envs/azureml_py38/lib/python3.10/lib-dynload/array.cpython-310-x86_64-linux-gnu.so
798d680fe000-798d680ff000 r--p 0000f000 08:11 5957602                    /anaconda/envs/azureml_py38/lib/python3.10/lib-dynload/array.cpython-310-x86_64-linux-gnu.so
798d680ff000-798d68100000 rw-p 00010000 08:11 5957602                    /anaconda/envs/azureml_py38/lib/python3.10/lib-dynload/array.cpython-310-x86_64-linux-gnu.so
798d68100000-798d68200000 rw-p 00000000 00:00 0 
798d68200000-798d68228000 r--p 00000000 08:11 5025                       /usr/lib/x86_64-linux-gnu/libc.so.6
798d68228000-798d683bd000 r-xp 00028000 08:11 5025                       /usr/lib/x86_64-linux-gnu/libc.so.6
798d683bd000-798d68415000 r--p 001bd000 08:11 5025                       /usr/lib/x86_64-linux-gnu/libc.so.6
798d68415000-798d68416000 ---p 00215000 08:11 5025                       /usr/lib/x86_64-linux-gnu/libc.so.6
798d68416000-798d6841a000 r--p 00215000 08:11 5025                       /usr/lib/x86_64-linux-gnu/libc.so.6
798d6841a000-798d6841c000 rw-p 00219000 08:11 5025                       /usr/lib/x86_64-linux-gnu/libc.so.6
798d6841c000-798d68429000 rw-p 00000000 00:00 0 
798d68429000-798d6842a000 r--p 00000000 08:11 6188                       /usr/lib/locale/C.utf8/LC_NAME
798d6842a000-798d6842c000 r--p 00000000 08:11 5957583                    /anaconda/envs/azureml_py38/lib/python3.10/lib-dynload/binascii.cpython-310-x86_64-linux-gnu.so
798d6842c000-798d68431000 r-xp 00002000 08:11 5957583                    /anaconda/envs/azureml_py38/lib/python3.10/lib-dynload/binascii.cpython-310-x86_64-linux-gnu.so
798d68431000-798d68433000 r--p 00007000 08:11 5957583                    /anaconda/envs/azureml_py38/lib/python3.10/lib-dynload/binascii.cpython-310-x86_64-linux-gnu.so
798d68433000-798d68434000 ---p 00009000 08:11 5957583                    /anaconda/envs/azureml_py38/lib/python3.10/lib-dynload/binascii.cpython-310-x86_64-linux-gnu.so
798d68434000-798d68435000 r--p 00009000 08:11 5957583                    /anaconda/envs/azureml_py38/lib/python3.10/lib-dynload/binascii.cpython-310-x86_64-linux-gnu.so
798d68435000-798d68436000 rw-p 0000a000 08:11 5957583                    /anaconda/envs/azureml_py38/lib/python3.10/lib-dynload/binascii.cpython-310-x86_64-linux-gnu.so
798d68436000-798d68439000 r--p 00000000 08:11 5957582                    /anaconda/envs/azureml_py38/lib/python3.10/lib-dynload/select.cpython-310-x86_64-linux-gnu.so
798d68439000-798d6843c000 r-xp 00003000 08:11 5957582                    /anaconda/envs/azureml_py38/lib/python3.10/lib-dynload/select.cpython-310-x86_64-linux-gnu.so
798d6843c000-798d6843e000 r--p 00006000 08:11 5957582                    /anaconda/envs/azureml_py38/lib/python3.10/lib-dynload/select.cpython-310-x86_64-linux-gnu.so
798d6843e000-798d6843f000 ---p 00008000 08:11 5957582                    /anaconda/envs/azureml_py38/lib/python3.10/lib-dynload/select.cpython-310-x86_64-linux-gnu.so
798d6843f000-798d68440000 r--p 00008000 08:11 5957582                    /anaconda/envs/azureml_py38/lib/python3.10/lib-dynload/select.cpython-310-x86_64-linux-gnu.so
798d68440000-798d68441000 rw-p 00009000 08:11 5957582                    /anaconda/envs/azureml_py38/lib/python3.10/lib-dynload/select.cpython-310-x86_64-linux-gnu.so
798d68441000-798d68443000 r--p 00000000 08:11 5957569                    /anaconda/envs/azureml_py38/lib/python3.10/lib-dynload/_posixsubprocess.cpython-310-x86_64-linux-gnu.so
798d68443000-798d68445000 r-xp 00002000 08:11 5957569                    /anaconda/envs/azureml_py38/lib/python3.10/lib-dynload/_posixsubprocess.cpython-310-x86_64-linux-gnu.so
798d68445000-798d68446000 r--p 00004000 08:11 5957569                    /anaconda/envs/azureml_py38/lib/python3.10/lib-dynload/_posixsubprocess.cpython-310-x86_64-linux-gnu.so
798d68446000-798d68447000 r--p 00004000 08:11 5957569                    /anaconda/envs/azureml_py38/lib/python3.10/lib-dynload/_posixsubprocess.cpython-310-x86_64-linux-gnu.so
798d68447000-798d68448000 rw-p 00005000 08:11 5957569                    /anaconda/envs/azureml_py38/lib/python3.10/lib-dynload/_posixsubprocess.cpython-310-x86_64-linux-gnu.so
798d68448000-798d6844b000 r--p 00000000 08:11 5957590                    /anaconda/envs/azureml_py38/lib/python3.10/lib-dynload/_json.cpython-310-x86_64-linux-gnu.so
798d6844b000-798d68451000 r-xp 00003000 08:11 5957590                    /anaconda/envs/azureml_py38/lib/python3.10/lib-dynload/_json.cpython-310-x86_64-linux-gnu.so
798d68451000-798d68453000 r--p 00009000 08:11 5957590                    /anaconda/envs/azureml_py38/lib/python3.10/lib-dynload/_json.cpython-310-x86_64-linux-gnu.so
798d68453000-798d68454000 r--p 0000a000 08:11 5957590                    /anaconda/envs/azureml_py38/lib/python3.10/lib-dynload/_json.cpython-310-x86_64-linux-gnu.so
798d68454000-798d68455000 rw-p 0000b000 08:11 5957590                    /anaconda/envs/azureml_py38/lib/python3.10/lib-dynload/_json.cpython-310-x86_64-linux-gnu.so
798d68455000-798d68456000 r--p 00000000 08:11 6182                       /usr/lib/locale/C.utf8/LC_ADDRESS
798d68456000-798d68457000 r--p 00000000 08:11 6191                       /usr/lib/locale/C.utf8/LC_TELEPHONE
798d68457000-798d68458000 ---p 00000000 00:00 0 
798d68458000-798d68459000 r--p 00000000 00:00 0 
798d68459000-798d6845a000 r--p 00000000 08:11 5957580                    /anaconda/envs/azureml_py38/lib/python3.10/lib-dynload/_heapq.cpython-310-x86_64-linux-gnu.so
798d6845a000-798d6845d000 r-xp 00001000 08:11 5957580                    /anaconda/envs/azureml_py38/lib/python3.10/lib-dynload/_heapq.cpython-310-x86_64-linux-gnu.so
798d6845d000-798d68460000 r--p 00004000 08:11 5957580                    /anaconda/envs/azureml_py38/lib/python3.10/lib-dynload/_heapq.cpython-310-x86_64-linux-gnu.so
798d68460000-798d68461000 r--p 00006000 08:11 5957580                    /anaconda/envs/azureml_py38/lib/python3.10/lib-dynload/_heapq.cpython-310-x86_64-linux-gnu.so
798d68461000-798d68462000 rw-p 00007000 08:11 5957580                    /anaconda/envs/azureml_py38/lib/python3.10/lib-dynload/_heapq.cpython-310-x86_64-linux-gnu.so
798d68462000-798d68463000 r--p 00000000 08:11 5957548                    /anaconda/envs/azureml_py38/lib/python3.10/lib-dynload/_opcode.cpython-310-x86_64-linux-gnu.so
798d68463000-798d68464000 r-xp 00001000 08:11 5957548                    /anaconda/envs/azureml_py38/lib/python3.10/lib-dynload/_opcode.cpython-310-x86_64-linux-gnu.so
798d68464000-798d68465000 r--p 00002000 08:11 5957548                    /anaconda/envs/azureml_py38/lib/python3.10/lib-dynload/_opcode.cpython-310-x86_64-linux-gnu.so
798d68465000-798d68466000 r--p 00002000 08:11 5957548                    /anaconda/envs/azureml_py38/lib/python3.10/lib-dynload/_opcode.cpython-310-x86_64-linux-gnu.so
798d68466000-798d68467000 rw-p 00003000 08:11 5957548                    /anaconda/envs/azureml_py38/lib/python3.10/lib-dynload/_opcode.cpython-310-x86_64-linux-gnu.so
798d68467000-798d6846b000 r--p 00000000 08:11 5957605                    /anaconda/envs/azureml_py38/lib/python3.10/lib-dynload/math.cpython-310-x86_64-linux-gnu.so
798d6846b000-798d68473000 r-xp 00004000 08:11 5957605                    /anaconda/envs/azureml_py38/lib/python3.10/lib-dynload/math.cpython-310-x86_64-linux-gnu.so
798d68473000-798d68477000 r--p 0000c000 08:11 5957605                    /anaconda/envs/azureml_py38/lib/python3.10/lib-dynload/math.cpython-310-x86_64-linux-gnu.so
798d68477000-798d68478000 ---p 00010000 08:11 5957605                    /anaconda/envs/azureml_py38/lib/python3.10/lib-dynload/math.cpython-310-x86_64-linux-gnu.so
798d68478000-798d68479000 r--p 00010000 08:11 5957605                    /anaconda/envs/azureml_py38/lib/python3.10/lib-dynload/math.cpython-310-x86_64-linux-gnu.so
798d68479000-798d6847a000 rw-p 00011000 08:11 5957605                    /anaconda/envs/azureml_py38/lib/python3.10/lib-dynload/math.cpython-310-x86_64-linux-gnu.so
798d6847a000-798d684d1000 r--p 00000000 08:11 6184                       /usr/lib/locale/C.utf8/LC_CTYPE
798d684d1000-798d684d6000 rw-p 00000000 00:00 0 
798d684d6000-798d684e4000 r--p 00000000 08:11 5028                       /usr/lib/x86_64-linux-gnu/libm.so.6
798d684e4000-798d68560000 r-xp 0000e000 08:11 5028                       /usr/lib/x86_64-linux-gnu/libm.so.6
798d68560000-798d685bb000 r--p 0008a000 08:11 5028                       /usr/lib/x86_64-linux-gnu/libm.so.6
798d685bb000-798d685bc000 r--p 000e4000 08:11 5028                       /usr/lib/x86_64-linux-gnu/libm.so.6
798d685bc000-798d685bd000 rw-p 000e5000 08:11 5028                       /usr/lib/x86_64-linux-gnu/libm.so.6
798d685bd000-798d685be000 r--p 00000000 08:11 5041                       /usr/lib/x86_64-linux-gnu/libutil.so.1
798d685be000-798d685bf000 r-xp 00001000 08:11 5041                       /usr/lib/x86_64-linux-gnu/libutil.so.1
798d685bf000-798d685c0000 r--p 00002000 08:11 5041                       /usr/lib/x86_64-linux-gnu/libutil.so.1
798d685c0000-798d685c1000 r--p 00002000 08:11 5041                       /usr/lib/x86_64-linux-gnu/libutil.so.1
798d685c1000-798d685c2000 rw-p 00003000 08:11 5041                       /usr/lib/x86_64-linux-gnu/libutil.so.1
798d685c2000-798d685c3000 r--p 00000000 08:11 5027                       /usr/lib/x86_64-linux-gnu/libdl.so.2
798d685c3000-798d685c4000 r-xp 00001000 08:11 5027                       /usr/lib/x86_64-linux-gnu/libdl.so.2
798d685c4000-798d685c5000 r--p 00002000 08:11 5027                       /usr/lib/x86_64-linux-gnu/libdl.so.2
798d685c5000-798d685c6000 r--p 00002000 08:11 5027                       /usr/lib/x86_64-linux-gnu/libdl.so.2
798d685c6000-798d685c7000 rw-p 00003000 08:11 5027                       /usr/lib/x86_64-linux-gnu/libdl.so.2
798d685c7000-798d685c8000 r--p 00000000 08:11 5037                       /usr/lib/x86_64-linux-gnu/libpthread.so.0
798d685c8000-798d685c9000 r-xp 00001000 08:11 5037                       /usr/lib/x86_64-linux-gnu/libpthread.so.0
798d685c9000-798d685ca000 r--p 00002000 08:11 5037                       /usr/lib/x86_64-linux-gnu/libpthread.so.0
798d685ca000-798d685cb000 r--p 00002000 08:11 5037                       /usr/lib/x86_64-linux-gnu/libpthread.so.0
798d685cb000-798d685cc000 rw-p 00003000 08:11 5037                       /usr/lib/x86_64-linux-gnu/libpthread.so.0
798d685cc000-798d685cd000 r--p 00000000 08:11 6186                       /usr/lib/locale/C.utf8/LC_MEASUREMENT
798d685cd000-798d685cf000 r--p 00000000 08:11 5957559                    /anaconda/envs/azureml_py38/lib/python3.10/lib-dynload/fcntl.cpython-310-x86_64-linux-gnu.so
798d685cf000-798d685d1000 r-xp 00002000 08:11 5957559                    /anaconda/envs/azureml_py38/lib/python3.10/lib-dynload/fcntl.cpython-310-x86_64-linux-gnu.so
798d685d1000-798d685d3000 r--p 00004000 08:11 5957559                    /anaconda/envs/azureml_py38/lib/python3.10/lib-dynload/fcntl.cpython-310-x86_64-linux-gnu.so
798d685d3000-798d685d4000 r--p 00005000 08:11 5957559                    /anaconda/envs/azureml_py38/lib/python3.10/lib-dynload/fcntl.cpython-310-x86_64-linux-gnu.so
798d685d4000-798d685d5000 rw-p 00006000 08:11 5957559                    /anaconda/envs/azureml_py38/lib/python3.10/lib-dynload/fcntl.cpython-310-x86_64-linux-gnu.so
798d685d5000-798d685dc000 r--s 00000000 08:11 3901                       /usr/lib/x86_64-linux-gnu/gconv/gconv-modules.cache
798d685dc000-798d685de000 rw-p 00000000 00:00 0 
798d685de000-798d685e0000 r--p 00000000 08:11 5019                       /usr/lib/x86_64-linux-gnu/ld-linux-x86-64.so.2
798d685e0000-798d6860a000 r-xp 00002000 08:11 5019                       /usr/lib/x86_64-linux-gnu/ld-linux-x86-64.so.2
798d6860a000-798d68615000 r--p 0002c000 08:11 5019                       /usr/lib/x86_64-linux-gnu/ld-linux-x86-64.so.2
798d68615000-798d68616000 r--p 00000000 08:11 6185                       /usr/lib/locale/C.utf8/LC_IDENTIFICATION
798d68616000-798d68618000 r--p 00037000 08:11 5019                       /usr/lib/x86_64-linux-gnu/ld-linux-x86-64.so.2
798d68618000-798d6861a000 rw-p 00039000 08:11 5019                       /usr/lib/x86_64-linux-gnu/ld-linux-x86-64.so.2
7ffe90eee000-7ffe90ef2000 ---p 00000000 00:00 0 
7ffe90ef2000-7ffe90fee000 rw-p 00000000 00:00 0                          [stack]
7ffe90ffa000-7ffe90ffe000 r--p 00000000 00:00 0                          [vvar]
7ffe90ffe000-7ffe91000000 r-xp 00000000 00:00 0                          [vdso]
ffffffffff600000-ffffffffff601000 --xp 00000000 00:00 0                  [vsyscall]


VM Arguments:
jvm_args: -Dfile.encoding=UTF8 -ea -Xmx1024m 
java_command: <unknown>
java_class_path (initial): /anaconda/envs/azureml_py38/lib/python3.10/site-packages/konlpy/java:/anaconda/envs/azureml_py38/lib/python3.10/site-packages/konlpy/java/bin:/anaconda/envs/azureml_py38/lib/python3.10/site-packages/konlpy/java/shineware-ds-1.0.jar:/anaconda/envs/azureml_py38/lib/python3.10/site-packages/konlpy/java/shineware-common-1.0.jar:/anaconda/envs/azureml_py38/lib/python3.10/site-packages/konlpy/java/scala-library-2.12.3.jar:/anaconda/envs/azureml_py38/lib/python3.10/site-packages/konlpy/java/kkma-2.0.jar:/anaconda/envs/azureml_py38/lib/python3.10/site-packages/konlpy/java/open-korean-text-2.1.0.jar:/anaconda/envs/azureml_py38/lib/python3.10/site-packages/konlpy/java/aho-corasick.jar:/anaconda/envs/azureml_py38/lib/python3.10/site-packages/konlpy/java/komoran-3.0.jar:/anaconda/envs/azureml_py38/lib/python3.10/site-packages/konlpy/java/jhannanum-0.8.4.jar:/anaconda/envs/azureml_py38/lib/python3.10/site-packages/konlpy/java/twitter-text-1.14.7.jar:/anaconda/envs/azureml_py38/lib/python3.10/site-packages/konlpy/java/snakeyaml-1.12.jar:/anaconda/envs/azureml_py38/lib/python3.10/site-packages/konlpy/java/jhannanum-0.8.4.jar:/anaconda/envs/azureml_py38/lib/python3.10/site-packages/konlpy/java/kkma-2.0.jar:/anaconda/envs/azureml_py38/lib/python3.10/site-packages/konlpy/java/aho-corasick.jar:/anaconda/envs/azureml_py38/lib/python3.10/site-packages/konlpy/java/shineware-common-1.0.jar:/anaconda/envs/azureml_py38/lib/python3.10/site-packages/konlpy/java/shineware-ds-1.0.jar:/anaconda/envs/azureml_py38/lib/python3.10/site-packages/konlpy/java/komoran-3.0.jar:/anaconda/envs/azureml_py38/lib/python3.10/site-packages/konlpy/java/snakeyaml-1.12.jar:/anaconda/envs/azureml_py38/lib/python3.10/site-packages/konlpy/java/scala-library-2.12.3.jar:/anaconda/envs/azureml_py38/lib/python3.10/site-packages/konlpy/java/open-korean-text-2.1.0.jar:/anaconda/envs/azureml_py38/lib/python3.10/site-packages/konlpy/java/twitter-text-1.14.7.jar:/anaconda/envs/azureml_py38/lib/pyt
Launcher Type: generic

[Global flags]
     intx CICompilerCount                          = 3                                         {product} {ergonomic}
     uint ConcGCThreads                            = 1                                         {product} {ergonomic}
     uint G1ConcRefinementThreads                  = 4                                         {product} {ergonomic}
   size_t G1HeapRegionSize                         = 1048576                                   {product} {ergonomic}
    uintx GCDrainStackTargetSize                   = 64                                        {product} {ergonomic}
   size_t InitialHeapSize                          = 526385152                                 {product} {ergonomic}
   size_t MarkStackSize                            = 4194304                                   {product} {ergonomic}
   size_t MaxHeapSize                              = 1073741824                                {product} {command line}
   size_t MaxNewSize                               = 643825664                                 {product} {ergonomic}
   size_t MinHeapDeltaBytes                        = 1048576                                   {product} {ergonomic}
    uintx NonNMethodCodeHeapSize                   = 5830732                                {pd product} {ergonomic}
    uintx NonProfiledCodeHeapSize                  = 122913754                              {pd product} {ergonomic}
    uintx ProfiledCodeHeapSize                     = 122913754                              {pd product} {ergonomic}
    uintx ReservedCodeCacheSize                    = 251658240                              {pd product} {ergonomic}
     bool SegmentedCodeCache                       = true                                      {product} {ergonomic}
     bool UseCompressedClassPointers               = true                                 {lp64_product} {ergonomic}
     bool UseCompressedOops                        = true                                 {lp64_product} {ergonomic}
     bool UseG1GC                                  = true                                      {product} {ergonomic}

Logging:
Log output configuration:
 #0: stdout all=warning uptime,level,tags
 #1: stderr all=off uptime,level,tags

Environment Variables:
PATH=/anaconda/envs/azureml_py38/bin/:/usr/local/sbin:/usr/local/bin:/usr/sbin:/usr/bin:/sbin:/bin:/usr/games:/usr/local/games:/snap/bin
SHELL=/bin/bash
LANG=C.UTF-8
TERM=xterm-color

Signal Handlers:
SIGSEGV: [libjvm.so+0xebbd40], sa_mask[0]=11111111011111111101111111111110, sa_flags=SA_RESTART|SA_SIGINFO
SIGBUS: [libjvm.so+0xebbd40], sa_mask[0]=11111111011111111101111111111110, sa_flags=SA_RESTART|SA_SIGINFO
SIGFPE: [libjvm.so+0xebbd40], sa_mask[0]=11111111011111111101111111111110, sa_flags=SA_RESTART|SA_SIGINFO
SIGPIPE: [libjvm.so+0xbfe040], sa_mask[0]=11111111011111111101111111111110, sa_flags=SA_RESTART|SA_SIGINFO
SIGXFSZ: [libjvm.so+0xbfe040], sa_mask[0]=11111111011111111101111111111110, sa_flags=SA_RESTART|SA_SIGINFO
SIGILL: [libjvm.so+0xebbd40], sa_mask[0]=11111111011111111101111111111110, sa_flags=SA_RESTART|SA_SIGINFO
SIGUSR2: [libjvm.so+0xbfdee0], sa_mask[0]=00000000000000000000000000000000, sa_flags=SA_RESTART|SA_SIGINFO
SIGHUP: [libjvm.so+0xbfe6a0], sa_mask[0]=11111111011111111101111111111110, sa_flags=SA_RESTART|SA_SIGINFO
SIGINT: SIG_IGN, sa_mask[0]=00000000000000000000000000000000, sa_flags=SA_ONSTACK
SIGTERM: [libjvm.so+0xbfe6a0], sa_mask[0]=11111111011111111101111111111110, sa_flags=SA_RESTART|SA_SIGINFO
SIGQUIT: [libjvm.so+0xbfe6a0], sa_mask[0]=11111111011111111101111111111110, sa_flags=SA_RESTART|SA_SIGINFO


---------------  S Y S T E M  ---------------

OS:DISTRIB_ID=Ubuntu
DISTRIB_RELEASE=22.04
DISTRIB_CODENAME=jammy
DISTRIB_DESCRIPTION="Ubuntu 22.04.5 LTS"
uname:Linux 6.8.0-1030-azure #35~22.04.1-Ubuntu SMP Mon May 26 18:08:30 UTC 2025 x86_64
OS uptime: 0 days 7:28 hours
libc:glibc 2.35 NPTL 2.35 
rlimit (soft/hard): STACK 8192k/infinity , CORE 0k/infinity , NPROC 128370/128370 , NOFILE 524288/524288 , AS infinity/infinity , CPU infinity/infinity , DATA infinity/infinity , FSIZE infinity/infinity , MEMLOCK 8192k/8192k
load average:1.13 1.14 1.09

/proc/meminfo:
MemTotal:       32870368 kB
MemFree:         2973364 kB
MemAvailable:   28861948 kB
Buffers:          630460 kB
Cached:         24632656 kB
SwapCached:           12 kB
Active:          4357996 kB
Inactive:       24037736 kB
Active(anon):    3142792 kB
Inactive(anon):      316 kB
Active(file):    1215204 kB
Inactive(file): 24037420 kB
Unevictable:       30888 kB
Mlocked:           27816 kB
SwapTotal:      32870364 kB
SwapFree:       32869840 kB
Zswap:                 0 kB
Zswapped:              0 kB
Dirty:              1328 kB
Writeback:           152 kB
AnonPages:       3057952 kB
Mapped:           562576 kB
Shmem:              4292 kB
KReclaimable:    1110208 kB
Slab:            1276728 kB
SReclaimable:    1110208 kB
SUnreclaim:       166520 kB
KernelStack:        4976 kB
PageTables:        13264 kB
SecPageTables:         0 kB
NFS_Unstable:          0 kB
Bounce:                0 kB
WritebackTmp:          0 kB
CommitLimit:    49305548 kB
Committed_AS:    6138264 kB
VmallocTotal:   34359738367 kB
VmallocUsed:       46680 kB
VmallocChunk:          0 kB
Percpu:             2848 kB
HardwareCorrupted:     0 kB
AnonHugePages:   1652736 kB
ShmemHugePages:        0 kB
ShmemPmdMapped:        0 kB
FileHugePages:         0 kB
FilePmdMapped:         0 kB
Unaccepted:            0 kB
HugePages_Total:       0
HugePages_Free:        0
HugePages_Rsvd:        0
HugePages_Surp:        0
Hugepagesize:       2048 kB
Hugetlb:               0 kB
DirectMap4k:      128960 kB
DirectMap2M:     4065280 kB
DirectMap1G:    31457280 kB

/sys/kernel/mm/transparent_hugepage/enabled:
[always] madvise never
/sys/kernel/mm/transparent_hugepage/defrag (defrag/compaction efforts parameter):
always defer defer+madvise [madvise] never

Process Memory:
Virtual Size: 5297552K (peak: 13291732K)
Resident Set Size: 615344K (peak: 714752K) (anon: 543216K, file: 72128K, shmem: 0K)
Swapped out: 0K
C-Heap outstanding allocations: 70805K, retained: 47870K
glibc malloc tunables: (default)

/proc/sys/kernel/threads-max (system-wide limit on the number of threads):
256740
/proc/sys/vm/max_map_count (maximum number of memory map areas a process may have):
65530
/proc/sys/kernel/pid_max (system-wide limit on number of process identifiers):
4194304

container (cgroup) information:
container_type: cgroupv2
cpu_cpuset_cpus: not supported
cpu_memory_nodes: not supported
active_processor_count: 4
cpu_quota: no quota
cpu_period: 100000
cpu_shares: no shares
memory_limit_in_bytes: unlimited
memory_and_swap_limit_in_bytes: unlimited
memory_soft_limit_in_bytes: unlimited
memory_usage_in_bytes: 3467000 k
memory_max_usage_in_bytes: not supported
memory_swap_current_in_bytes: unlimited
memory_swap_max_limit_in_bytes: unlimited
maximum number of tasks: 38511
current number of tasks: 104

Hyper-V virtualization detected
Steal ticks since vm start: 0
Steal ticks percentage since vm start:  0.000

CPU:total 4 (initial active 4) (2 cores per cpu, 2 threads per core) family 6 model 106 stepping 6 microcode 0xffffffff, cmov, cx8, fxsr, mmx, sse, sse2, sse3, ssse3, sse4.1, sse4.2, popcnt, avx, avx2, aes, clmul, erms, rtm, 3dnowpref, lzcnt, ht, tsc, bmi1, bmi2, adx, evex, sha, fma
CPU Model and flags from /proc/cpuinfo:
model name	: Intel(R) Xeon(R) Platinum 8370C CPU @ 2.80GHz
flags		: fpu vme de pse tsc msr pae mce cx8 apic sep mtrr pge mca cmov pat pse36 clflush mmx fxsr sse sse2 ss ht syscall nx pdpe1gb rdtscp lm constant_tsc rep_good nopl xtopology cpuid tsc_known_freq pni pclmulqdq vmx ssse3 fma cx16 pcid sse4_1 sse4_2 movbe popcnt aes xsave avx f16c rdrand hypervisor lahf_lm abm 3dnowprefetch tpr_shadow ept vpid ept_ad fsgsbase bmi1 hle avx2 smep bmi2 erms invpcid rtm avx512f avx512dq rdseed adx smap avx512ifma clflushopt clwb avx512cd sha_ni avx512bw avx512vl xsaveopt xsavec xgetbv1 xsaves vnmi avx512vbmi umip avx512_vbmi2 gfni vaes vpclmulqdq avx512_vnni avx512_bitalg avx512_vpopcntdq rdpid fsrm arch_capabilities
Online cpus:
0-3
Offline cpus:

BIOS frequency limitation:
<Not Available>
Frequency switch latency (ns):
<Not Available>
Available cpu frequencies:
<Not Available>
Current governor:
<Not Available>
Core performance/turbo boost:
<Not Available>

Memory: 4k page, physical 32870368k(3065032k free), swap 32870364k(32869840k free)

vm_info: OpenJDK 64-Bit Server VM (11.0.27+6-post-Ubuntu-0ubuntu122.04) for linux-amd64 JRE (11.0.27+6-post-Ubuntu-0ubuntu122.04), built on Apr 21 2025 05:59:45 by "unknown" with gcc 11.4.0

END.
